[arm] 0030m/W500/warm seed=17031 batch=16384 loss=cross_entropy fitted=0 cuda_free_gib=13.36
[fit] 0030m/W500/warm p1 step=125/500 loss=0.204658 lr=0.00086
[fit] 0030m/W500/warm p2 step=125/500 loss=0.233303 lr=0.00086
[eval] 0030m/W500/warm/125 exploitability=0.00855984 eval_s=18.9
[fit] 0030m/W500/warm p1 step=250/500 loss=0.206214 lr=0.00051
[fit] 0030m/W500/warm p2 step=250/500 loss=0.234453 lr=0.00051
[eval] 0030m/W500/warm/250 exploitability=0.00809934 eval_s=18.7
[fit] 0030m/W500/warm p1 step=375/500 loss=0.20402 lr=0.00016
[fit] 0030m/W500/warm p2 step=375/500 loss=0.233743 lr=0.00016
[eval] 0030m/W500/warm/375 exploitability=0.00697232 eval_s=18.7
[fit] 0030m/W500/warm p1 step=500/500 loss=0.205001 lr=1e-05
[fit] 0030m/W500/warm p2 step=500/500 loss=0.236495 lr=1e-05
[eval] 0030m/W500/warm/500 exploitability=0.00726001 eval_s=18.8
[arm] 0030m/W1k/warm seed=17031 batch=16384 loss=cross_entropy fitted=0 cuda_free_gib=13.16
[fit] 0030m/W1k/warm p1 step=250/1000 loss=0.204278 lr=0.00086
[fit] 0030m/W1k/warm p2 step=250/1000 loss=0.234415 lr=0.00086
[eval] 0030m/W1k/warm/250 exploitability=0.00762734 eval_s=18.7
[fit] 0030m/W1k/warm p1 step=500/1000 loss=0.210412 lr=0.00051
[fit] 0030m/W1k/warm p2 step=500/1000 loss=0.236117 lr=0.00051
[eval] 0030m/W1k/warm/500 exploitability=0.00904951 eval_s=18.8
[fit] 0030m/W1k/warm p1 step=750/1000 loss=0.209323 lr=0.00016
[fit] 0030m/W1k/warm p2 step=750/1000 loss=0.233785 lr=0.00016
[eval] 0030m/W1k/warm/750 exploitability=0.00705715 eval_s=18.8
[fit] 0030m/W1k/warm p1 step=1000/1000 loss=0.208809 lr=1e-05
[fit] 0030m/W1k/warm p2 step=1000/1000 loss=0.22871 lr=1e-05
[eval] 0030m/W1k/warm/1000 exploitability=0.00688710 eval_s=18.9
[arm] 0030m/W2k/warm seed=17031 batch=16384 loss=cross_entropy fitted=0 cuda_free_gib=13.16
[fit] 0030m/W2k/warm p1 step=250/2000 loss=0.20424 lr=0.00096
[fit] 0030m/W2k/warm p1 step=500/2000 loss=0.211604 lr=0.00086
[fit] 0030m/W2k/warm p2 step=250/2000 loss=0.233887 lr=0.00096
[fit] 0030m/W2k/warm p2 step=500/2000 loss=0.23602 lr=0.00086
[eval] 0030m/W2k/warm/500 exploitability=0.00877391 eval_s=18.6
[fit] 0030m/W2k/warm p1 step=750/2000 loss=0.209273 lr=0.00069
[fit] 0030m/W2k/warm p1 step=1000/2000 loss=0.208832 lr=0.00051
[fit] 0030m/W2k/warm p2 step=750/2000 loss=0.226358 lr=0.00069
[fit] 0030m/W2k/warm p2 step=1000/2000 loss=0.228061 lr=0.00051
[eval] 0030m/W2k/warm/1000 exploitability=0.00846779 eval_s=18.8
[fit] 0030m/W2k/warm p1 step=1250/2000 loss=0.20349 lr=0.00032
[fit] 0030m/W2k/warm p1 step=1500/2000 loss=0.199764 lr=0.00016
[fit] 0030m/W2k/warm p2 step=1250/2000 loss=0.22932 lr=0.00032
[fit] 0030m/W2k/warm p2 step=1500/2000 loss=0.233877 lr=0.00016
[eval] 0030m/W2k/warm/1500 exploitability=0.00671301 eval_s=18.9
[fit] 0030m/W2k/warm p1 step=1750/2000 loss=0.207947 lr=4.8e-05
[fit] 0030m/W2k/warm p1 step=2000/2000 loss=0.202516 lr=1e-05
[fit] 0030m/W2k/warm p2 step=1750/2000 loss=0.229412 lr=4.8e-05
[fit] 0030m/W2k/warm p2 step=2000/2000 loss=0.228431 lr=1e-05
[eval] 0030m/W2k/warm/2000 exploitability=0.00669874 eval_s=18.8
[arm] 0030m/L1k/warm seed=17031 batch=16384 loss=cross_entropy fitted=0 cuda_free_gib=14.37
[fit] 0030m/L1k/warm p1 step=250/1000 loss=0.20431 lr=0.00026
[fit] 0030m/L1k/warm p2 step=250/1000 loss=0.234936 lr=0.00026
[eval] 0030m/L1k/warm/250 exploitability=0.00791139 eval_s=18.6
[fit] 0030m/L1k/warm p1 step=500/1000 loss=0.210543 lr=0.00015
[fit] 0030m/L1k/warm p2 step=500/1000 loss=0.236867 lr=0.00015
[eval] 0030m/L1k/warm/500 exploitability=0.00737580 eval_s=18.7
[fit] 0030m/L1k/warm p1 step=750/1000 loss=0.209487 lr=4.5e-05
[fit] 0030m/L1k/warm p2 step=750/1000 loss=0.234597 lr=4.5e-05
[eval] 0030m/L1k/warm/750 exploitability=0.00736632 eval_s=18.8
[fit] 0030m/L1k/warm p1 step=1000/1000 loss=0.209028 lr=1e-06
[fit] 0030m/L1k/warm p2 step=1000/1000 loss=0.229668 lr=1e-06
[eval] 0030m/L1k/warm/1000 exploitability=0.00718148 eval_s=18.7
[arm] 0030m/L5k/warm seed=17031 batch=16384 loss=cross_entropy fitted=0 cuda_free_gib=14.37
[fit] 0030m/L5k/warm p1 step=250/5000 loss=0.204308 lr=0.0003
[fit] 0030m/L5k/warm p1 step=500/5000 loss=0.211716 lr=0.00029
[fit] 0030m/L5k/warm p1 step=750/5000 loss=0.210474 lr=0.00028
[fit] 0030m/L5k/warm p1 step=1000/5000 loss=0.20644 lr=0.00027
[fit] 0030m/L5k/warm p1 step=1250/5000 loss=0.209359 lr=0.00026
[fit] 0030m/L5k/warm p2 step=250/5000 loss=0.234917 lr=0.0003
[fit] 0030m/L5k/warm p2 step=500/5000 loss=0.227808 lr=0.00029
[fit] 0030m/L5k/warm p2 step=750/5000 loss=0.22946 lr=0.00028
[fit] 0030m/L5k/warm p2 step=1000/5000 loss=0.228813 lr=0.00027
[fit] 0030m/L5k/warm p2 step=1250/5000 loss=0.23265 lr=0.00026
[eval] 0030m/L5k/warm/1250 exploitability=0.00796651 eval_s=18.7
[fit] 0030m/L5k/warm p1 step=1500/5000 loss=0.206188 lr=0.00024
[fit] 0030m/L5k/warm p1 step=1750/5000 loss=0.204448 lr=0.00022
[fit] 0030m/L5k/warm p1 step=2000/5000 loss=0.208159 lr=0.0002
[fit] 0030m/L5k/warm p1 step=2250/5000 loss=0.202653 lr=0.00017
[fit] 0030m/L5k/warm p1 step=2500/5000 loss=0.211518 lr=0.00015
[fit] 0030m/L5k/warm p2 step=1500/5000 loss=0.229691 lr=0.00024
[fit] 0030m/L5k/warm p2 step=1750/5000 loss=0.224383 lr=0.00022
[fit] 0030m/L5k/warm p2 step=2000/5000 loss=0.232449 lr=0.0002
[fit] 0030m/L5k/warm p2 step=2250/5000 loss=0.227469 lr=0.00017
[fit] 0030m/L5k/warm p2 step=2500/5000 loss=0.230979 lr=0.00015
[eval] 0030m/L5k/warm/2500 exploitability=0.00701251 eval_s=19.2
[fit] 0030m/L5k/warm p1 step=2750/5000 loss=0.211192 lr=0.00013
[fit] 0030m/L5k/warm p1 step=3000/5000 loss=0.208476 lr=0.0001
[fit] 0030m/L5k/warm p1 step=3250/5000 loss=0.202992 lr=8.3e-05
[fit] 0030m/L5k/warm p1 step=3500/5000 loss=0.208604 lr=6.3e-05
[fit] 0030m/L5k/warm p1 step=3750/5000 loss=0.211816 lr=4.5e-05
[fit] 0030m/L5k/warm p2 step=2750/5000 loss=0.230358 lr=0.00013
[fit] 0030m/L5k/warm p2 step=3000/5000 loss=0.23053 lr=0.0001
[fit] 0030m/L5k/warm p2 step=3250/5000 loss=0.225767 lr=8.3e-05
[fit] 0030m/L5k/warm p2 step=3500/5000 loss=0.224273 lr=6.3e-05
[fit] 0030m/L5k/warm p2 step=3750/5000 loss=0.225238 lr=4.5e-05
[eval] 0030m/L5k/warm/3750 exploitability=0.00712148 eval_s=19.3
[fit] 0030m/L5k/warm p1 step=4000/5000 loss=0.207092 lr=3e-05
[fit] 0030m/L5k/warm p1 step=4250/5000 loss=0.208728 lr=1.7e-05
[fit] 0030m/L5k/warm p1 step=4500/5000 loss=0.203091 lr=8.3e-06
[fit] 0030m/L5k/warm p1 step=4750/5000 loss=0.203705 lr=2.8e-06
[fit] 0030m/L5k/warm p1 step=5000/5000 loss=0.207539 lr=1e-06
[fit] 0030m/L5k/warm p2 step=4000/5000 loss=0.224111 lr=3e-05
[fit] 0030m/L5k/warm p2 step=4250/5000 loss=0.226617 lr=1.7e-05
[fit] 0030m/L5k/warm p2 step=4500/5000 loss=0.230313 lr=8.3e-06
[fit] 0030m/L5k/warm p2 step=4750/5000 loss=0.230408 lr=2.8e-06
[fit] 0030m/L5k/warm p2 step=5000/5000 loss=0.230821 lr=1e-06
[eval] 0030m/L5k/warm/5000 exploitability=0.00640984 eval_s=19.4
[arm] 0030m/R5k/warm_reset seed=17031 batch=16384 loss=cross_entropy fitted=0 cuda_free_gib=3.40
[fit] 0030m/R5k/warm_reset p1 step=250/5000 loss=0.204289 lr=0.00099
[fit] 0030m/R5k/warm_reset p1 step=500/5000 loss=0.211484 lr=0.00098
[fit] 0030m/R5k/warm_reset p1 step=750/5000 loss=0.210146 lr=0.00095
[fit] 0030m/R5k/warm_reset p1 step=1000/5000 loss=0.205994 lr=0.00091
[fit] 0030m/R5k/warm_reset p1 step=1250/5000 loss=0.208948 lr=0.00086
[fit] 0030m/R5k/warm_reset p2 step=250/5000 loss=0.234336 lr=0.00099
[fit] 0030m/R5k/warm_reset p2 step=500/5000 loss=0.226063 lr=0.00098
[fit] 0030m/R5k/warm_reset p2 step=750/5000 loss=0.227426 lr=0.00095
[fit] 0030m/R5k/warm_reset p2 step=1000/5000 loss=0.226248 lr=0.00091
[fit] 0030m/R5k/warm_reset p2 step=1250/5000 loss=0.229995 lr=0.00086
[eval] 0030m/R5k/warm_reset/1250 exploitability=0.00985099 eval_s=19.2
[fit] 0030m/R5k/warm_reset p1 step=1500/5000 loss=0.205569 lr=0.0008
[fit] 0030m/R5k/warm_reset p1 step=1750/5000 loss=0.203662 lr=0.00073
[fit] 0030m/R5k/warm_reset p1 step=2000/5000 loss=0.207424 lr=0.00066
[fit] 0030m/R5k/warm_reset p1 step=2250/5000 loss=0.201889 lr=0.00058
[fit] 0030m/R5k/warm_reset p1 step=2500/5000 loss=0.210683 lr=0.00051
[fit] 0030m/R5k/warm_reset p2 step=1500/5000 loss=0.226952 lr=0.0008
[fit] 0030m/R5k/warm_reset p2 step=1750/5000 loss=0.221614 lr=0.00073
[fit] 0030m/R5k/warm_reset p2 step=2000/5000 loss=0.229385 lr=0.00066
[fit] 0030m/R5k/warm_reset p2 step=2250/5000 loss=0.224065 lr=0.00058
[fit] 0030m/R5k/warm_reset p2 step=2500/5000 loss=0.228109 lr=0.00051
[eval] 0030m/R5k/warm_reset/2500 exploitability=0.00920130 eval_s=19.3
[fit] 0030m/R5k/warm_reset p1 step=2750/5000 loss=0.210354 lr=0.00043
[fit] 0030m/R5k/warm_reset p1 step=3000/5000 loss=0.207588 lr=0.00035
[fit] 0030m/R5k/warm_reset p1 step=3250/5000 loss=0.202361 lr=0.00028
[fit] 0030m/R5k/warm_reset p1 step=3500/5000 loss=0.207858 lr=0.00021
[fit] 0030m/R5k/warm_reset p1 step=3750/5000 loss=0.210502 lr=0.00016
[fit] 0030m/R5k/warm_reset p2 step=2750/5000 loss=0.227053 lr=0.00043
[fit] 0030m/R5k/warm_reset p2 step=3000/5000 loss=0.227372 lr=0.00035
[fit] 0030m/R5k/warm_reset p2 step=3250/5000 loss=0.222432 lr=0.00028
[fit] 0030m/R5k/warm_reset p2 step=3500/5000 loss=0.221254 lr=0.00021
[fit] 0030m/R5k/warm_reset p2 step=3750/5000 loss=0.2219 lr=0.00016
[eval] 0030m/R5k/warm_reset/3750 exploitability=0.00692727 eval_s=19.3
[fit] 0030m/R5k/warm_reset p1 step=4000/5000 loss=0.206469 lr=0.0001
[fit] 0030m/R5k/warm_reset p1 step=4250/5000 loss=0.207953 lr=6.4e-05
[fit] 0030m/R5k/warm_reset p1 step=4500/5000 loss=0.201945 lr=3.4e-05
[fit] 0030m/R5k/warm_reset p1 step=4750/5000 loss=0.203029 lr=1.6e-05
[fit] 0030m/R5k/warm_reset p1 step=5000/5000 loss=0.206894 lr=1e-05
[fit] 0030m/R5k/warm_reset p2 step=4000/5000 loss=0.220597 lr=0.0001
[fit] 0030m/R5k/warm_reset p2 step=4250/5000 loss=0.223201 lr=6.4e-05
[fit] 0030m/R5k/warm_reset p2 step=4500/5000 loss=0.226793 lr=3.4e-05
[fit] 0030m/R5k/warm_reset p2 step=4750/5000 loss=0.227238 lr=1.6e-05
[fit] 0030m/R5k/warm_reset p2 step=5000/5000 loss=0.227523 lr=1e-05
[eval] 0030m/R5k/warm_reset/5000 exploitability=0.00577372 eval_s=19.3
[arm] 0030m/R1k_constant/warm_reset seed=17031 batch=16384 loss=cross_entropy fitted=0 cuda_free_gib=3.40
[fit] 0030m/R1k_constant/warm_reset p1 step=250/1000 loss=0.204292 lr=0.001
[fit] 0030m/R1k_constant/warm_reset p2 step=250/1000 loss=0.234146 lr=0.001
[eval] 0030m/R1k_constant/warm_reset/250 exploitability=0.01161171 eval_s=19.2
[fit] 0030m/R1k_constant/warm_reset p1 step=500/1000 loss=0.210317 lr=0.001
[fit] 0030m/R1k_constant/warm_reset p1 step=750/1000 loss=0.206151 lr=0.001
[fit] 0030m/R1k_constant/warm_reset p1 step=1000/1000 loss=0.209094 lr=0.001
[fit] 0030m/R1k_constant/warm_reset p2 step=500/1000 loss=0.233209 lr=0.001
[fit] 0030m/R1k_constant/warm_reset p2 step=750/1000 loss=0.225079 lr=0.001
[fit] 0030m/R1k_constant/warm_reset p2 step=1000/1000 loss=0.226691 lr=0.001
[eval] 0030m/R1k_constant/warm_reset/1000 exploitability=0.01293622 eval_s=19.2
[arm] 0030m/F40k/fresh seed=17031 batch=16384 loss=cross_entropy fitted=0 cuda_free_gib=3.40
[fit] 0030m/F40k/fresh p1 step=250/40000 loss=0.274687 lr=0.001
[fit] 0030m/F40k/fresh p1 step=500/40000 loss=0.235668 lr=0.001
[fit] 0030m/F40k/fresh p1 step=750/40000 loss=0.221795 lr=0.001
[fit] 0030m/F40k/fresh p1 step=1000/40000 loss=0.213155 lr=0.001
[fit] 0030m/F40k/fresh p1 step=1250/40000 loss=0.213997 lr=0.001
[fit] 0030m/F40k/fresh p1 step=1500/40000 loss=0.212681 lr=0.001
[fit] 0030m/F40k/fresh p1 step=1750/40000 loss=0.212096 lr=0.001
[fit] 0030m/F40k/fresh p1 step=2000/40000 loss=0.20877 lr=0.00099
[fit] 0030m/F40k/fresh p1 step=2250/40000 loss=0.204932 lr=0.00099
[fit] 0030m/F40k/fresh p1 step=2500/40000 loss=0.201311 lr=0.00099
[fit] 0030m/F40k/fresh p1 step=2750/40000 loss=0.207638 lr=0.00099
[fit] 0030m/F40k/fresh p1 step=3000/40000 loss=0.205656 lr=0.00099
[fit] 0030m/F40k/fresh p1 step=3250/40000 loss=0.209208 lr=0.00098
[fit] 0030m/F40k/fresh p1 step=3500/40000 loss=0.203431 lr=0.00098
[fit] 0030m/F40k/fresh p1 step=3750/40000 loss=0.212143 lr=0.00098
[fit] 0030m/F40k/fresh p1 step=4000/40000 loss=0.204737 lr=0.00098
[fit] 0030m/F40k/fresh p1 step=4250/40000 loss=0.20648 lr=0.00097
[fit] 0030m/F40k/fresh p1 step=4500/40000 loss=0.20553 lr=0.00097
[fit] 0030m/F40k/fresh p1 step=4750/40000 loss=0.211219 lr=0.00097
[fit] 0030m/F40k/fresh p1 step=5000/40000 loss=0.207813 lr=0.00096
[fit] 0030m/F40k/fresh p1 step=5250/40000 loss=0.211203 lr=0.00096
[fit] 0030m/F40k/fresh p1 step=5500/40000 loss=0.208528 lr=0.00095
[fit] 0030m/F40k/fresh p1 step=5750/40000 loss=0.203116 lr=0.00095
[fit] 0030m/F40k/fresh p1 step=6000/40000 loss=0.208332 lr=0.00095
[fit] 0030m/F40k/fresh p1 step=6250/40000 loss=0.211464 lr=0.00094
[fit] 0030m/F40k/fresh p1 step=6500/40000 loss=0.208247 lr=0.00094
[fit] 0030m/F40k/fresh p1 step=6750/40000 loss=0.211102 lr=0.00093
[fit] 0030m/F40k/fresh p1 step=7000/40000 loss=0.207221 lr=0.00093
[fit] 0030m/F40k/fresh p1 step=7250/40000 loss=0.205658 lr=0.00092
[fit] 0030m/F40k/fresh p1 step=7500/40000 loss=0.207739 lr=0.00092
[fit] 0030m/F40k/fresh p1 step=7750/40000 loss=0.206889 lr=0.00091
[fit] 0030m/F40k/fresh p1 step=8000/40000 loss=0.208104 lr=0.00091
[fit] 0030m/F40k/fresh p1 step=8250/40000 loss=0.202415 lr=0.0009
[fit] 0030m/F40k/fresh p1 step=8500/40000 loss=0.203439 lr=0.00089
[fit] 0030m/F40k/fresh p1 step=8750/40000 loss=0.207141 lr=0.00089
[fit] 0030m/F40k/fresh p1 step=9000/40000 loss=0.206211 lr=0.00088
[fit] 0030m/F40k/fresh p1 step=9250/40000 loss=0.208138 lr=0.00088
[fit] 0030m/F40k/fresh p1 step=9500/40000 loss=0.210156 lr=0.00087
[fit] 0030m/F40k/fresh p1 step=9750/40000 loss=0.202844 lr=0.00086
[fit] 0030m/F40k/fresh p1 step=10000/40000 loss=0.206882 lr=0.00086
[fit] 0030m/F40k/fresh p2 step=250/40000 loss=0.331177 lr=0.001
[fit] 0030m/F40k/fresh p2 step=500/40000 loss=0.289419 lr=0.001
[fit] 0030m/F40k/fresh p2 step=750/40000 loss=0.262043 lr=0.001
[fit] 0030m/F40k/fresh p2 step=1000/40000 loss=0.257924 lr=0.001
[fit] 0030m/F40k/fresh p2 step=1250/40000 loss=0.250806 lr=0.001
[fit] 0030m/F40k/fresh p2 step=1500/40000 loss=0.251112 lr=0.001
[fit] 0030m/F40k/fresh p2 step=1750/40000 loss=0.244592 lr=0.001
[fit] 0030m/F40k/fresh p2 step=2000/40000 loss=0.244238 lr=0.00099
[fit] 0030m/F40k/fresh p2 step=2250/40000 loss=0.234385 lr=0.00099
[fit] 0030m/F40k/fresh p2 step=2500/40000 loss=0.234996 lr=0.00099
[fit] 0030m/F40k/fresh p2 step=2750/40000 loss=0.240469 lr=0.00099
[fit] 0030m/F40k/fresh p2 step=3000/40000 loss=0.238808 lr=0.00099
[fit] 0030m/F40k/fresh p2 step=3250/40000 loss=0.23606 lr=0.00098
[fit] 0030m/F40k/fresh p2 step=3500/40000 loss=0.240159 lr=0.00098
[fit] 0030m/F40k/fresh p2 step=3750/40000 loss=0.233112 lr=0.00098
[fit] 0030m/F40k/fresh p2 step=4000/40000 loss=0.23264 lr=0.00098
[fit] 0030m/F40k/fresh p2 step=4250/40000 loss=0.231515 lr=0.00097
[fit] 0030m/F40k/fresh p2 step=4500/40000 loss=0.236957 lr=0.00097
[fit] 0030m/F40k/fresh p2 step=4750/40000 loss=0.230754 lr=0.00097
[fit] 0030m/F40k/fresh p2 step=5000/40000 loss=0.227163 lr=0.00096
[fit] 0030m/F40k/fresh p2 step=5250/40000 loss=0.229838 lr=0.00096
[fit] 0030m/F40k/fresh p2 step=5500/40000 loss=0.236528 lr=0.00095
[fit] 0030m/F40k/fresh p2 step=5750/40000 loss=0.238786 lr=0.00095
[fit] 0030m/F40k/fresh p2 step=6000/40000 loss=0.229215 lr=0.00095
[fit] 0030m/F40k/fresh p2 step=6250/40000 loss=0.230648 lr=0.00094
[fit] 0030m/F40k/fresh p2 step=6500/40000 loss=0.229154 lr=0.00094
[fit] 0030m/F40k/fresh p2 step=6750/40000 loss=0.228923 lr=0.00093
[fit] 0030m/F40k/fresh p2 step=7000/40000 loss=0.226071 lr=0.00093
[fit] 0030m/F40k/fresh p2 step=7250/40000 loss=0.228747 lr=0.00092
[fit] 0030m/F40k/fresh p2 step=7500/40000 loss=0.226992 lr=0.00092
[fit] 0030m/F40k/fresh p2 step=7750/40000 loss=0.227722 lr=0.00091
[fit] 0030m/F40k/fresh p2 step=8000/40000 loss=0.22809 lr=0.00091
[fit] 0030m/F40k/fresh p2 step=8250/40000 loss=0.23221 lr=0.0009
[fit] 0030m/F40k/fresh p2 step=8500/40000 loss=0.231089 lr=0.00089
[fit] 0030m/F40k/fresh p2 step=8750/40000 loss=0.227669 lr=0.00089
[fit] 0030m/F40k/fresh p2 step=9000/40000 loss=0.226964 lr=0.00088
[fit] 0030m/F40k/fresh p2 step=9250/40000 loss=0.22391 lr=0.00088
[fit] 0030m/F40k/fresh p2 step=9500/40000 loss=0.227672 lr=0.00087
[fit] 0030m/F40k/fresh p2 step=9750/40000 loss=0.220181 lr=0.00086
[fit] 0030m/F40k/fresh p2 step=10000/40000 loss=0.227859 lr=0.00086
[eval] 0030m/F40k/fresh/10000 exploitability=0.01171782 eval_s=19.4
[fit] 0030m/F40k/fresh p1 step=10250/40000 loss=0.204983 lr=0.00085
[fit] 0030m/F40k/fresh p1 step=10500/40000 loss=0.207208 lr=0.00084
[fit] 0030m/F40k/fresh p1 step=10750/40000 loss=0.203451 lr=0.00083
[fit] 0030m/F40k/fresh p1 step=11000/40000 loss=0.20161 lr=0.00083
[fit] 0030m/F40k/fresh p1 step=11250/40000 loss=0.204652 lr=0.00082
[fit] 0030m/F40k/fresh p1 step=11500/40000 loss=0.205913 lr=0.00081
[fit] 0030m/F40k/fresh p1 step=11750/40000 loss=0.201279 lr=0.0008
[fit] 0030m/F40k/fresh p1 step=12000/40000 loss=0.202852 lr=0.0008
[fit] 0030m/F40k/fresh p1 step=12250/40000 loss=0.207157 lr=0.00079
[fit] 0030m/F40k/fresh p1 step=12500/40000 loss=0.204224 lr=0.00078
[fit] 0030m/F40k/fresh p1 step=12750/40000 loss=0.209603 lr=0.00077
[fit] 0030m/F40k/fresh p1 step=13000/40000 loss=0.20393 lr=0.00076
[fit] 0030m/F40k/fresh p1 step=13250/40000 loss=0.210102 lr=0.00076
[fit] 0030m/F40k/fresh p1 step=13500/40000 loss=0.204004 lr=0.00075
[fit] 0030m/F40k/fresh p1 step=13750/40000 loss=0.204602 lr=0.00074
[fit] 0030m/F40k/fresh p1 step=14000/40000 loss=0.203567 lr=0.00073
[fit] 0030m/F40k/fresh p1 step=14250/40000 loss=0.20356 lr=0.00072
[fit] 0030m/F40k/fresh p1 step=14500/40000 loss=0.208704 lr=0.00071
[fit] 0030m/F40k/fresh p1 step=14750/40000 loss=0.205454 lr=0.0007
[fit] 0030m/F40k/fresh p1 step=15000/40000 loss=0.214952 lr=0.00069
[fit] 0030m/F40k/fresh p1 step=15250/40000 loss=0.205339 lr=0.00069
[fit] 0030m/F40k/fresh p1 step=15500/40000 loss=0.203415 lr=0.00068
[fit] 0030m/F40k/fresh p1 step=15750/40000 loss=0.211594 lr=0.00067
[fit] 0030m/F40k/fresh p1 step=16000/40000 loss=0.201543 lr=0.00066
[fit] 0030m/F40k/fresh p1 step=16250/40000 loss=0.211053 lr=0.00065
[fit] 0030m/F40k/fresh p1 step=16500/40000 loss=0.209883 lr=0.00064
[fit] 0030m/F40k/fresh p1 step=16750/40000 loss=0.204534 lr=0.00063
[fit] 0030m/F40k/fresh p1 step=17000/40000 loss=0.201807 lr=0.00062
[fit] 0030m/F40k/fresh p1 step=17250/40000 loss=0.207554 lr=0.00061
[fit] 0030m/F40k/fresh p1 step=17500/40000 loss=0.202659 lr=0.0006
[fit] 0030m/F40k/fresh p1 step=17750/40000 loss=0.207286 lr=0.00059
[fit] 0030m/F40k/fresh p1 step=18000/40000 loss=0.205633 lr=0.00058
[fit] 0030m/F40k/fresh p1 step=18250/40000 loss=0.205688 lr=0.00057
[fit] 0030m/F40k/fresh p1 step=18500/40000 loss=0.206788 lr=0.00056
[fit] 0030m/F40k/fresh p1 step=18750/40000 loss=0.206061 lr=0.00055
[fit] 0030m/F40k/fresh p1 step=19000/40000 loss=0.205306 lr=0.00054
[fit] 0030m/F40k/fresh p1 step=19250/40000 loss=0.201872 lr=0.00053
[fit] 0030m/F40k/fresh p1 step=19500/40000 loss=0.202505 lr=0.00052
[fit] 0030m/F40k/fresh p1 step=19750/40000 loss=0.206186 lr=0.00051
[fit] 0030m/F40k/fresh p1 step=20000/40000 loss=0.203543 lr=0.00051
[fit] 0030m/F40k/fresh p2 step=10250/40000 loss=0.229959 lr=0.00085
[fit] 0030m/F40k/fresh p2 step=10500/40000 loss=0.229921 lr=0.00084
[fit] 0030m/F40k/fresh p2 step=10750/40000 loss=0.221168 lr=0.00083
[fit] 0030m/F40k/fresh p2 step=11000/40000 loss=0.222726 lr=0.00083
[fit] 0030m/F40k/fresh p2 step=11250/40000 loss=0.21866 lr=0.00082
[fit] 0030m/F40k/fresh p2 step=11500/40000 loss=0.226395 lr=0.00081
[fit] 0030m/F40k/fresh p2 step=11750/40000 loss=0.226723 lr=0.0008
[fit] 0030m/F40k/fresh p2 step=12000/40000 loss=0.228571 lr=0.0008
[fit] 0030m/F40k/fresh p2 step=12250/40000 loss=0.226418 lr=0.00079
[fit] 0030m/F40k/fresh p2 step=12500/40000 loss=0.225621 lr=0.00078
[fit] 0030m/F40k/fresh p2 step=12750/40000 loss=0.230462 lr=0.00077
[fit] 0030m/F40k/fresh p2 step=13000/40000 loss=0.22492 lr=0.00076
[fit] 0030m/F40k/fresh p2 step=13250/40000 loss=0.224964 lr=0.00076
[fit] 0030m/F40k/fresh p2 step=13500/40000 loss=0.226137 lr=0.00075
[fit] 0030m/F40k/fresh p2 step=13750/40000 loss=0.22457 lr=0.00074
[fit] 0030m/F40k/fresh p2 step=14000/40000 loss=0.229217 lr=0.00073
[fit] 0030m/F40k/fresh p2 step=14250/40000 loss=0.230234 lr=0.00072
[fit] 0030m/F40k/fresh p2 step=14500/40000 loss=0.226122 lr=0.00071
[fit] 0030m/F40k/fresh p2 step=14750/40000 loss=0.230996 lr=0.0007
[fit] 0030m/F40k/fresh p2 step=15000/40000 loss=0.228928 lr=0.00069
[fit] 0030m/F40k/fresh p2 step=15250/40000 loss=0.232524 lr=0.00069
[fit] 0030m/F40k/fresh p2 step=15500/40000 loss=0.22779 lr=0.00068
[fit] 0030m/F40k/fresh p2 step=15750/40000 loss=0.224342 lr=0.00067
[fit] 0030m/F40k/fresh p2 step=16000/40000 loss=0.216339 lr=0.00066
[fit] 0030m/F40k/fresh p2 step=16250/40000 loss=0.226871 lr=0.00065
[fit] 0030m/F40k/fresh p2 step=16500/40000 loss=0.229239 lr=0.00064
[fit] 0030m/F40k/fresh p2 step=16750/40000 loss=0.224597 lr=0.00063
[fit] 0030m/F40k/fresh p2 step=17000/40000 loss=0.223425 lr=0.00062
[fit] 0030m/F40k/fresh p2 step=17250/40000 loss=0.22264 lr=0.00061
[fit] 0030m/F40k/fresh p2 step=17500/40000 loss=0.233075 lr=0.0006
[fit] 0030m/F40k/fresh p2 step=17750/40000 loss=0.225367 lr=0.00059
[fit] 0030m/F40k/fresh p2 step=18000/40000 loss=0.225573 lr=0.00058
[fit] 0030m/F40k/fresh p2 step=18250/40000 loss=0.226636 lr=0.00057
[fit] 0030m/F40k/fresh p2 step=18500/40000 loss=0.22642 lr=0.00056
[fit] 0030m/F40k/fresh p2 step=18750/40000 loss=0.220732 lr=0.00055
[fit] 0030m/F40k/fresh p2 step=19000/40000 loss=0.222596 lr=0.00054
[fit] 0030m/F40k/fresh p2 step=19250/40000 loss=0.220213 lr=0.00053
[fit] 0030m/F40k/fresh p2 step=19500/40000 loss=0.229252 lr=0.00052
[fit] 0030m/F40k/fresh p2 step=19750/40000 loss=0.224481 lr=0.00051
[fit] 0030m/F40k/fresh p2 step=20000/40000 loss=0.221602 lr=0.00051
[eval] 0030m/F40k/fresh/20000 exploitability=0.01110893 eval_s=19.5
[fit] 0030m/F40k/fresh p1 step=20250/40000 loss=0.207941 lr=0.0005
[fit] 0030m/F40k/fresh p1 step=20500/40000 loss=0.207941 lr=0.00049
[fit] 0030m/F40k/fresh p1 step=20750/40000 loss=0.210274 lr=0.00048
[fit] 0030m/F40k/fresh p1 step=21000/40000 loss=0.206674 lr=0.00047
[fit] 0030m/F40k/fresh p1 step=21250/40000 loss=0.20165 lr=0.00046
[fit] 0030m/F40k/fresh p1 step=21500/40000 loss=0.205566 lr=0.00045
[fit] 0030m/F40k/fresh p1 step=21750/40000 loss=0.203818 lr=0.00044
[fit] 0030m/F40k/fresh p1 step=22000/40000 loss=0.209881 lr=0.00043
[fit] 0030m/F40k/fresh p1 step=22250/40000 loss=0.205432 lr=0.00042
[fit] 0030m/F40k/fresh p1 step=22500/40000 loss=0.201859 lr=0.00041
[fit] 0030m/F40k/fresh p1 step=22750/40000 loss=0.201444 lr=0.0004
[fit] 0030m/F40k/fresh p1 step=23000/40000 loss=0.207593 lr=0.00039
[fit] 0030m/F40k/fresh p1 step=23250/40000 loss=0.201835 lr=0.00038
[fit] 0030m/F40k/fresh p1 step=23500/40000 loss=0.201319 lr=0.00037
[fit] 0030m/F40k/fresh p1 step=23750/40000 loss=0.20454 lr=0.00036
[fit] 0030m/F40k/fresh p1 step=24000/40000 loss=0.206903 lr=0.00035
[fit] 0030m/F40k/fresh p1 step=24250/40000 loss=0.196539 lr=0.00034
[fit] 0030m/F40k/fresh p1 step=24500/40000 loss=0.208437 lr=0.00033
[fit] 0030m/F40k/fresh p1 step=24750/40000 loss=0.211652 lr=0.00032
[fit] 0030m/F40k/fresh p1 step=25000/40000 loss=0.202208 lr=0.00032
[fit] 0030m/F40k/fresh p1 step=25250/40000 loss=0.212077 lr=0.00031
[fit] 0030m/F40k/fresh p1 step=25500/40000 loss=0.211909 lr=0.0003
[fit] 0030m/F40k/fresh p1 step=25750/40000 loss=0.208056 lr=0.00029
[fit] 0030m/F40k/fresh p1 step=26000/40000 loss=0.207205 lr=0.00028
[fit] 0030m/F40k/fresh p1 step=26250/40000 loss=0.206792 lr=0.00027
[fit] 0030m/F40k/fresh p1 step=26500/40000 loss=0.203883 lr=0.00026
[fit] 0030m/F40k/fresh p1 step=26750/40000 loss=0.204152 lr=0.00025
[fit] 0030m/F40k/fresh p1 step=27000/40000 loss=0.203584 lr=0.00025
[fit] 0030m/F40k/fresh p1 step=27250/40000 loss=0.204477 lr=0.00024
[fit] 0030m/F40k/fresh p1 step=27500/40000 loss=0.213018 lr=0.00023
[fit] 0030m/F40k/fresh p1 step=27750/40000 loss=0.206331 lr=0.00022
[fit] 0030m/F40k/fresh p1 step=28000/40000 loss=0.206156 lr=0.00021
[fit] 0030m/F40k/fresh p1 step=28250/40000 loss=0.202882 lr=0.00021
[fit] 0030m/F40k/fresh p1 step=28500/40000 loss=0.207161 lr=0.0002
[fit] 0030m/F40k/fresh p1 step=28750/40000 loss=0.207238 lr=0.00019
[fit] 0030m/F40k/fresh p1 step=29000/40000 loss=0.203432 lr=0.00018
[fit] 0030m/F40k/fresh p1 step=29250/40000 loss=0.203234 lr=0.00018
[fit] 0030m/F40k/fresh p1 step=29500/40000 loss=0.204105 lr=0.00017
[fit] 0030m/F40k/fresh p1 step=29750/40000 loss=0.203793 lr=0.00016
[fit] 0030m/F40k/fresh p1 step=30000/40000 loss=0.197262 lr=0.00015
[fit] 0030m/F40k/fresh p1 step=30250/40000 loss=0.198416 lr=0.00015
[fit] 0030m/F40k/fresh p1 step=30500/40000 loss=0.201154 lr=0.00014
[fit] 0030m/F40k/fresh p1 step=30750/40000 loss=0.20665 lr=0.00013
[fit] 0030m/F40k/fresh p1 step=31000/40000 loss=0.205387 lr=0.00013
[fit] 0030m/F40k/fresh p1 step=31250/40000 loss=0.203843 lr=0.00012
[fit] 0030m/F40k/fresh p1 step=31500/40000 loss=0.211467 lr=0.00012
[fit] 0030m/F40k/fresh p1 step=31750/40000 loss=0.20009 lr=0.00011
[fit] 0030m/F40k/fresh p1 step=32000/40000 loss=0.20492 lr=0.0001
[fit] 0030m/F40k/fresh p1 step=32250/40000 loss=0.208736 lr=9.9e-05
[fit] 0030m/F40k/fresh p1 step=32500/40000 loss=0.205058 lr=9.3e-05
[fit] 0030m/F40k/fresh p1 step=32750/40000 loss=0.206697 lr=8.8e-05
[fit] 0030m/F40k/fresh p1 step=33000/40000 loss=0.204608 lr=8.3e-05
[fit] 0030m/F40k/fresh p1 step=33250/40000 loss=0.1974 lr=7.8e-05
[fit] 0030m/F40k/fresh p1 step=33500/40000 loss=0.19851 lr=7.3e-05
[fit] 0030m/F40k/fresh p1 step=33750/40000 loss=0.20462 lr=6.8e-05
[fit] 0030m/F40k/fresh p1 step=34000/40000 loss=0.208011 lr=6.4e-05
[fit] 0030m/F40k/fresh p1 step=34250/40000 loss=0.202071 lr=6e-05
[fit] 0030m/F40k/fresh p1 step=34500/40000 loss=0.204965 lr=5.5e-05
[fit] 0030m/F40k/fresh p1 step=34750/40000 loss=0.202363 lr=5.1e-05
[fit] 0030m/F40k/fresh p1 step=35000/40000 loss=0.204344 lr=4.8e-05
[fit] 0030m/F40k/fresh p1 step=35250/40000 loss=0.208146 lr=4.4e-05
[fit] 0030m/F40k/fresh p1 step=35500/40000 loss=0.200148 lr=4.1e-05
[fit] 0030m/F40k/fresh p1 step=35750/40000 loss=0.204944 lr=3.7e-05
[fit] 0030m/F40k/fresh p1 step=36000/40000 loss=0.202138 lr=3.4e-05
[fit] 0030m/F40k/fresh p1 step=36250/40000 loss=0.206679 lr=3.1e-05
[fit] 0030m/F40k/fresh p1 step=36500/40000 loss=0.200952 lr=2.9e-05
[fit] 0030m/F40k/fresh p1 step=36750/40000 loss=0.204948 lr=2.6e-05
[fit] 0030m/F40k/fresh p1 step=37000/40000 loss=0.203179 lr=2.4e-05
[fit] 0030m/F40k/fresh p1 step=37250/40000 loss=0.196619 lr=2.2e-05
[fit] 0030m/F40k/fresh p1 step=37500/40000 loss=0.200902 lr=2e-05
[fit] 0030m/F40k/fresh p1 step=37750/40000 loss=0.206981 lr=1.8e-05
[fit] 0030m/F40k/fresh p1 step=38000/40000 loss=0.201819 lr=1.6e-05
[fit] 0030m/F40k/fresh p1 step=38250/40000 loss=0.203645 lr=1.5e-05
[fit] 0030m/F40k/fresh p1 step=38500/40000 loss=0.2063 lr=1.3e-05
[fit] 0030m/F40k/fresh p1 step=38750/40000 loss=0.209288 lr=1.2e-05
[fit] 0030m/F40k/fresh p1 step=39000/40000 loss=0.202305 lr=1.2e-05
[fit] 0030m/F40k/fresh p1 step=39250/40000 loss=0.205774 lr=1.1e-05
[fit] 0030m/F40k/fresh p1 step=39500/40000 loss=0.202256 lr=1e-05
[fit] 0030m/F40k/fresh p1 step=39750/40000 loss=0.204186 lr=1e-05
[fit] 0030m/F40k/fresh p1 step=40000/40000 loss=0.199279 lr=1e-05
[fit] 0030m/F40k/fresh p2 step=20250/40000 loss=0.221035 lr=0.0005
[fit] 0030m/F40k/fresh p2 step=20500/40000 loss=0.220564 lr=0.00049
[fit] 0030m/F40k/fresh p2 step=20750/40000 loss=0.228904 lr=0.00048
[fit] 0030m/F40k/fresh p2 step=21000/40000 loss=0.228009 lr=0.00047
[fit] 0030m/F40k/fresh p2 step=21250/40000 loss=0.229193 lr=0.00046
[fit] 0030m/F40k/fresh p2 step=21500/40000 loss=0.22248 lr=0.00045
[fit] 0030m/F40k/fresh p2 step=21750/40000 loss=0.223039 lr=0.00044
[fit] 0030m/F40k/fresh p2 step=22000/40000 loss=0.216209 lr=0.00043
[fit] 0030m/F40k/fresh p2 step=22250/40000 loss=0.224065 lr=0.00042
[fit] 0030m/F40k/fresh p2 step=22500/40000 loss=0.22372 lr=0.00041
[fit] 0030m/F40k/fresh p2 step=22750/40000 loss=0.223372 lr=0.0004
[fit] 0030m/F40k/fresh p2 step=23000/40000 loss=0.229529 lr=0.00039
[fit] 0030m/F40k/fresh p2 step=23250/40000 loss=0.222027 lr=0.00038
[fit] 0030m/F40k/fresh p2 step=23500/40000 loss=0.222683 lr=0.00037
[fit] 0030m/F40k/fresh p2 step=23750/40000 loss=0.225982 lr=0.00036
[fit] 0030m/F40k/fresh p2 step=24000/40000 loss=0.233563 lr=0.00035
[fit] 0030m/F40k/fresh p2 step=24250/40000 loss=0.223986 lr=0.00034
[fit] 0030m/F40k/fresh p2 step=24500/40000 loss=0.224621 lr=0.00033
[fit] 0030m/F40k/fresh p2 step=24750/40000 loss=0.218817 lr=0.00032
[fit] 0030m/F40k/fresh p2 step=25000/40000 loss=0.22481 lr=0.00032
[fit] 0030m/F40k/fresh p2 step=25250/40000 loss=0.224966 lr=0.00031
[fit] 0030m/F40k/fresh p2 step=25500/40000 loss=0.221759 lr=0.0003
[fit] 0030m/F40k/fresh p2 step=25750/40000 loss=0.223536 lr=0.00029
[fit] 0030m/F40k/fresh p2 step=26000/40000 loss=0.225899 lr=0.00028
[fit] 0030m/F40k/fresh p2 step=26250/40000 loss=0.223629 lr=0.00027
[fit] 0030m/F40k/fresh p2 step=26500/40000 loss=0.227071 lr=0.00026
[fit] 0030m/F40k/fresh p2 step=26750/40000 loss=0.227079 lr=0.00025
[fit] 0030m/F40k/fresh p2 step=27000/40000 loss=0.22785 lr=0.00025
[fit] 0030m/F40k/fresh p2 step=27250/40000 loss=0.229069 lr=0.00024
[fit] 0030m/F40k/fresh p2 step=27500/40000 loss=0.231314 lr=0.00023
[fit] 0030m/F40k/fresh p2 step=27750/40000 loss=0.222535 lr=0.00022
[fit] 0030m/F40k/fresh p2 step=28000/40000 loss=0.226181 lr=0.00021
[fit] 0030m/F40k/fresh p2 step=28250/40000 loss=0.230153 lr=0.00021
[fit] 0030m/F40k/fresh p2 step=28500/40000 loss=0.223525 lr=0.0002
[fit] 0030m/F40k/fresh p2 step=28750/40000 loss=0.228967 lr=0.00019
[fit] 0030m/F40k/fresh p2 step=29000/40000 loss=0.218182 lr=0.00018
[fit] 0030m/F40k/fresh p2 step=29250/40000 loss=0.228566 lr=0.00018
[fit] 0030m/F40k/fresh p2 step=29500/40000 loss=0.224248 lr=0.00017
[fit] 0030m/F40k/fresh p2 step=29750/40000 loss=0.228248 lr=0.00016
[fit] 0030m/F40k/fresh p2 step=30000/40000 loss=0.224033 lr=0.00015
[fit] 0030m/F40k/fresh p2 step=30250/40000 loss=0.221841 lr=0.00015
[fit] 0030m/F40k/fresh p2 step=30500/40000 loss=0.226041 lr=0.00014
[fit] 0030m/F40k/fresh p2 step=30750/40000 loss=0.226325 lr=0.00013
[fit] 0030m/F40k/fresh p2 step=31000/40000 loss=0.231268 lr=0.00013
[fit] 0030m/F40k/fresh p2 step=31250/40000 loss=0.232118 lr=0.00012
[fit] 0030m/F40k/fresh p2 step=31500/40000 loss=0.231512 lr=0.00012
[fit] 0030m/F40k/fresh p2 step=31750/40000 loss=0.235093 lr=0.00011
[fit] 0030m/F40k/fresh p2 step=32000/40000 loss=0.224559 lr=0.0001
[fit] 0030m/F40k/fresh p2 step=32250/40000 loss=0.219823 lr=9.9e-05
[fit] 0030m/F40k/fresh p2 step=32500/40000 loss=0.223803 lr=9.3e-05
[fit] 0030m/F40k/fresh p2 step=32750/40000 loss=0.221488 lr=8.8e-05
[fit] 0030m/F40k/fresh p2 step=33000/40000 loss=0.220813 lr=8.3e-05
[fit] 0030m/F40k/fresh p2 step=33250/40000 loss=0.227895 lr=7.8e-05
[fit] 0030m/F40k/fresh p2 step=33500/40000 loss=0.224084 lr=7.3e-05
[fit] 0030m/F40k/fresh p2 step=33750/40000 loss=0.227825 lr=6.8e-05
[fit] 0030m/F40k/fresh p2 step=34000/40000 loss=0.221126 lr=6.4e-05
[fit] 0030m/F40k/fresh p2 step=34250/40000 loss=0.223012 lr=6e-05
[fit] 0030m/F40k/fresh p2 step=34500/40000 loss=0.224092 lr=5.5e-05
[fit] 0030m/F40k/fresh p2 step=34750/40000 loss=0.221221 lr=5.1e-05
[fit] 0030m/F40k/fresh p2 step=35000/40000 loss=0.220681 lr=4.8e-05
[fit] 0030m/F40k/fresh p2 step=35250/40000 loss=0.223247 lr=4.4e-05
[fit] 0030m/F40k/fresh p2 step=35500/40000 loss=0.226681 lr=4.1e-05
[fit] 0030m/F40k/fresh p2 step=35750/40000 loss=0.222712 lr=3.7e-05
[fit] 0030m/F40k/fresh p2 step=36000/40000 loss=0.230582 lr=3.4e-05
[fit] 0030m/F40k/fresh p2 step=36250/40000 loss=0.22337 lr=3.1e-05
[fit] 0030m/F40k/fresh p2 step=36500/40000 loss=0.230996 lr=2.9e-05
[fit] 0030m/F40k/fresh p2 step=36750/40000 loss=0.230564 lr=2.6e-05
[fit] 0030m/F40k/fresh p2 step=37000/40000 loss=0.229639 lr=2.4e-05
[fit] 0030m/F40k/fresh p2 step=37250/40000 loss=0.22657 lr=2.2e-05
[fit] 0030m/F40k/fresh p2 step=37500/40000 loss=0.220248 lr=2e-05
[fit] 0030m/F40k/fresh p2 step=37750/40000 loss=0.228237 lr=1.8e-05
[fit] 0030m/F40k/fresh p2 step=38000/40000 loss=0.233873 lr=1.6e-05
[fit] 0030m/F40k/fresh p2 step=38250/40000 loss=0.223937 lr=1.5e-05
[fit] 0030m/F40k/fresh p2 step=38500/40000 loss=0.225953 lr=1.3e-05
[fit] 0030m/F40k/fresh p2 step=38750/40000 loss=0.228649 lr=1.2e-05
[fit] 0030m/F40k/fresh p2 step=39000/40000 loss=0.221956 lr=1.2e-05
[fit] 0030m/F40k/fresh p2 step=39250/40000 loss=0.224638 lr=1.1e-05
[fit] 0030m/F40k/fresh p2 step=39500/40000 loss=0.225842 lr=1e-05
[fit] 0030m/F40k/fresh p2 step=39750/40000 loss=0.220163 lr=1e-05
[fit] 0030m/F40k/fresh p2 step=40000/40000 loss=0.216012 lr=1e-05
[eval] 0030m/F40k/fresh/40000 exploitability=0.00563758 eval_s=19.0
[arm] 0030m/F80k/fresh seed=17031 batch=16384 loss=cross_entropy fitted=0 cuda_free_gib=3.40
[fit] 0030m/F80k/fresh p1 step=250/80000 loss=0.274622 lr=0.001
[fit] 0030m/F80k/fresh p1 step=500/80000 loss=0.235645 lr=0.001
[fit] 0030m/F80k/fresh p1 step=750/80000 loss=0.22169 lr=0.001
[fit] 0030m/F80k/fresh p1 step=1000/80000 loss=0.213109 lr=0.001
[fit] 0030m/F80k/fresh p1 step=1250/80000 loss=0.213925 lr=0.001
[fit] 0030m/F80k/fresh p1 step=1500/80000 loss=0.212645 lr=0.001
[fit] 0030m/F80k/fresh p1 step=1750/80000 loss=0.211947 lr=0.001
[fit] 0030m/F80k/fresh p1 step=2000/80000 loss=0.208763 lr=0.001
[fit] 0030m/F80k/fresh p1 step=2250/80000 loss=0.204899 lr=0.001
[fit] 0030m/F80k/fresh p1 step=2500/80000 loss=0.201327 lr=0.001
[fit] 0030m/F80k/fresh p1 step=2750/80000 loss=0.207649 lr=0.001
[fit] 0030m/F80k/fresh p1 step=3000/80000 loss=0.20559 lr=0.001
[fit] 0030m/F80k/fresh p1 step=3250/80000 loss=0.20921 lr=0.001
[fit] 0030m/F80k/fresh p1 step=3500/80000 loss=0.203439 lr=0.001
[fit] 0030m/F80k/fresh p1 step=3750/80000 loss=0.212097 lr=0.00099
[fit] 0030m/F80k/fresh p1 step=4000/80000 loss=0.204729 lr=0.00099
[fit] 0030m/F80k/fresh p1 step=4250/80000 loss=0.206465 lr=0.00099
[fit] 0030m/F80k/fresh p1 step=4500/80000 loss=0.205468 lr=0.00099
[fit] 0030m/F80k/fresh p1 step=4750/80000 loss=0.211163 lr=0.00099
[fit] 0030m/F80k/fresh p1 step=5000/80000 loss=0.207702 lr=0.00099
[fit] 0030m/F80k/fresh p1 step=5250/80000 loss=0.211252 lr=0.00099
[fit] 0030m/F80k/fresh p1 step=5500/80000 loss=0.208532 lr=0.00099
[fit] 0030m/F80k/fresh p1 step=5750/80000 loss=0.203088 lr=0.00099
[fit] 0030m/F80k/fresh p1 step=6000/80000 loss=0.208356 lr=0.00099
[fit] 0030m/F80k/fresh p1 step=6250/80000 loss=0.211438 lr=0.00099
[fit] 0030m/F80k/fresh p1 step=6500/80000 loss=0.208308 lr=0.00098
[fit] 0030m/F80k/fresh p1 step=6750/80000 loss=0.211071 lr=0.00098
[fit] 0030m/F80k/fresh p1 step=7000/80000 loss=0.207209 lr=0.00098
[fit] 0030m/F80k/fresh p1 step=7250/80000 loss=0.205678 lr=0.00098
[fit] 0030m/F80k/fresh p1 step=7500/80000 loss=0.207679 lr=0.00098
[fit] 0030m/F80k/fresh p1 step=7750/80000 loss=0.206945 lr=0.00098
[fit] 0030m/F80k/fresh p1 step=8000/80000 loss=0.208192 lr=0.00098
[fit] 0030m/F80k/fresh p1 step=8250/80000 loss=0.20243 lr=0.00097
[fit] 0030m/F80k/fresh p1 step=8500/80000 loss=0.203496 lr=0.00097
[fit] 0030m/F80k/fresh p1 step=8750/80000 loss=0.207101 lr=0.00097
[fit] 0030m/F80k/fresh p1 step=9000/80000 loss=0.206202 lr=0.00097
[fit] 0030m/F80k/fresh p1 step=9250/80000 loss=0.208049 lr=0.00097
[fit] 0030m/F80k/fresh p1 step=9500/80000 loss=0.210199 lr=0.00097
[fit] 0030m/F80k/fresh p1 step=9750/80000 loss=0.202895 lr=0.00096
[fit] 0030m/F80k/fresh p1 step=10000/80000 loss=0.206904 lr=0.00096
[fit] 0030m/F80k/fresh p2 step=250/80000 loss=0.33118 lr=0.001
[fit] 0030m/F80k/fresh p2 step=500/80000 loss=0.289452 lr=0.001
[fit] 0030m/F80k/fresh p2 step=750/80000 loss=0.262057 lr=0.001
[fit] 0030m/F80k/fresh p2 step=1000/80000 loss=0.257924 lr=0.001
[fit] 0030m/F80k/fresh p2 step=1250/80000 loss=0.250609 lr=0.001
[fit] 0030m/F80k/fresh p2 step=1500/80000 loss=0.251138 lr=0.001
[fit] 0030m/F80k/fresh p2 step=1750/80000 loss=0.244553 lr=0.001
[fit] 0030m/F80k/fresh p2 step=2000/80000 loss=0.244263 lr=0.001
[fit] 0030m/F80k/fresh p2 step=2250/80000 loss=0.234338 lr=0.001
[fit] 0030m/F80k/fresh p2 step=2500/80000 loss=0.234578 lr=0.001
[fit] 0030m/F80k/fresh p2 step=2750/80000 loss=0.240353 lr=0.001
[fit] 0030m/F80k/fresh p2 step=3000/80000 loss=0.238824 lr=0.001
[fit] 0030m/F80k/fresh p2 step=3250/80000 loss=0.235841 lr=0.001
[fit] 0030m/F80k/fresh p2 step=3500/80000 loss=0.239931 lr=0.001
[fit] 0030m/F80k/fresh p2 step=3750/80000 loss=0.232898 lr=0.00099
[fit] 0030m/F80k/fresh p2 step=4000/80000 loss=0.232631 lr=0.00099
[fit] 0030m/F80k/fresh p2 step=4250/80000 loss=0.231416 lr=0.00099
[fit] 0030m/F80k/fresh p2 step=4500/80000 loss=0.236745 lr=0.00099
[fit] 0030m/F80k/fresh p2 step=4750/80000 loss=0.230704 lr=0.00099
[fit] 0030m/F80k/fresh p2 step=5000/80000 loss=0.227163 lr=0.00099
[fit] 0030m/F80k/fresh p2 step=5250/80000 loss=0.229619 lr=0.00099
[fit] 0030m/F80k/fresh p2 step=5500/80000 loss=0.236507 lr=0.00099
[fit] 0030m/F80k/fresh p2 step=5750/80000 loss=0.238606 lr=0.00099
[fit] 0030m/F80k/fresh p2 step=6000/80000 loss=0.229108 lr=0.00099
[fit] 0030m/F80k/fresh p2 step=6250/80000 loss=0.230594 lr=0.00099
[fit] 0030m/F80k/fresh p2 step=6500/80000 loss=0.228934 lr=0.00098
[fit] 0030m/F80k/fresh p2 step=6750/80000 loss=0.228997 lr=0.00098
[fit] 0030m/F80k/fresh p2 step=7000/80000 loss=0.226289 lr=0.00098
[fit] 0030m/F80k/fresh p2 step=7250/80000 loss=0.228486 lr=0.00098
[fit] 0030m/F80k/fresh p2 step=7500/80000 loss=0.227024 lr=0.00098
[fit] 0030m/F80k/fresh p2 step=7750/80000 loss=0.227591 lr=0.00098
[fit] 0030m/F80k/fresh p2 step=8000/80000 loss=0.22816 lr=0.00098
[fit] 0030m/F80k/fresh p2 step=8250/80000 loss=0.232192 lr=0.00097
[fit] 0030m/F80k/fresh p2 step=8500/80000 loss=0.230889 lr=0.00097
[fit] 0030m/F80k/fresh p2 step=8750/80000 loss=0.227504 lr=0.00097
[fit] 0030m/F80k/fresh p2 step=9000/80000 loss=0.226786 lr=0.00097
[fit] 0030m/F80k/fresh p2 step=9250/80000 loss=0.223453 lr=0.00097
[fit] 0030m/F80k/fresh p2 step=9500/80000 loss=0.22732 lr=0.00097
[fit] 0030m/F80k/fresh p2 step=9750/80000 loss=0.219957 lr=0.00096
[fit] 0030m/F80k/fresh p2 step=10000/80000 loss=0.227554 lr=0.00096
[eval] 0030m/F80k/fresh/10000 exploitability=0.01532613 eval_s=18.9
[fit] 0030m/F80k/fresh p1 step=10250/80000 loss=0.204953 lr=0.00096
[fit] 0030m/F80k/fresh p1 step=10500/80000 loss=0.207354 lr=0.00096
[fit] 0030m/F80k/fresh p1 step=10750/80000 loss=0.203437 lr=0.00096
[fit] 0030m/F80k/fresh p1 step=11000/80000 loss=0.20145 lr=0.00095
[fit] 0030m/F80k/fresh p1 step=11250/80000 loss=0.204671 lr=0.00095
[fit] 0030m/F80k/fresh p1 step=11500/80000 loss=0.205994 lr=0.00095
[fit] 0030m/F80k/fresh p1 step=11750/80000 loss=0.201341 lr=0.00095
[fit] 0030m/F80k/fresh p1 step=12000/80000 loss=0.202679 lr=0.00095
[fit] 0030m/F80k/fresh p1 step=12250/80000 loss=0.207135 lr=0.00094
[fit] 0030m/F80k/fresh p1 step=12500/80000 loss=0.204166 lr=0.00094
[fit] 0030m/F80k/fresh p1 step=12750/80000 loss=0.209559 lr=0.00094
[fit] 0030m/F80k/fresh p1 step=13000/80000 loss=0.204004 lr=0.00094
[fit] 0030m/F80k/fresh p1 step=13250/80000 loss=0.210106 lr=0.00093
[fit] 0030m/F80k/fresh p1 step=13500/80000 loss=0.203839 lr=0.00093
[fit] 0030m/F80k/fresh p1 step=13750/80000 loss=0.204455 lr=0.00093
[fit] 0030m/F80k/fresh p1 step=14000/80000 loss=0.203633 lr=0.00093
[fit] 0030m/F80k/fresh p1 step=14250/80000 loss=0.203661 lr=0.00092
[fit] 0030m/F80k/fresh p1 step=14500/80000 loss=0.208729 lr=0.00092
[fit] 0030m/F80k/fresh p1 step=14750/80000 loss=0.20539 lr=0.00092
[fit] 0030m/F80k/fresh p1 step=15000/80000 loss=0.215223 lr=0.00092
[fit] 0030m/F80k/fresh p1 step=15250/80000 loss=0.205328 lr=0.00091
[fit] 0030m/F80k/fresh p1 step=15500/80000 loss=0.20337 lr=0.00091
[fit] 0030m/F80k/fresh p1 step=15750/80000 loss=0.21172 lr=0.00091
[fit] 0030m/F80k/fresh p1 step=16000/80000 loss=0.201504 lr=0.00091
[fit] 0030m/F80k/fresh p1 step=16250/80000 loss=0.211004 lr=0.0009
[fit] 0030m/F80k/fresh p1 step=16500/80000 loss=0.209837 lr=0.0009
[fit] 0030m/F80k/fresh p1 step=16750/80000 loss=0.204618 lr=0.0009
[fit] 0030m/F80k/fresh p1 step=17000/80000 loss=0.201988 lr=0.00089
[fit] 0030m/F80k/fresh p1 step=17250/80000 loss=0.207551 lr=0.00089
[fit] 0030m/F80k/fresh p1 step=17500/80000 loss=0.202822 lr=0.00089
[fit] 0030m/F80k/fresh p1 step=17750/80000 loss=0.207276 lr=0.00088
[fit] 0030m/F80k/fresh p1 step=18000/80000 loss=0.205561 lr=0.00088
[fit] 0030m/F80k/fresh p1 step=18250/80000 loss=0.205754 lr=0.00088
[fit] 0030m/F80k/fresh p1 step=18500/80000 loss=0.206865 lr=0.00088
[fit] 0030m/F80k/fresh p1 step=18750/80000 loss=0.206088 lr=0.00087
[fit] 0030m/F80k/fresh p1 step=19000/80000 loss=0.205305 lr=0.00087
[fit] 0030m/F80k/fresh p1 step=19250/80000 loss=0.201949 lr=0.00087
[fit] 0030m/F80k/fresh p1 step=19500/80000 loss=0.202575 lr=0.00086
[fit] 0030m/F80k/fresh p1 step=19750/80000 loss=0.206034 lr=0.00086
[fit] 0030m/F80k/fresh p1 step=20000/80000 loss=0.203607 lr=0.00086
[fit] 0030m/F80k/fresh p2 step=10250/80000 loss=0.22967 lr=0.00096
[fit] 0030m/F80k/fresh p2 step=10500/80000 loss=0.229637 lr=0.00096
[fit] 0030m/F80k/fresh p2 step=10750/80000 loss=0.221015 lr=0.00096
[fit] 0030m/F80k/fresh p2 step=11000/80000 loss=0.222322 lr=0.00095
[fit] 0030m/F80k/fresh p2 step=11250/80000 loss=0.218346 lr=0.00095
[fit] 0030m/F80k/fresh p2 step=11500/80000 loss=0.226584 lr=0.00095
[fit] 0030m/F80k/fresh p2 step=11750/80000 loss=0.22627 lr=0.00095
[fit] 0030m/F80k/fresh p2 step=12000/80000 loss=0.228711 lr=0.00095
[fit] 0030m/F80k/fresh p2 step=12250/80000 loss=0.226268 lr=0.00094
[fit] 0030m/F80k/fresh p2 step=12500/80000 loss=0.225179 lr=0.00094
[fit] 0030m/F80k/fresh p2 step=12750/80000 loss=0.230752 lr=0.00094
[fit] 0030m/F80k/fresh p2 step=13000/80000 loss=0.224732 lr=0.00094
[fit] 0030m/F80k/fresh p2 step=13250/80000 loss=0.224694 lr=0.00093
[fit] 0030m/F80k/fresh p2 step=13500/80000 loss=0.225675 lr=0.00093
[fit] 0030m/F80k/fresh p2 step=13750/80000 loss=0.224449 lr=0.00093
[fit] 0030m/F80k/fresh p2 step=14000/80000 loss=0.22867 lr=0.00093
[fit] 0030m/F80k/fresh p2 step=14250/80000 loss=0.230388 lr=0.00092
[fit] 0030m/F80k/fresh p2 step=14500/80000 loss=0.226255 lr=0.00092
[fit] 0030m/F80k/fresh p2 step=14750/80000 loss=0.230972 lr=0.00092
[fit] 0030m/F80k/fresh p2 step=15000/80000 loss=0.229018 lr=0.00092
[fit] 0030m/F80k/fresh p2 step=15250/80000 loss=0.232315 lr=0.00091
[fit] 0030m/F80k/fresh p2 step=15500/80000 loss=0.227902 lr=0.00091
[fit] 0030m/F80k/fresh p2 step=15750/80000 loss=0.224112 lr=0.00091
[fit] 0030m/F80k/fresh p2 step=16000/80000 loss=0.216533 lr=0.00091
[fit] 0030m/F80k/fresh p2 step=16250/80000 loss=0.226855 lr=0.0009
[fit] 0030m/F80k/fresh p2 step=16500/80000 loss=0.229098 lr=0.0009
[fit] 0030m/F80k/fresh p2 step=16750/80000 loss=0.224273 lr=0.0009
[fit] 0030m/F80k/fresh p2 step=17000/80000 loss=0.223423 lr=0.00089
[fit] 0030m/F80k/fresh p2 step=17250/80000 loss=0.222587 lr=0.00089
[fit] 0030m/F80k/fresh p2 step=17500/80000 loss=0.232797 lr=0.00089
[fit] 0030m/F80k/fresh p2 step=17750/80000 loss=0.225176 lr=0.00088
[fit] 0030m/F80k/fresh p2 step=18000/80000 loss=0.225145 lr=0.00088
[fit] 0030m/F80k/fresh p2 step=18250/80000 loss=0.226471 lr=0.00088
[fit] 0030m/F80k/fresh p2 step=18500/80000 loss=0.226174 lr=0.00088
[fit] 0030m/F80k/fresh p2 step=18750/80000 loss=0.220674 lr=0.00087
[fit] 0030m/F80k/fresh p2 step=19000/80000 loss=0.222347 lr=0.00087
[fit] 0030m/F80k/fresh p2 step=19250/80000 loss=0.220819 lr=0.00087
[fit] 0030m/F80k/fresh p2 step=19500/80000 loss=0.229212 lr=0.00086
[fit] 0030m/F80k/fresh p2 step=19750/80000 loss=0.224495 lr=0.00086
[fit] 0030m/F80k/fresh p2 step=20000/80000 loss=0.221319 lr=0.00086
[eval] 0030m/F80k/fresh/20000 exploitability=0.00895366 eval_s=18.9
[fit] 0030m/F80k/fresh p1 step=20250/80000 loss=0.208011 lr=0.00085
[fit] 0030m/F80k/fresh p1 step=20500/80000 loss=0.207954 lr=0.00085
[fit] 0030m/F80k/fresh p1 step=20750/80000 loss=0.21027 lr=0.00084
[fit] 0030m/F80k/fresh p1 step=21000/80000 loss=0.206704 lr=0.00084
[fit] 0030m/F80k/fresh p1 step=21250/80000 loss=0.201597 lr=0.00084
[fit] 0030m/F80k/fresh p1 step=21500/80000 loss=0.205611 lr=0.00083
[fit] 0030m/F80k/fresh p1 step=21750/80000 loss=0.203812 lr=0.00083
[fit] 0030m/F80k/fresh p1 step=22000/80000 loss=0.209862 lr=0.00083
[fit] 0030m/F80k/fresh p1 step=22250/80000 loss=0.205506 lr=0.00082
[fit] 0030m/F80k/fresh p1 step=22500/80000 loss=0.201886 lr=0.00082
[fit] 0030m/F80k/fresh p1 step=22750/80000 loss=0.201441 lr=0.00082
[fit] 0030m/F80k/fresh p1 step=23000/80000 loss=0.207688 lr=0.00081
[fit] 0030m/F80k/fresh p1 step=23250/80000 loss=0.20182 lr=0.00081
[fit] 0030m/F80k/fresh p1 step=23500/80000 loss=0.201318 lr=0.0008
[fit] 0030m/F80k/fresh p1 step=23750/80000 loss=0.204566 lr=0.0008
[fit] 0030m/F80k/fresh p1 step=24000/80000 loss=0.20693 lr=0.0008
[fit] 0030m/F80k/fresh p1 step=24250/80000 loss=0.196526 lr=0.00079
[fit] 0030m/F80k/fresh p1 step=24500/80000 loss=0.208488 lr=0.00079
[fit] 0030m/F80k/fresh p1 step=24750/80000 loss=0.21177 lr=0.00078
[fit] 0030m/F80k/fresh p1 step=25000/80000 loss=0.20231 lr=0.00078
[fit] 0030m/F80k/fresh p1 step=25250/80000 loss=0.212106 lr=0.00078
[fit] 0030m/F80k/fresh p1 step=25500/80000 loss=0.211914 lr=0.00077
[fit] 0030m/F80k/fresh p1 step=25750/80000 loss=0.207914 lr=0.00077
[fit] 0030m/F80k/fresh p1 step=26000/80000 loss=0.20739 lr=0.00076
[fit] 0030m/F80k/fresh p1 step=26250/80000 loss=0.20681 lr=0.00076
[fit] 0030m/F80k/fresh p1 step=26500/80000 loss=0.203851 lr=0.00076
[fit] 0030m/F80k/fresh p1 step=26750/80000 loss=0.204125 lr=0.00075
[fit] 0030m/F80k/fresh p1 step=27000/80000 loss=0.203505 lr=0.00075
[fit] 0030m/F80k/fresh p1 step=27250/80000 loss=0.204449 lr=0.00074
[fit] 0030m/F80k/fresh p1 step=27500/80000 loss=0.212955 lr=0.00074
[fit] 0030m/F80k/fresh p1 step=27750/80000 loss=0.206298 lr=0.00073
[fit] 0030m/F80k/fresh p1 step=28000/80000 loss=0.20602 lr=0.00073
[fit] 0030m/F80k/fresh p1 step=28250/80000 loss=0.202761 lr=0.00073
[fit] 0030m/F80k/fresh p1 step=28500/80000 loss=0.207131 lr=0.00072
[fit] 0030m/F80k/fresh p1 step=28750/80000 loss=0.207167 lr=0.00072
[fit] 0030m/F80k/fresh p1 step=29000/80000 loss=0.203393 lr=0.00071
[fit] 0030m/F80k/fresh p1 step=29250/80000 loss=0.203267 lr=0.00071
[fit] 0030m/F80k/fresh p1 step=29500/80000 loss=0.20411 lr=0.0007
[fit] 0030m/F80k/fresh p1 step=29750/80000 loss=0.203737 lr=0.0007
[fit] 0030m/F80k/fresh p1 step=30000/80000 loss=0.197177 lr=0.00069
[fit] 0030m/F80k/fresh p1 step=30250/80000 loss=0.19844 lr=0.00069
[fit] 0030m/F80k/fresh p1 step=30500/80000 loss=0.201075 lr=0.00069
[fit] 0030m/F80k/fresh p1 step=30750/80000 loss=0.206922 lr=0.00068
[fit] 0030m/F80k/fresh p1 step=31000/80000 loss=0.205304 lr=0.00068
[fit] 0030m/F80k/fresh p1 step=31250/80000 loss=0.203696 lr=0.00067
[fit] 0030m/F80k/fresh p1 step=31500/80000 loss=0.211569 lr=0.00067
[fit] 0030m/F80k/fresh p1 step=31750/80000 loss=0.200021 lr=0.00066
[fit] 0030m/F80k/fresh p1 step=32000/80000 loss=0.204814 lr=0.00066
[fit] 0030m/F80k/fresh p1 step=32250/80000 loss=0.20865 lr=0.00065
[fit] 0030m/F80k/fresh p1 step=32500/80000 loss=0.205028 lr=0.00065
[fit] 0030m/F80k/fresh p1 step=32750/80000 loss=0.206807 lr=0.00064
[fit] 0030m/F80k/fresh p1 step=33000/80000 loss=0.204558 lr=0.00064
[fit] 0030m/F80k/fresh p1 step=33250/80000 loss=0.197249 lr=0.00063
[fit] 0030m/F80k/fresh p1 step=33500/80000 loss=0.198445 lr=0.00063
[fit] 0030m/F80k/fresh p1 step=33750/80000 loss=0.204491 lr=0.00063
[fit] 0030m/F80k/fresh p1 step=34000/80000 loss=0.207949 lr=0.00062
[fit] 0030m/F80k/fresh p1 step=34250/80000 loss=0.202001 lr=0.00062
[fit] 0030m/F80k/fresh p1 step=34500/80000 loss=0.204881 lr=0.00061
[fit] 0030m/F80k/fresh p1 step=34750/80000 loss=0.202342 lr=0.00061
[fit] 0030m/F80k/fresh p1 step=35000/80000 loss=0.204365 lr=0.0006
[fit] 0030m/F80k/fresh p1 step=35250/80000 loss=0.208107 lr=0.0006
[fit] 0030m/F80k/fresh p1 step=35500/80000 loss=0.200065 lr=0.00059
[fit] 0030m/F80k/fresh p1 step=35750/80000 loss=0.204729 lr=0.00059
[fit] 0030m/F80k/fresh p1 step=36000/80000 loss=0.20205 lr=0.00058
[fit] 0030m/F80k/fresh p1 step=36250/80000 loss=0.206595 lr=0.00058
[fit] 0030m/F80k/fresh p1 step=36500/80000 loss=0.200914 lr=0.00057
[fit] 0030m/F80k/fresh p1 step=36750/80000 loss=0.204919 lr=0.00057
[fit] 0030m/F80k/fresh p1 step=37000/80000 loss=0.203156 lr=0.00056
[fit] 0030m/F80k/fresh p1 step=37250/80000 loss=0.196514 lr=0.00056
[fit] 0030m/F80k/fresh p1 step=37500/80000 loss=0.200855 lr=0.00055
[fit] 0030m/F80k/fresh p1 step=37750/80000 loss=0.206891 lr=0.00055
[fit] 0030m/F80k/fresh p1 step=38000/80000 loss=0.201668 lr=0.00054
[fit] 0030m/F80k/fresh p1 step=38250/80000 loss=0.203625 lr=0.00054
[fit] 0030m/F80k/fresh p1 step=38500/80000 loss=0.206241 lr=0.00053
[fit] 0030m/F80k/fresh p1 step=38750/80000 loss=0.209192 lr=0.00053
[fit] 0030m/F80k/fresh p1 step=39000/80000 loss=0.202194 lr=0.00052
[fit] 0030m/F80k/fresh p1 step=39250/80000 loss=0.205793 lr=0.00052
[fit] 0030m/F80k/fresh p1 step=39500/80000 loss=0.202071 lr=0.00051
[fit] 0030m/F80k/fresh p1 step=39750/80000 loss=0.204072 lr=0.00051
[fit] 0030m/F80k/fresh p1 step=40000/80000 loss=0.199236 lr=0.00051
[fit] 0030m/F80k/fresh p2 step=20250/80000 loss=0.221243 lr=0.00085
[fit] 0030m/F80k/fresh p2 step=20500/80000 loss=0.220745 lr=0.00085
[fit] 0030m/F80k/fresh p2 step=20750/80000 loss=0.228623 lr=0.00084
[fit] 0030m/F80k/fresh p2 step=21000/80000 loss=0.228062 lr=0.00084
[fit] 0030m/F80k/fresh p2 step=21250/80000 loss=0.228902 lr=0.00084
[fit] 0030m/F80k/fresh p2 step=21500/80000 loss=0.22229 lr=0.00083
[fit] 0030m/F80k/fresh p2 step=21750/80000 loss=0.222901 lr=0.00083
[fit] 0030m/F80k/fresh p2 step=22000/80000 loss=0.216108 lr=0.00083
[fit] 0030m/F80k/fresh p2 step=22250/80000 loss=0.22448 lr=0.00082
[fit] 0030m/F80k/fresh p2 step=22500/80000 loss=0.223497 lr=0.00082
[fit] 0030m/F80k/fresh p2 step=22750/80000 loss=0.222991 lr=0.00082
[fit] 0030m/F80k/fresh p2 step=23000/80000 loss=0.229499 lr=0.00081
[fit] 0030m/F80k/fresh p2 step=23250/80000 loss=0.222122 lr=0.00081
[fit] 0030m/F80k/fresh p2 step=23500/80000 loss=0.222634 lr=0.0008
[fit] 0030m/F80k/fresh p2 step=23750/80000 loss=0.225691 lr=0.0008
[fit] 0030m/F80k/fresh p2 step=24000/80000 loss=0.233536 lr=0.0008
[fit] 0030m/F80k/fresh p2 step=24250/80000 loss=0.224059 lr=0.00079
[fit] 0030m/F80k/fresh p2 step=24500/80000 loss=0.224744 lr=0.00079
[fit] 0030m/F80k/fresh p2 step=24750/80000 loss=0.218776 lr=0.00078
[fit] 0030m/F80k/fresh p2 step=25000/80000 loss=0.224714 lr=0.00078
[fit] 0030m/F80k/fresh p2 step=25250/80000 loss=0.224578 lr=0.00078
[fit] 0030m/F80k/fresh p2 step=25500/80000 loss=0.22167 lr=0.00077
[fit] 0030m/F80k/fresh p2 step=25750/80000 loss=0.223391 lr=0.00077
[fit] 0030m/F80k/fresh p2 step=26000/80000 loss=0.225934 lr=0.00076
[fit] 0030m/F80k/fresh p2 step=26250/80000 loss=0.223841 lr=0.00076
[fit] 0030m/F80k/fresh p2 step=26500/80000 loss=0.226956 lr=0.00076
[fit] 0030m/F80k/fresh p2 step=26750/80000 loss=0.227071 lr=0.00075
[fit] 0030m/F80k/fresh p2 step=27000/80000 loss=0.227744 lr=0.00075
[fit] 0030m/F80k/fresh p2 step=27250/80000 loss=0.229295 lr=0.00074
[fit] 0030m/F80k/fresh p2 step=27500/80000 loss=0.23131 lr=0.00074
[fit] 0030m/F80k/fresh p2 step=27750/80000 loss=0.222416 lr=0.00073
[fit] 0030m/F80k/fresh p2 step=28000/80000 loss=0.226057 lr=0.00073
[fit] 0030m/F80k/fresh p2 step=28250/80000 loss=0.230658 lr=0.00073
[fit] 0030m/F80k/fresh p2 step=28500/80000 loss=0.224173 lr=0.00072
[fit] 0030m/F80k/fresh p2 step=28750/80000 loss=0.229041 lr=0.00072
[fit] 0030m/F80k/fresh p2 step=29000/80000 loss=0.218105 lr=0.00071
[fit] 0030m/F80k/fresh p2 step=29250/80000 loss=0.228346 lr=0.00071
[fit] 0030m/F80k/fresh p2 step=29500/80000 loss=0.223745 lr=0.0007
[fit] 0030m/F80k/fresh p2 step=29750/80000 loss=0.227974 lr=0.0007
[fit] 0030m/F80k/fresh p2 step=30000/80000 loss=0.223917 lr=0.00069
[fit] 0030m/F80k/fresh p2 step=30250/80000 loss=0.221811 lr=0.00069
[fit] 0030m/F80k/fresh p2 step=30500/80000 loss=0.225832 lr=0.00069
[fit] 0030m/F80k/fresh p2 step=30750/80000 loss=0.226395 lr=0.00068
[fit] 0030m/F80k/fresh p2 step=31000/80000 loss=0.231464 lr=0.00068
[fit] 0030m/F80k/fresh p2 step=31250/80000 loss=0.231977 lr=0.00067
[fit] 0030m/F80k/fresh p2 step=31500/80000 loss=0.231405 lr=0.00067
[fit] 0030m/F80k/fresh p2 step=31750/80000 loss=0.235069 lr=0.00066
[fit] 0030m/F80k/fresh p2 step=32000/80000 loss=0.22429 lr=0.00066
[fit] 0030m/F80k/fresh p2 step=32250/80000 loss=0.219652 lr=0.00065
[fit] 0030m/F80k/fresh p2 step=32500/80000 loss=0.223298 lr=0.00065
[fit] 0030m/F80k/fresh p2 step=32750/80000 loss=0.2214 lr=0.00064
[fit] 0030m/F80k/fresh p2 step=33000/80000 loss=0.220762 lr=0.00064
[fit] 0030m/F80k/fresh p2 step=33250/80000 loss=0.227661 lr=0.00063
[fit] 0030m/F80k/fresh p2 step=33500/80000 loss=0.224327 lr=0.00063
[fit] 0030m/F80k/fresh p2 step=33750/80000 loss=0.227492 lr=0.00063
[fit] 0030m/F80k/fresh p2 step=34000/80000 loss=0.221386 lr=0.00062
[fit] 0030m/F80k/fresh p2 step=34250/80000 loss=0.222866 lr=0.00062
[fit] 0030m/F80k/fresh p2 step=34500/80000 loss=0.223972 lr=0.00061
[fit] 0030m/F80k/fresh p2 step=34750/80000 loss=0.221136 lr=0.00061
[fit] 0030m/F80k/fresh p2 step=35000/80000 loss=0.220454 lr=0.0006
[fit] 0030m/F80k/fresh p2 step=35250/80000 loss=0.223116 lr=0.0006
[fit] 0030m/F80k/fresh p2 step=35500/80000 loss=0.226309 lr=0.00059
[fit] 0030m/F80k/fresh p2 step=35750/80000 loss=0.222619 lr=0.00059
[fit] 0030m/F80k/fresh p2 step=36000/80000 loss=0.230345 lr=0.00058
[fit] 0030m/F80k/fresh p2 step=36250/80000 loss=0.223083 lr=0.00058
[fit] 0030m/F80k/fresh p2 step=36500/80000 loss=0.230969 lr=0.00057
[fit] 0030m/F80k/fresh p2 step=36750/80000 loss=0.230482 lr=0.00057
[fit] 0030m/F80k/fresh p2 step=37000/80000 loss=0.229457 lr=0.00056
[fit] 0030m/F80k/fresh p2 step=37250/80000 loss=0.226548 lr=0.00056
[fit] 0030m/F80k/fresh p2 step=37500/80000 loss=0.220111 lr=0.00055
[fit] 0030m/F80k/fresh p2 step=37750/80000 loss=0.228262 lr=0.00055
[fit] 0030m/F80k/fresh p2 step=38000/80000 loss=0.233613 lr=0.00054
[fit] 0030m/F80k/fresh p2 step=38250/80000 loss=0.223794 lr=0.00054
[fit] 0030m/F80k/fresh p2 step=38500/80000 loss=0.225842 lr=0.00053
[fit] 0030m/F80k/fresh p2 step=38750/80000 loss=0.228217 lr=0.00053
[fit] 0030m/F80k/fresh p2 step=39000/80000 loss=0.221623 lr=0.00052
[fit] 0030m/F80k/fresh p2 step=39250/80000 loss=0.224458 lr=0.00052
[fit] 0030m/F80k/fresh p2 step=39500/80000 loss=0.225318 lr=0.00051
[fit] 0030m/F80k/fresh p2 step=39750/80000 loss=0.219696 lr=0.00051
[fit] 0030m/F80k/fresh p2 step=40000/80000 loss=0.215621 lr=0.00051
[eval] 0030m/F80k/fresh/40000 exploitability=0.01182575 eval_s=18.9
[fit] 0030m/F80k/fresh p1 step=40250/80000 loss=0.206243 lr=0.0005
[fit] 0030m/F80k/fresh p1 step=40500/80000 loss=0.207027 lr=0.0005
[fit] 0030m/F80k/fresh p1 step=40750/80000 loss=0.205297 lr=0.00049
[fit] 0030m/F80k/fresh p1 step=41000/80000 loss=0.205308 lr=0.00049
[fit] 0030m/F80k/fresh p1 step=41250/80000 loss=0.210487 lr=0.00048
[fit] 0030m/F80k/fresh p1 step=41500/80000 loss=0.205269 lr=0.00048
[fit] 0030m/F80k/fresh p1 step=41750/80000 loss=0.204778 lr=0.00047
[fit] 0030m/F80k/fresh p1 step=42000/80000 loss=0.207227 lr=0.00047
[fit] 0030m/F80k/fresh p1 step=42250/80000 loss=0.20711 lr=0.00046
[fit] 0030m/F80k/fresh p1 step=42500/80000 loss=0.201533 lr=0.00046
[fit] 0030m/F80k/fresh p1 step=42750/80000 loss=0.206311 lr=0.00045
[fit] 0030m/F80k/fresh p1 step=43000/80000 loss=0.205633 lr=0.00045
[fit] 0030m/F80k/fresh p1 step=43250/80000 loss=0.208913 lr=0.00044
[fit] 0030m/F80k/fresh p1 step=43500/80000 loss=0.198941 lr=0.00044
[fit] 0030m/F80k/fresh p1 step=43750/80000 loss=0.202727 lr=0.00043
[fit] 0030m/F80k/fresh p1 step=44000/80000 loss=0.202899 lr=0.00043
[fit] 0030m/F80k/fresh p1 step=44250/80000 loss=0.200642 lr=0.00042
[fit] 0030m/F80k/fresh p1 step=44500/80000 loss=0.203387 lr=0.00042
[fit] 0030m/F80k/fresh p1 step=44750/80000 loss=0.206092 lr=0.00041
[fit] 0030m/F80k/fresh p1 step=45000/80000 loss=0.204709 lr=0.00041
[fit] 0030m/F80k/fresh p1 step=45250/80000 loss=0.206589 lr=0.0004
[fit] 0030m/F80k/fresh p1 step=45500/80000 loss=0.206971 lr=0.0004
[fit] 0030m/F80k/fresh p1 step=45750/80000 loss=0.20483 lr=0.00039
[fit] 0030m/F80k/fresh p1 step=46000/80000 loss=0.204724 lr=0.00039
[fit] 0030m/F80k/fresh p1 step=46250/80000 loss=0.204755 lr=0.00038
[fit] 0030m/F80k/fresh p1 step=46500/80000 loss=0.201681 lr=0.00038
[fit] 0030m/F80k/fresh p1 step=46750/80000 loss=0.202141 lr=0.00038
[fit] 0030m/F80k/fresh p1 step=47000/80000 loss=0.207591 lr=0.00037
[fit] 0030m/F80k/fresh p1 step=47250/80000 loss=0.206501 lr=0.00037
[fit] 0030m/F80k/fresh p1 step=47500/80000 loss=0.208473 lr=0.00036
[fit] 0030m/F80k/fresh p1 step=47750/80000 loss=0.207993 lr=0.00036
[fit] 0030m/F80k/fresh p1 step=48000/80000 loss=0.204507 lr=0.00035
[fit] 0030m/F80k/fresh p1 step=48250/80000 loss=0.199673 lr=0.00035
[fit] 0030m/F80k/fresh p1 step=48500/80000 loss=0.201506 lr=0.00034
[fit] 0030m/F80k/fresh p1 step=48750/80000 loss=0.203705 lr=0.00034
[fit] 0030m/F80k/fresh p1 step=49000/80000 loss=0.205907 lr=0.00033
[fit] 0030m/F80k/fresh p1 step=49250/80000 loss=0.20468 lr=0.00033
[fit] 0030m/F80k/fresh p1 step=49500/80000 loss=0.20637 lr=0.00032
[fit] 0030m/F80k/fresh p1 step=49750/80000 loss=0.20585 lr=0.00032
[fit] 0030m/F80k/fresh p1 step=50000/80000 loss=0.206971 lr=0.00032
[fit] 0030m/F80k/fresh p1 step=50250/80000 loss=0.210937 lr=0.00031
[fit] 0030m/F80k/fresh p1 step=50500/80000 loss=0.203168 lr=0.00031
[fit] 0030m/F80k/fresh p1 step=50750/80000 loss=0.209615 lr=0.0003
[fit] 0030m/F80k/fresh p1 step=51000/80000 loss=0.208423 lr=0.0003
[fit] 0030m/F80k/fresh p1 step=51250/80000 loss=0.205267 lr=0.00029
[fit] 0030m/F80k/fresh p1 step=51500/80000 loss=0.202066 lr=0.00029
[fit] 0030m/F80k/fresh p1 step=51750/80000 loss=0.203305 lr=0.00028
[fit] 0030m/F80k/fresh p1 step=52000/80000 loss=0.209957 lr=0.00028
[fit] 0030m/F80k/fresh p1 step=52250/80000 loss=0.201335 lr=0.00028
[fit] 0030m/F80k/fresh p1 step=52500/80000 loss=0.204386 lr=0.00027
[fit] 0030m/F80k/fresh p1 step=52750/80000 loss=0.208322 lr=0.00027
[fit] 0030m/F80k/fresh p1 step=53000/80000 loss=0.200014 lr=0.00026
[fit] 0030m/F80k/fresh p1 step=53250/80000 loss=0.203033 lr=0.00026
[fit] 0030m/F80k/fresh p1 step=53500/80000 loss=0.205067 lr=0.00025
[fit] 0030m/F80k/fresh p1 step=53750/80000 loss=0.200599 lr=0.00025
[fit] 0030m/F80k/fresh p1 step=54000/80000 loss=0.204905 lr=0.00025
[fit] 0030m/F80k/fresh p1 step=54250/80000 loss=0.19725 lr=0.00024
[fit] 0030m/F80k/fresh p1 step=54500/80000 loss=0.201689 lr=0.00024
[fit] 0030m/F80k/fresh p1 step=54750/80000 loss=0.203553 lr=0.00023
[fit] 0030m/F80k/fresh p1 step=55000/80000 loss=0.200561 lr=0.00023
[fit] 0030m/F80k/fresh p1 step=55250/80000 loss=0.205271 lr=0.00023
[fit] 0030m/F80k/fresh p1 step=55500/80000 loss=0.209403 lr=0.00022
[fit] 0030m/F80k/fresh p1 step=55750/80000 loss=0.206303 lr=0.00022
[fit] 0030m/F80k/fresh p1 step=56000/80000 loss=0.2091 lr=0.00021
[fit] 0030m/F80k/fresh p1 step=56250/80000 loss=0.207623 lr=0.00021
[fit] 0030m/F80k/fresh p1 step=56500/80000 loss=0.206918 lr=0.00021
[fit] 0030m/F80k/fresh p1 step=56750/80000 loss=0.205075 lr=0.0002
[fit] 0030m/F80k/fresh p1 step=57000/80000 loss=0.20282 lr=0.0002
[fit] 0030m/F80k/fresh p1 step=57250/80000 loss=0.207334 lr=0.00019
[fit] 0030m/F80k/fresh p1 step=57500/80000 loss=0.20177 lr=0.00019
[fit] 0030m/F80k/fresh p1 step=57750/80000 loss=0.200793 lr=0.00019
[fit] 0030m/F80k/fresh p1 step=58000/80000 loss=0.201728 lr=0.00018
[fit] 0030m/F80k/fresh p1 step=58250/80000 loss=0.202351 lr=0.00018
[fit] 0030m/F80k/fresh p1 step=58500/80000 loss=0.199443 lr=0.00018
[fit] 0030m/F80k/fresh p1 step=58750/80000 loss=0.214862 lr=0.00017
[fit] 0030m/F80k/fresh p1 step=59000/80000 loss=0.200526 lr=0.00017
[fit] 0030m/F80k/fresh p1 step=59250/80000 loss=0.214517 lr=0.00017
[fit] 0030m/F80k/fresh p1 step=59500/80000 loss=0.200294 lr=0.00016
[fit] 0030m/F80k/fresh p1 step=59750/80000 loss=0.20321 lr=0.00016
[fit] 0030m/F80k/fresh p1 step=60000/80000 loss=0.208077 lr=0.00015
[fit] 0030m/F80k/fresh p1 step=60250/80000 loss=0.201023 lr=0.00015
[fit] 0030m/F80k/fresh p1 step=60500/80000 loss=0.20595 lr=0.00015
[fit] 0030m/F80k/fresh p1 step=60750/80000 loss=0.208036 lr=0.00014
[fit] 0030m/F80k/fresh p1 step=61000/80000 loss=0.201878 lr=0.00014
[fit] 0030m/F80k/fresh p1 step=61250/80000 loss=0.202829 lr=0.00014
[fit] 0030m/F80k/fresh p1 step=61500/80000 loss=0.19782 lr=0.00013
[fit] 0030m/F80k/fresh p1 step=61750/80000 loss=0.207091 lr=0.00013
[fit] 0030m/F80k/fresh p1 step=62000/80000 loss=0.202895 lr=0.00013
[fit] 0030m/F80k/fresh p1 step=62250/80000 loss=0.205227 lr=0.00013
[fit] 0030m/F80k/fresh p1 step=62500/80000 loss=0.202959 lr=0.00012
[fit] 0030m/F80k/fresh p1 step=62750/80000 loss=0.205144 lr=0.00012
[fit] 0030m/F80k/fresh p1 step=63000/80000 loss=0.201965 lr=0.00012
[fit] 0030m/F80k/fresh p1 step=63250/80000 loss=0.206184 lr=0.00011
[fit] 0030m/F80k/fresh p1 step=63500/80000 loss=0.204003 lr=0.00011
[fit] 0030m/F80k/fresh p1 step=63750/80000 loss=0.205325 lr=0.00011
[fit] 0030m/F80k/fresh p1 step=64000/80000 loss=0.205555 lr=0.0001
[fit] 0030m/F80k/fresh p1 step=64250/80000 loss=0.20503 lr=0.0001
[fit] 0030m/F80k/fresh p1 step=64500/80000 loss=0.200168 lr=9.9e-05
[fit] 0030m/F80k/fresh p1 step=64750/80000 loss=0.205173 lr=9.6e-05
[fit] 0030m/F80k/fresh p1 step=65000/80000 loss=0.208724 lr=9.3e-05
[fit] 0030m/F80k/fresh p1 step=65250/80000 loss=0.2085 lr=9.1e-05
[fit] 0030m/F80k/fresh p1 step=65500/80000 loss=0.20493 lr=8.8e-05
[fit] 0030m/F80k/fresh p1 step=65750/80000 loss=0.206806 lr=8.6e-05
[fit] 0030m/F80k/fresh p1 step=66000/80000 loss=0.20368 lr=8.3e-05
[fit] 0030m/F80k/fresh p1 step=66250/80000 loss=0.204815 lr=8e-05
[fit] 0030m/F80k/fresh p1 step=66500/80000 loss=0.20674 lr=7.8e-05
[fit] 0030m/F80k/fresh p1 step=66750/80000 loss=0.203871 lr=7.6e-05
[fit] 0030m/F80k/fresh p1 step=67000/80000 loss=0.20852 lr=7.3e-05
[fit] 0030m/F80k/fresh p1 step=67250/80000 loss=0.206303 lr=7.1e-05
[fit] 0030m/F80k/fresh p1 step=67500/80000 loss=0.205723 lr=6.8e-05
[fit] 0030m/F80k/fresh p1 step=67750/80000 loss=0.205671 lr=6.6e-05
[fit] 0030m/F80k/fresh p1 step=68000/80000 loss=0.209778 lr=6.4e-05
[fit] 0030m/F80k/fresh p1 step=68250/80000 loss=0.208608 lr=6.2e-05
[fit] 0030m/F80k/fresh p1 step=68500/80000 loss=0.201285 lr=6e-05
[fit] 0030m/F80k/fresh p1 step=68750/80000 loss=0.204688 lr=5.8e-05
[fit] 0030m/F80k/fresh p1 step=69000/80000 loss=0.2044 lr=5.5e-05
[fit] 0030m/F80k/fresh p1 step=69250/80000 loss=0.209936 lr=5.3e-05
[fit] 0030m/F80k/fresh p1 step=69500/80000 loss=0.204433 lr=5.1e-05
[fit] 0030m/F80k/fresh p1 step=69750/80000 loss=0.200584 lr=5e-05
[fit] 0030m/F80k/fresh p1 step=70000/80000 loss=0.201403 lr=4.8e-05
[fit] 0030m/F80k/fresh p1 step=70250/80000 loss=0.207348 lr=4.6e-05
[fit] 0030m/F80k/fresh p1 step=70500/80000 loss=0.207659 lr=4.4e-05
[fit] 0030m/F80k/fresh p1 step=70750/80000 loss=0.205065 lr=4.2e-05
[fit] 0030m/F80k/fresh p1 step=71000/80000 loss=0.201999 lr=4.1e-05
[fit] 0030m/F80k/fresh p1 step=71250/80000 loss=0.20175 lr=3.9e-05
[fit] 0030m/F80k/fresh p1 step=71500/80000 loss=0.198553 lr=3.7e-05
[fit] 0030m/F80k/fresh p1 step=71750/80000 loss=0.20941 lr=3.6e-05
[fit] 0030m/F80k/fresh p1 step=72000/80000 loss=0.198672 lr=3.4e-05
[fit] 0030m/F80k/fresh p1 step=72250/80000 loss=0.206156 lr=3.3e-05
[fit] 0030m/F80k/fresh p1 step=72500/80000 loss=0.201078 lr=3.1e-05
[fit] 0030m/F80k/fresh p1 step=72750/80000 loss=0.204774 lr=3e-05
[fit] 0030m/F80k/fresh p1 step=73000/80000 loss=0.199129 lr=2.9e-05
[fit] 0030m/F80k/fresh p1 step=73250/80000 loss=0.201308 lr=2.7e-05
[fit] 0030m/F80k/fresh p1 step=73500/80000 loss=0.202566 lr=2.6e-05
[fit] 0030m/F80k/fresh p1 step=73750/80000 loss=0.205856 lr=2.5e-05
[fit] 0030m/F80k/fresh p1 step=74000/80000 loss=0.200304 lr=2.4e-05
[fit] 0030m/F80k/fresh p1 step=74250/80000 loss=0.210215 lr=2.3e-05
[fit] 0030m/F80k/fresh p1 step=74500/80000 loss=0.206485 lr=2.2e-05
[fit] 0030m/F80k/fresh p1 step=74750/80000 loss=0.207591 lr=2e-05
[fit] 0030m/F80k/fresh p1 step=75000/80000 loss=0.205307 lr=2e-05
[fit] 0030m/F80k/fresh p1 step=75250/80000 loss=0.208294 lr=1.9e-05
[fit] 0030m/F80k/fresh p1 step=75500/80000 loss=0.20014 lr=1.8e-05
[fit] 0030m/F80k/fresh p1 step=75750/80000 loss=0.204077 lr=1.7e-05
[fit] 0030m/F80k/fresh p1 step=76000/80000 loss=0.206492 lr=1.6e-05
[fit] 0030m/F80k/fresh p1 step=76250/80000 loss=0.206113 lr=1.5e-05
[fit] 0030m/F80k/fresh p1 step=76500/80000 loss=0.202843 lr=1.5e-05
[fit] 0030m/F80k/fresh p1 step=76750/80000 loss=0.206835 lr=1.4e-05
[fit] 0030m/F80k/fresh p1 step=77000/80000 loss=0.202625 lr=1.3e-05
[fit] 0030m/F80k/fresh p1 step=77250/80000 loss=0.200963 lr=1.3e-05
[fit] 0030m/F80k/fresh p1 step=77500/80000 loss=0.204804 lr=1.2e-05
[fit] 0030m/F80k/fresh p1 step=77750/80000 loss=0.209074 lr=1.2e-05
[fit] 0030m/F80k/fresh p1 step=78000/80000 loss=0.200515 lr=1.2e-05
[fit] 0030m/F80k/fresh p1 step=78250/80000 loss=0.207123 lr=1.1e-05
[fit] 0030m/F80k/fresh p1 step=78500/80000 loss=0.198786 lr=1.1e-05
[fit] 0030m/F80k/fresh p1 step=78750/80000 loss=0.202831 lr=1.1e-05
[fit] 0030m/F80k/fresh p1 step=79000/80000 loss=0.206445 lr=1e-05
[fit] 0030m/F80k/fresh p1 step=79250/80000 loss=0.20498 lr=1e-05
[fit] 0030m/F80k/fresh p1 step=79500/80000 loss=0.206498 lr=1e-05
[fit] 0030m/F80k/fresh p1 step=79750/80000 loss=0.210603 lr=1e-05
[fit] 0030m/F80k/fresh p1 step=80000/80000 loss=0.203958 lr=1e-05
[fit] 0030m/F80k/fresh p2 step=40250/80000 loss=0.236336 lr=0.0005
[fit] 0030m/F80k/fresh p2 step=40500/80000 loss=0.224135 lr=0.0005
[fit] 0030m/F80k/fresh p2 step=40750/80000 loss=0.221658 lr=0.00049
[fit] 0030m/F80k/fresh p2 step=41000/80000 loss=0.224774 lr=0.00049
[fit] 0030m/F80k/fresh p2 step=41250/80000 loss=0.21905 lr=0.00048
[fit] 0030m/F80k/fresh p2 step=41500/80000 loss=0.225438 lr=0.00048
[fit] 0030m/F80k/fresh p2 step=41750/80000 loss=0.218575 lr=0.00047
[fit] 0030m/F80k/fresh p2 step=42000/80000 loss=0.22263 lr=0.00047
[fit] 0030m/F80k/fresh p2 step=42250/80000 loss=0.219386 lr=0.00046
[fit] 0030m/F80k/fresh p2 step=42500/80000 loss=0.227107 lr=0.00046
[fit] 0030m/F80k/fresh p2 step=42750/80000 loss=0.230489 lr=0.00045
[fit] 0030m/F80k/fresh p2 step=43000/80000 loss=0.224673 lr=0.00045
[fit] 0030m/F80k/fresh p2 step=43250/80000 loss=0.223078 lr=0.00044
[fit] 0030m/F80k/fresh p2 step=43500/80000 loss=0.228298 lr=0.00044
[fit] 0030m/F80k/fresh p2 step=43750/80000 loss=0.225553 lr=0.00043
[fit] 0030m/F80k/fresh p2 step=44000/80000 loss=0.226115 lr=0.00043
[fit] 0030m/F80k/fresh p2 step=44250/80000 loss=0.225641 lr=0.00042
[fit] 0030m/F80k/fresh p2 step=44500/80000 loss=0.222716 lr=0.00042
[fit] 0030m/F80k/fresh p2 step=44750/80000 loss=0.223214 lr=0.00041
[fit] 0030m/F80k/fresh p2 step=45000/80000 loss=0.230592 lr=0.00041
[fit] 0030m/F80k/fresh p2 step=45250/80000 loss=0.226686 lr=0.0004
[fit] 0030m/F80k/fresh p2 step=45500/80000 loss=0.223874 lr=0.0004
[fit] 0030m/F80k/fresh p2 step=45750/80000 loss=0.227195 lr=0.00039
[fit] 0030m/F80k/fresh p2 step=46000/80000 loss=0.222215 lr=0.00039
[fit] 0030m/F80k/fresh p2 step=46250/80000 loss=0.225778 lr=0.00038
[fit] 0030m/F80k/fresh p2 step=46500/80000 loss=0.221915 lr=0.00038
[fit] 0030m/F80k/fresh p2 step=46750/80000 loss=0.225275 lr=0.00038
[fit] 0030m/F80k/fresh p2 step=47000/80000 loss=0.218431 lr=0.00037
[fit] 0030m/F80k/fresh p2 step=47250/80000 loss=0.225971 lr=0.00037
[fit] 0030m/F80k/fresh p2 step=47500/80000 loss=0.227574 lr=0.00036
[fit] 0030m/F80k/fresh p2 step=47750/80000 loss=0.223549 lr=0.00036
[fit] 0030m/F80k/fresh p2 step=48000/80000 loss=0.229184 lr=0.00035
[fit] 0030m/F80k/fresh p2 step=48250/80000 loss=0.226044 lr=0.00035
[fit] 0030m/F80k/fresh p2 step=48500/80000 loss=0.213233 lr=0.00034
[fit] 0030m/F80k/fresh p2 step=48750/80000 loss=0.225746 lr=0.00034
[fit] 0030m/F80k/fresh p2 step=49000/80000 loss=0.226301 lr=0.00033
[fit] 0030m/F80k/fresh p2 step=49250/80000 loss=0.225939 lr=0.00033
[fit] 0030m/F80k/fresh p2 step=49500/80000 loss=0.217075 lr=0.00032
[fit] 0030m/F80k/fresh p2 step=49750/80000 loss=0.222327 lr=0.00032
[fit] 0030m/F80k/fresh p2 step=50000/80000 loss=0.220198 lr=0.00032
[fit] 0030m/F80k/fresh p2 step=50250/80000 loss=0.221 lr=0.00031
[fit] 0030m/F80k/fresh p2 step=50500/80000 loss=0.228604 lr=0.00031
[fit] 0030m/F80k/fresh p2 step=50750/80000 loss=0.226438 lr=0.0003
[fit] 0030m/F80k/fresh p2 step=51000/80000 loss=0.227422 lr=0.0003
[fit] 0030m/F80k/fresh p2 step=51250/80000 loss=0.219564 lr=0.00029
[fit] 0030m/F80k/fresh p2 step=51500/80000 loss=0.223647 lr=0.00029
[fit] 0030m/F80k/fresh p2 step=51750/80000 loss=0.224293 lr=0.00028
[fit] 0030m/F80k/fresh p2 step=52000/80000 loss=0.233259 lr=0.00028
[fit] 0030m/F80k/fresh p2 step=52250/80000 loss=0.222958 lr=0.00028
[fit] 0030m/F80k/fresh p2 step=52500/80000 loss=0.220298 lr=0.00027
[fit] 0030m/F80k/fresh p2 step=52750/80000 loss=0.222473 lr=0.00027
[fit] 0030m/F80k/fresh p2 step=53000/80000 loss=0.217949 lr=0.00026
[fit] 0030m/F80k/fresh p2 step=53250/80000 loss=0.222032 lr=0.00026
[fit] 0030m/F80k/fresh p2 step=53500/80000 loss=0.218641 lr=0.00025
[fit] 0030m/F80k/fresh p2 step=53750/80000 loss=0.228418 lr=0.00025
[fit] 0030m/F80k/fresh p2 step=54000/80000 loss=0.218169 lr=0.00025
[fit] 0030m/F80k/fresh p2 step=54250/80000 loss=0.229285 lr=0.00024
[fit] 0030m/F80k/fresh p2 step=54500/80000 loss=0.22349 lr=0.00024
[fit] 0030m/F80k/fresh p2 step=54750/80000 loss=0.22331 lr=0.00023
[fit] 0030m/F80k/fresh p2 step=55000/80000 loss=0.219463 lr=0.00023
[fit] 0030m/F80k/fresh p2 step=55250/80000 loss=0.220105 lr=0.00023
[fit] 0030m/F80k/fresh p2 step=55500/80000 loss=0.227579 lr=0.00022
[fit] 0030m/F80k/fresh p2 step=55750/80000 loss=0.225108 lr=0.00022
[fit] 0030m/F80k/fresh p2 step=56000/80000 loss=0.227359 lr=0.00021
[fit] 0030m/F80k/fresh p2 step=56250/80000 loss=0.225987 lr=0.00021
[fit] 0030m/F80k/fresh p2 step=56500/80000 loss=0.217874 lr=0.00021
[fit] 0030m/F80k/fresh p2 step=56750/80000 loss=0.225569 lr=0.0002
[fit] 0030m/F80k/fresh p2 step=57000/80000 loss=0.227083 lr=0.0002
[fit] 0030m/F80k/fresh p2 step=57250/80000 loss=0.221969 lr=0.00019
[fit] 0030m/F80k/fresh p2 step=57500/80000 loss=0.230605 lr=0.00019
[fit] 0030m/F80k/fresh p2 step=57750/80000 loss=0.231373 lr=0.00019
[fit] 0030m/F80k/fresh p2 step=58000/80000 loss=0.223768 lr=0.00018
[fit] 0030m/F80k/fresh p2 step=58250/80000 loss=0.225465 lr=0.00018
[fit] 0030m/F80k/fresh p2 step=58500/80000 loss=0.218975 lr=0.00018
[fit] 0030m/F80k/fresh p2 step=58750/80000 loss=0.216187 lr=0.00017
[fit] 0030m/F80k/fresh p2 step=59000/80000 loss=0.222365 lr=0.00017
[fit] 0030m/F80k/fresh p2 step=59250/80000 loss=0.227198 lr=0.00017
[fit] 0030m/F80k/fresh p2 step=59500/80000 loss=0.230593 lr=0.00016
[fit] 0030m/F80k/fresh p2 step=59750/80000 loss=0.224486 lr=0.00016
[fit] 0030m/F80k/fresh p2 step=60000/80000 loss=0.228787 lr=0.00015
[fit] 0030m/F80k/fresh p2 step=60250/80000 loss=0.229125 lr=0.00015
[fit] 0030m/F80k/fresh p2 step=60500/80000 loss=0.225082 lr=0.00015
[fit] 0030m/F80k/fresh p2 step=60750/80000 loss=0.226746 lr=0.00014
[fit] 0030m/F80k/fresh p2 step=61000/80000 loss=0.22022 lr=0.00014
[fit] 0030m/F80k/fresh p2 step=61250/80000 loss=0.224852 lr=0.00014
[fit] 0030m/F80k/fresh p2 step=61500/80000 loss=0.224505 lr=0.00013
[fit] 0030m/F80k/fresh p2 step=61750/80000 loss=0.224087 lr=0.00013
[fit] 0030m/F80k/fresh p2 step=62000/80000 loss=0.220014 lr=0.00013
[fit] 0030m/F80k/fresh p2 step=62250/80000 loss=0.229542 lr=0.00013
[fit] 0030m/F80k/fresh p2 step=62500/80000 loss=0.218568 lr=0.00012
[fit] 0030m/F80k/fresh p2 step=62750/80000 loss=0.226114 lr=0.00012
[fit] 0030m/F80k/fresh p2 step=63000/80000 loss=0.231082 lr=0.00012
[fit] 0030m/F80k/fresh p2 step=63250/80000 loss=0.223802 lr=0.00011
[fit] 0030m/F80k/fresh p2 step=63500/80000 loss=0.227698 lr=0.00011
[fit] 0030m/F80k/fresh p2 step=63750/80000 loss=0.222769 lr=0.00011
[fit] 0030m/F80k/fresh p2 step=64000/80000 loss=0.223643 lr=0.0001
[fit] 0030m/F80k/fresh p2 step=64250/80000 loss=0.226426 lr=0.0001
[fit] 0030m/F80k/fresh p2 step=64500/80000 loss=0.223914 lr=9.9e-05
[fit] 0030m/F80k/fresh p2 step=64750/80000 loss=0.228457 lr=9.6e-05
[fit] 0030m/F80k/fresh p2 step=65000/80000 loss=0.225431 lr=9.3e-05
[fit] 0030m/F80k/fresh p2 step=65250/80000 loss=0.22155 lr=9.1e-05
[fit] 0030m/F80k/fresh p2 step=65500/80000 loss=0.224136 lr=8.8e-05
[fit] 0030m/F80k/fresh p2 step=65750/80000 loss=0.219245 lr=8.6e-05
[fit] 0030m/F80k/fresh p2 step=66000/80000 loss=0.223568 lr=8.3e-05
[fit] 0030m/F80k/fresh p2 step=66250/80000 loss=0.223109 lr=8e-05
[fit] 0030m/F80k/fresh p2 step=66500/80000 loss=0.219464 lr=7.8e-05
[fit] 0030m/F80k/fresh p2 step=66750/80000 loss=0.221222 lr=7.6e-05
[fit] 0030m/F80k/fresh p2 step=67000/80000 loss=0.218712 lr=7.3e-05
[fit] 0030m/F80k/fresh p2 step=67250/80000 loss=0.22474 lr=7.1e-05
[fit] 0030m/F80k/fresh p2 step=67500/80000 loss=0.219312 lr=6.8e-05
[fit] 0030m/F80k/fresh p2 step=67750/80000 loss=0.228348 lr=6.6e-05
[fit] 0030m/F80k/fresh p2 step=68000/80000 loss=0.225889 lr=6.4e-05
[fit] 0030m/F80k/fresh p2 step=68250/80000 loss=0.225304 lr=6.2e-05
[fit] 0030m/F80k/fresh p2 step=68500/80000 loss=0.216102 lr=6e-05
[fit] 0030m/F80k/fresh p2 step=68750/80000 loss=0.224414 lr=5.8e-05
[fit] 0030m/F80k/fresh p2 step=69000/80000 loss=0.22722 lr=5.5e-05
[fit] 0030m/F80k/fresh p2 step=69250/80000 loss=0.226946 lr=5.3e-05
[fit] 0030m/F80k/fresh p2 step=69500/80000 loss=0.226073 lr=5.1e-05
[fit] 0030m/F80k/fresh p2 step=69750/80000 loss=0.218959 lr=5e-05
[fit] 0030m/F80k/fresh p2 step=70000/80000 loss=0.221048 lr=4.8e-05
[fit] 0030m/F80k/fresh p2 step=70250/80000 loss=0.222775 lr=4.6e-05
[fit] 0030m/F80k/fresh p2 step=70500/80000 loss=0.221943 lr=4.4e-05
[fit] 0030m/F80k/fresh p2 step=70750/80000 loss=0.224451 lr=4.2e-05
[fit] 0030m/F80k/fresh p2 step=71000/80000 loss=0.221663 lr=4.1e-05
[fit] 0030m/F80k/fresh p2 step=71250/80000 loss=0.215786 lr=3.9e-05
[fit] 0030m/F80k/fresh p2 step=71500/80000 loss=0.216447 lr=3.7e-05
[fit] 0030m/F80k/fresh p2 step=71750/80000 loss=0.223214 lr=3.6e-05
[fit] 0030m/F80k/fresh p2 step=72000/80000 loss=0.220258 lr=3.4e-05
[fit] 0030m/F80k/fresh p2 step=72250/80000 loss=0.220057 lr=3.3e-05
[fit] 0030m/F80k/fresh p2 step=72500/80000 loss=0.222484 lr=3.1e-05
[fit] 0030m/F80k/fresh p2 step=72750/80000 loss=0.226182 lr=3e-05
[fit] 0030m/F80k/fresh p2 step=73000/80000 loss=0.221596 lr=2.9e-05
[fit] 0030m/F80k/fresh p2 step=73250/80000 loss=0.224939 lr=2.7e-05
[fit] 0030m/F80k/fresh p2 step=73500/80000 loss=0.228135 lr=2.6e-05
[fit] 0030m/F80k/fresh p2 step=73750/80000 loss=0.223026 lr=2.5e-05
[fit] 0030m/F80k/fresh p2 step=74000/80000 loss=0.219042 lr=2.4e-05
[fit] 0030m/F80k/fresh p2 step=74250/80000 loss=0.224081 lr=2.3e-05
[fit] 0030m/F80k/fresh p2 step=74500/80000 loss=0.220637 lr=2.2e-05
[fit] 0030m/F80k/fresh p2 step=74750/80000 loss=0.224402 lr=2e-05
[fit] 0030m/F80k/fresh p2 step=75000/80000 loss=0.224215 lr=2e-05
[fit] 0030m/F80k/fresh p2 step=75250/80000 loss=0.216547 lr=1.9e-05
[fit] 0030m/F80k/fresh p2 step=75500/80000 loss=0.219666 lr=1.8e-05
[fit] 0030m/F80k/fresh p2 step=75750/80000 loss=0.220828 lr=1.7e-05
[fit] 0030m/F80k/fresh p2 step=76000/80000 loss=0.227538 lr=1.6e-05
[fit] 0030m/F80k/fresh p2 step=76250/80000 loss=0.226441 lr=1.5e-05
[fit] 0030m/F80k/fresh p2 step=76500/80000 loss=0.221269 lr=1.5e-05
[fit] 0030m/F80k/fresh p2 step=76750/80000 loss=0.224531 lr=1.4e-05
[fit] 0030m/F80k/fresh p2 step=77000/80000 loss=0.221992 lr=1.3e-05
[fit] 0030m/F80k/fresh p2 step=77250/80000 loss=0.221368 lr=1.3e-05
[fit] 0030m/F80k/fresh p2 step=77500/80000 loss=0.222626 lr=1.2e-05
[fit] 0030m/F80k/fresh p2 step=77750/80000 loss=0.22944 lr=1.2e-05
[fit] 0030m/F80k/fresh p2 step=78000/80000 loss=0.218244 lr=1.2e-05
[fit] 0030m/F80k/fresh p2 step=78250/80000 loss=0.219145 lr=1.1e-05
[fit] 0030m/F80k/fresh p2 step=78500/80000 loss=0.222096 lr=1.1e-05
[fit] 0030m/F80k/fresh p2 step=78750/80000 loss=0.225138 lr=1.1e-05
[fit] 0030m/F80k/fresh p2 step=79000/80000 loss=0.223609 lr=1e-05
[fit] 0030m/F80k/fresh p2 step=79250/80000 loss=0.227971 lr=1e-05
[fit] 0030m/F80k/fresh p2 step=79500/80000 loss=0.221261 lr=1e-05
[fit] 0030m/F80k/fresh p2 step=79750/80000 loss=0.221297 lr=1e-05
[fit] 0030m/F80k/fresh p2 step=80000/80000 loss=0.221295 lr=1e-05
[eval] 0030m/F80k/fresh/80000 exploitability=0.00566547 eval_s=19.4
[arm] 0030m/X/exact seed=17031 batch=16384 loss=cross_entropy fitted=0 cuda_free_gib=3.40
[fit] 0030m/X/exact p1 step=250/40000 loss=0.281316 lr=0.001
[fit] 0030m/X/exact p1 step=500/40000 loss=0.229368 lr=0.001
[fit] 0030m/X/exact p1 step=750/40000 loss=0.21735 lr=0.001
[fit] 0030m/X/exact p1 step=1000/40000 loss=0.213595 lr=0.001
[fit] 0030m/X/exact p1 step=1250/40000 loss=0.208378 lr=0.001
[fit] 0030m/X/exact p1 step=1500/40000 loss=0.207705 lr=0.001
[fit] 0030m/X/exact p1 step=1750/40000 loss=0.200605 lr=0.001
[fit] 0030m/X/exact p1 step=2000/40000 loss=0.208126 lr=0.00099
[fit] 0030m/X/exact p1 step=2250/40000 loss=0.206734 lr=0.00099
[fit] 0030m/X/exact p1 step=2500/40000 loss=0.20361 lr=0.00099
[fit] 0030m/X/exact p1 step=2750/40000 loss=0.201802 lr=0.00099
[fit] 0030m/X/exact p1 step=3000/40000 loss=0.203814 lr=0.00099
[fit] 0030m/X/exact p1 step=3250/40000 loss=0.20548 lr=0.00098
[fit] 0030m/X/exact p1 step=3500/40000 loss=0.204746 lr=0.00098
[fit] 0030m/X/exact p1 step=3750/40000 loss=0.208404 lr=0.00098
[fit] 0030m/X/exact p1 step=4000/40000 loss=0.200643 lr=0.00098
[fit] 0030m/X/exact p1 step=4250/40000 loss=0.20238 lr=0.00097
[fit] 0030m/X/exact p1 step=4500/40000 loss=0.203668 lr=0.00097
[fit] 0030m/X/exact p1 step=4750/40000 loss=0.204449 lr=0.00097
[fit] 0030m/X/exact p1 step=5000/40000 loss=0.202999 lr=0.00096
[fit] 0030m/X/exact p1 step=5250/40000 loss=0.209014 lr=0.00096
[fit] 0030m/X/exact p1 step=5500/40000 loss=0.203472 lr=0.00095
[fit] 0030m/X/exact p1 step=5750/40000 loss=0.204498 lr=0.00095
[fit] 0030m/X/exact p1 step=6000/40000 loss=0.203879 lr=0.00095
[fit] 0030m/X/exact p1 step=6250/40000 loss=0.202825 lr=0.00094
[fit] 0030m/X/exact p1 step=6500/40000 loss=0.204223 lr=0.00094
[fit] 0030m/X/exact p1 step=6750/40000 loss=0.199376 lr=0.00093
[fit] 0030m/X/exact p1 step=7000/40000 loss=0.201381 lr=0.00093
[fit] 0030m/X/exact p1 step=7250/40000 loss=0.20357 lr=0.00092
[fit] 0030m/X/exact p1 step=7500/40000 loss=0.209698 lr=0.00092
[fit] 0030m/X/exact p1 step=7750/40000 loss=0.203599 lr=0.00091
[fit] 0030m/X/exact p1 step=8000/40000 loss=0.200658 lr=0.00091
[fit] 0030m/X/exact p1 step=8250/40000 loss=0.203212 lr=0.0009
[fit] 0030m/X/exact p1 step=8500/40000 loss=0.200217 lr=0.00089
[fit] 0030m/X/exact p1 step=8750/40000 loss=0.198473 lr=0.00089
[fit] 0030m/X/exact p1 step=9000/40000 loss=0.20511 lr=0.00088
[fit] 0030m/X/exact p1 step=9250/40000 loss=0.201923 lr=0.00088
[fit] 0030m/X/exact p1 step=9500/40000 loss=0.196999 lr=0.00087
[fit] 0030m/X/exact p1 step=9750/40000 loss=0.200868 lr=0.00086
[fit] 0030m/X/exact p1 step=10000/40000 loss=0.204139 lr=0.00086
[fit] 0030m/X/exact p2 step=250/40000 loss=0.378069 lr=0.001
[fit] 0030m/X/exact p2 step=500/40000 loss=0.313449 lr=0.001
[fit] 0030m/X/exact p2 step=750/40000 loss=0.289357 lr=0.001
[fit] 0030m/X/exact p2 step=1000/40000 loss=0.286013 lr=0.001
[fit] 0030m/X/exact p2 step=1250/40000 loss=0.272245 lr=0.001
[fit] 0030m/X/exact p2 step=1500/40000 loss=0.264238 lr=0.001
[fit] 0030m/X/exact p2 step=1750/40000 loss=0.262466 lr=0.001
[fit] 0030m/X/exact p2 step=2000/40000 loss=0.263911 lr=0.00099
[fit] 0030m/X/exact p2 step=2250/40000 loss=0.255492 lr=0.00099
[fit] 0030m/X/exact p2 step=2500/40000 loss=0.258457 lr=0.00099
[fit] 0030m/X/exact p2 step=2750/40000 loss=0.250861 lr=0.00099
[fit] 0030m/X/exact p2 step=3000/40000 loss=0.249634 lr=0.00099
[fit] 0030m/X/exact p2 step=3250/40000 loss=0.251411 lr=0.00098
[fit] 0030m/X/exact p2 step=3500/40000 loss=0.24704 lr=0.00098
[fit] 0030m/X/exact p2 step=3750/40000 loss=0.246927 lr=0.00098
[fit] 0030m/X/exact p2 step=4000/40000 loss=0.250793 lr=0.00098
[fit] 0030m/X/exact p2 step=4250/40000 loss=0.248709 lr=0.00097
[fit] 0030m/X/exact p2 step=4500/40000 loss=0.249518 lr=0.00097
[fit] 0030m/X/exact p2 step=4750/40000 loss=0.25553 lr=0.00097
[fit] 0030m/X/exact p2 step=5000/40000 loss=0.257402 lr=0.00096
[fit] 0030m/X/exact p2 step=5250/40000 loss=0.252195 lr=0.00096
[fit] 0030m/X/exact p2 step=5500/40000 loss=0.250223 lr=0.00095
[fit] 0030m/X/exact p2 step=5750/40000 loss=0.246773 lr=0.00095
[fit] 0030m/X/exact p2 step=6000/40000 loss=0.248303 lr=0.00095
[fit] 0030m/X/exact p2 step=6250/40000 loss=0.247783 lr=0.00094
[fit] 0030m/X/exact p2 step=6500/40000 loss=0.246021 lr=0.00094
[fit] 0030m/X/exact p2 step=6750/40000 loss=0.250116 lr=0.00093
[fit] 0030m/X/exact p2 step=7000/40000 loss=0.247652 lr=0.00093
[fit] 0030m/X/exact p2 step=7250/40000 loss=0.250775 lr=0.00092
[fit] 0030m/X/exact p2 step=7500/40000 loss=0.245234 lr=0.00092
[fit] 0030m/X/exact p2 step=7750/40000 loss=0.247629 lr=0.00091
[fit] 0030m/X/exact p2 step=8000/40000 loss=0.245656 lr=0.00091
[fit] 0030m/X/exact p2 step=8250/40000 loss=0.248948 lr=0.0009
[fit] 0030m/X/exact p2 step=8500/40000 loss=0.245185 lr=0.00089
[fit] 0030m/X/exact p2 step=8750/40000 loss=0.242149 lr=0.00089
[fit] 0030m/X/exact p2 step=9000/40000 loss=0.245731 lr=0.00088
[fit] 0030m/X/exact p2 step=9250/40000 loss=0.246442 lr=0.00088
[fit] 0030m/X/exact p2 step=9500/40000 loss=0.246529 lr=0.00087
[fit] 0030m/X/exact p2 step=9750/40000 loss=0.246571 lr=0.00086
[fit] 0030m/X/exact p2 step=10000/40000 loss=0.24248 lr=0.00086
[eval] 0030m/X/exact/10000 exploitability=0.00934583 eval_s=19.4
[fit] 0030m/X/exact p1 step=10250/40000 loss=0.20278 lr=0.00085
[fit] 0030m/X/exact p1 step=10500/40000 loss=0.204111 lr=0.00084
[fit] 0030m/X/exact p1 step=10750/40000 loss=0.207928 lr=0.00083
[fit] 0030m/X/exact p1 step=11000/40000 loss=0.204308 lr=0.00083
[fit] 0030m/X/exact p1 step=11250/40000 loss=0.203603 lr=0.00082
[fit] 0030m/X/exact p1 step=11500/40000 loss=0.203453 lr=0.00081
[fit] 0030m/X/exact p1 step=11750/40000 loss=0.201433 lr=0.0008
[fit] 0030m/X/exact p1 step=12000/40000 loss=0.201185 lr=0.0008
[fit] 0030m/X/exact p1 step=12250/40000 loss=0.204541 lr=0.00079
[fit] 0030m/X/exact p1 step=12500/40000 loss=0.204432 lr=0.00078
[fit] 0030m/X/exact p1 step=12750/40000 loss=0.201737 lr=0.00077
[fit] 0030m/X/exact p1 step=13000/40000 loss=0.201957 lr=0.00076
[fit] 0030m/X/exact p1 step=13250/40000 loss=0.20549 lr=0.00076
[fit] 0030m/X/exact p1 step=13500/40000 loss=0.20776 lr=0.00075
[fit] 0030m/X/exact p1 step=13750/40000 loss=0.199553 lr=0.00074
[fit] 0030m/X/exact p1 step=14000/40000 loss=0.198366 lr=0.00073
[fit] 0030m/X/exact p1 step=14250/40000 loss=0.202117 lr=0.00072
[fit] 0030m/X/exact p1 step=14500/40000 loss=0.204979 lr=0.00071
[fit] 0030m/X/exact p1 step=14750/40000 loss=0.20346 lr=0.0007
[fit] 0030m/X/exact p1 step=15000/40000 loss=0.203791 lr=0.00069
[fit] 0030m/X/exact p1 step=15250/40000 loss=0.206025 lr=0.00069
[fit] 0030m/X/exact p1 step=15500/40000 loss=0.204794 lr=0.00068
[fit] 0030m/X/exact p1 step=15750/40000 loss=0.200077 lr=0.00067
[fit] 0030m/X/exact p1 step=16000/40000 loss=0.200044 lr=0.00066
[fit] 0030m/X/exact p1 step=16250/40000 loss=0.201251 lr=0.00065
[fit] 0030m/X/exact p1 step=16500/40000 loss=0.203712 lr=0.00064
[fit] 0030m/X/exact p1 step=16750/40000 loss=0.204581 lr=0.00063
[fit] 0030m/X/exact p1 step=17000/40000 loss=0.201937 lr=0.00062
[fit] 0030m/X/exact p1 step=17250/40000 loss=0.20437 lr=0.00061
[fit] 0030m/X/exact p1 step=17500/40000 loss=0.203886 lr=0.0006
[fit] 0030m/X/exact p1 step=17750/40000 loss=0.205955 lr=0.00059
[fit] 0030m/X/exact p1 step=18000/40000 loss=0.204999 lr=0.00058
[fit] 0030m/X/exact p1 step=18250/40000 loss=0.201284 lr=0.00057
[fit] 0030m/X/exact p1 step=18500/40000 loss=0.204045 lr=0.00056
[fit] 0030m/X/exact p1 step=18750/40000 loss=0.200777 lr=0.00055
[fit] 0030m/X/exact p1 step=19000/40000 loss=0.203676 lr=0.00054
[fit] 0030m/X/exact p1 step=19250/40000 loss=0.205098 lr=0.00053
[fit] 0030m/X/exact p1 step=19500/40000 loss=0.198395 lr=0.00052
[fit] 0030m/X/exact p1 step=19750/40000 loss=0.204743 lr=0.00051
[fit] 0030m/X/exact p1 step=20000/40000 loss=0.205584 lr=0.00051
[fit] 0030m/X/exact p2 step=10250/40000 loss=0.248025 lr=0.00085
[fit] 0030m/X/exact p2 step=10500/40000 loss=0.242822 lr=0.00084
[fit] 0030m/X/exact p2 step=10750/40000 loss=0.243852 lr=0.00083
[fit] 0030m/X/exact p2 step=11000/40000 loss=0.24562 lr=0.00083
[fit] 0030m/X/exact p2 step=11250/40000 loss=0.246577 lr=0.00082
[fit] 0030m/X/exact p2 step=11500/40000 loss=0.244428 lr=0.00081
[fit] 0030m/X/exact p2 step=11750/40000 loss=0.245752 lr=0.0008
[fit] 0030m/X/exact p2 step=12000/40000 loss=0.244695 lr=0.0008
[fit] 0030m/X/exact p2 step=12250/40000 loss=0.249663 lr=0.00079
[fit] 0030m/X/exact p2 step=12500/40000 loss=0.248171 lr=0.00078
[fit] 0030m/X/exact p2 step=12750/40000 loss=0.247666 lr=0.00077
[fit] 0030m/X/exact p2 step=13000/40000 loss=0.247129 lr=0.00076
[fit] 0030m/X/exact p2 step=13250/40000 loss=0.244751 lr=0.00076
[fit] 0030m/X/exact p2 step=13500/40000 loss=0.250429 lr=0.00075
[fit] 0030m/X/exact p2 step=13750/40000 loss=0.25084 lr=0.00074
[fit] 0030m/X/exact p2 step=14000/40000 loss=0.246343 lr=0.00073
[fit] 0030m/X/exact p2 step=14250/40000 loss=0.240144 lr=0.00072
[fit] 0030m/X/exact p2 step=14500/40000 loss=0.240174 lr=0.00071
[fit] 0030m/X/exact p2 step=14750/40000 loss=0.243783 lr=0.0007
[fit] 0030m/X/exact p2 step=15000/40000 loss=0.247637 lr=0.00069
[fit] 0030m/X/exact p2 step=15250/40000 loss=0.242424 lr=0.00069
[fit] 0030m/X/exact p2 step=15500/40000 loss=0.250225 lr=0.00068
[fit] 0030m/X/exact p2 step=15750/40000 loss=0.246247 lr=0.00067
[fit] 0030m/X/exact p2 step=16000/40000 loss=0.250795 lr=0.00066
[fit] 0030m/X/exact p2 step=16250/40000 loss=0.24468 lr=0.00065
[fit] 0030m/X/exact p2 step=16500/40000 loss=0.245023 lr=0.00064
[fit] 0030m/X/exact p2 step=16750/40000 loss=0.245078 lr=0.00063
[fit] 0030m/X/exact p2 step=17000/40000 loss=0.247667 lr=0.00062
[fit] 0030m/X/exact p2 step=17250/40000 loss=0.247024 lr=0.00061
[fit] 0030m/X/exact p2 step=17500/40000 loss=0.243055 lr=0.0006
[fit] 0030m/X/exact p2 step=17750/40000 loss=0.242884 lr=0.00059
[fit] 0030m/X/exact p2 step=18000/40000 loss=0.2512 lr=0.00058
[fit] 0030m/X/exact p2 step=18250/40000 loss=0.242934 lr=0.00057
[fit] 0030m/X/exact p2 step=18500/40000 loss=0.251426 lr=0.00056
[fit] 0030m/X/exact p2 step=18750/40000 loss=0.242821 lr=0.00055
[fit] 0030m/X/exact p2 step=19000/40000 loss=0.245339 lr=0.00054
[fit] 0030m/X/exact p2 step=19250/40000 loss=0.243408 lr=0.00053
[fit] 0030m/X/exact p2 step=19500/40000 loss=0.247417 lr=0.00052
[fit] 0030m/X/exact p2 step=19750/40000 loss=0.24117 lr=0.00051
[fit] 0030m/X/exact p2 step=20000/40000 loss=0.24746 lr=0.00051
[eval] 0030m/X/exact/20000 exploitability=0.00677989 eval_s=19.2
[fit] 0030m/X/exact p1 step=20250/40000 loss=0.196841 lr=0.0005
[fit] 0030m/X/exact p1 step=20500/40000 loss=0.195207 lr=0.00049
[fit] 0030m/X/exact p1 step=20750/40000 loss=0.202172 lr=0.00048
[fit] 0030m/X/exact p1 step=21000/40000 loss=0.202313 lr=0.00047
[fit] 0030m/X/exact p1 step=21250/40000 loss=0.199802 lr=0.00046
[fit] 0030m/X/exact p1 step=21500/40000 loss=0.200337 lr=0.00045
[fit] 0030m/X/exact p1 step=21750/40000 loss=0.199619 lr=0.00044
[fit] 0030m/X/exact p1 step=22000/40000 loss=0.200953 lr=0.00043
[fit] 0030m/X/exact p1 step=22250/40000 loss=0.204707 lr=0.00042
[fit] 0030m/X/exact p1 step=22500/40000 loss=0.203162 lr=0.00041
[fit] 0030m/X/exact p1 step=22750/40000 loss=0.200302 lr=0.0004
[fit] 0030m/X/exact p1 step=23000/40000 loss=0.199733 lr=0.00039
[fit] 0030m/X/exact p1 step=23250/40000 loss=0.202226 lr=0.00038
[fit] 0030m/X/exact p1 step=23500/40000 loss=0.202774 lr=0.00037
[fit] 0030m/X/exact p1 step=23750/40000 loss=0.203346 lr=0.00036
[fit] 0030m/X/exact p1 step=24000/40000 loss=0.20187 lr=0.00035
[fit] 0030m/X/exact p1 step=24250/40000 loss=0.204318 lr=0.00034
[fit] 0030m/X/exact p1 step=24500/40000 loss=0.19919 lr=0.00033
[fit] 0030m/X/exact p1 step=24750/40000 loss=0.203667 lr=0.00032
[fit] 0030m/X/exact p1 step=25000/40000 loss=0.204743 lr=0.00032
[fit] 0030m/X/exact p1 step=25250/40000 loss=0.201034 lr=0.00031
[fit] 0030m/X/exact p1 step=25500/40000 loss=0.199724 lr=0.0003
[fit] 0030m/X/exact p1 step=25750/40000 loss=0.204012 lr=0.00029
[fit] 0030m/X/exact p1 step=26000/40000 loss=0.200505 lr=0.00028
[fit] 0030m/X/exact p1 step=26250/40000 loss=0.204127 lr=0.00027
[fit] 0030m/X/exact p1 step=26500/40000 loss=0.210193 lr=0.00026
[fit] 0030m/X/exact p1 step=26750/40000 loss=0.199165 lr=0.00025
[fit] 0030m/X/exact p1 step=27000/40000 loss=0.199711 lr=0.00025
[fit] 0030m/X/exact p1 step=27250/40000 loss=0.198336 lr=0.00024
[fit] 0030m/X/exact p1 step=27500/40000 loss=0.198519 lr=0.00023
[fit] 0030m/X/exact p1 step=27750/40000 loss=0.201415 lr=0.00022
[fit] 0030m/X/exact p1 step=28000/40000 loss=0.201104 lr=0.00021
[fit] 0030m/X/exact p1 step=28250/40000 loss=0.201662 lr=0.00021
[fit] 0030m/X/exact p1 step=28500/40000 loss=0.199451 lr=0.0002
[fit] 0030m/X/exact p1 step=28750/40000 loss=0.203294 lr=0.00019
[fit] 0030m/X/exact p1 step=29000/40000 loss=0.205221 lr=0.00018
[fit] 0030m/X/exact p1 step=29250/40000 loss=0.203814 lr=0.00018
[fit] 0030m/X/exact p1 step=29500/40000 loss=0.203456 lr=0.00017
[fit] 0030m/X/exact p1 step=29750/40000 loss=0.206803 lr=0.00016
[fit] 0030m/X/exact p1 step=30000/40000 loss=0.202123 lr=0.00015
[fit] 0030m/X/exact p1 step=30250/40000 loss=0.205724 lr=0.00015
[fit] 0030m/X/exact p1 step=30500/40000 loss=0.201465 lr=0.00014
[fit] 0030m/X/exact p1 step=30750/40000 loss=0.200529 lr=0.00013
[fit] 0030m/X/exact p1 step=31000/40000 loss=0.198162 lr=0.00013
[fit] 0030m/X/exact p1 step=31250/40000 loss=0.202695 lr=0.00012
[fit] 0030m/X/exact p1 step=31500/40000 loss=0.197753 lr=0.00012
[fit] 0030m/X/exact p1 step=31750/40000 loss=0.1975 lr=0.00011
[fit] 0030m/X/exact p1 step=32000/40000 loss=0.20703 lr=0.0001
[fit] 0030m/X/exact p1 step=32250/40000 loss=0.206593 lr=9.9e-05
[fit] 0030m/X/exact p1 step=32500/40000 loss=0.203855 lr=9.3e-05
[fit] 0030m/X/exact p1 step=32750/40000 loss=0.199336 lr=8.8e-05
[fit] 0030m/X/exact p1 step=33000/40000 loss=0.201933 lr=8.3e-05
[fit] 0030m/X/exact p1 step=33250/40000 loss=0.202014 lr=7.8e-05
[fit] 0030m/X/exact p1 step=33500/40000 loss=0.204935 lr=7.3e-05
[fit] 0030m/X/exact p1 step=33750/40000 loss=0.203816 lr=6.8e-05
[fit] 0030m/X/exact p1 step=34000/40000 loss=0.199161 lr=6.4e-05
[fit] 0030m/X/exact p1 step=34250/40000 loss=0.202231 lr=6e-05
[fit] 0030m/X/exact p1 step=34500/40000 loss=0.204681 lr=5.5e-05
[fit] 0030m/X/exact p1 step=34750/40000 loss=0.199233 lr=5.1e-05
[fit] 0030m/X/exact p1 step=35000/40000 loss=0.202814 lr=4.8e-05
[fit] 0030m/X/exact p1 step=35250/40000 loss=0.196482 lr=4.4e-05
[fit] 0030m/X/exact p1 step=35500/40000 loss=0.202001 lr=4.1e-05
[fit] 0030m/X/exact p1 step=35750/40000 loss=0.20031 lr=3.7e-05
[fit] 0030m/X/exact p1 step=36000/40000 loss=0.19949 lr=3.4e-05
[fit] 0030m/X/exact p1 step=36250/40000 loss=0.202268 lr=3.1e-05
[fit] 0030m/X/exact p1 step=36500/40000 loss=0.205749 lr=2.9e-05
[fit] 0030m/X/exact p1 step=36750/40000 loss=0.199691 lr=2.6e-05
[fit] 0030m/X/exact p1 step=37000/40000 loss=0.204442 lr=2.4e-05
[fit] 0030m/X/exact p1 step=37250/40000 loss=0.203587 lr=2.2e-05
[fit] 0030m/X/exact p1 step=37500/40000 loss=0.197871 lr=2e-05
[fit] 0030m/X/exact p1 step=37750/40000 loss=0.202917 lr=1.8e-05
[fit] 0030m/X/exact p1 step=38000/40000 loss=0.199767 lr=1.6e-05
[fit] 0030m/X/exact p1 step=38250/40000 loss=0.205136 lr=1.5e-05
[fit] 0030m/X/exact p1 step=38500/40000 loss=0.206448 lr=1.3e-05
[fit] 0030m/X/exact p1 step=38750/40000 loss=0.204622 lr=1.2e-05
[fit] 0030m/X/exact p1 step=39000/40000 loss=0.202665 lr=1.2e-05
[fit] 0030m/X/exact p1 step=39250/40000 loss=0.206664 lr=1.1e-05
[fit] 0030m/X/exact p1 step=39500/40000 loss=0.199533 lr=1e-05
[fit] 0030m/X/exact p1 step=39750/40000 loss=0.205028 lr=1e-05
[fit] 0030m/X/exact p1 step=40000/40000 loss=0.209007 lr=1e-05
[fit] 0030m/X/exact p2 step=20250/40000 loss=0.244404 lr=0.0005
[fit] 0030m/X/exact p2 step=20500/40000 loss=0.24152 lr=0.00049
[fit] 0030m/X/exact p2 step=20750/40000 loss=0.244612 lr=0.00048
[fit] 0030m/X/exact p2 step=21000/40000 loss=0.247333 lr=0.00047
[fit] 0030m/X/exact p2 step=21250/40000 loss=0.245611 lr=0.00046
[fit] 0030m/X/exact p2 step=21500/40000 loss=0.249781 lr=0.00045
[fit] 0030m/X/exact p2 step=21750/40000 loss=0.246104 lr=0.00044
[fit] 0030m/X/exact p2 step=22000/40000 loss=0.242042 lr=0.00043
[fit] 0030m/X/exact p2 step=22250/40000 loss=0.246402 lr=0.00042
[fit] 0030m/X/exact p2 step=22500/40000 loss=0.251085 lr=0.00041
[fit] 0030m/X/exact p2 step=22750/40000 loss=0.246434 lr=0.0004
[fit] 0030m/X/exact p2 step=23000/40000 loss=0.245465 lr=0.00039
[fit] 0030m/X/exact p2 step=23250/40000 loss=0.248966 lr=0.00038
[fit] 0030m/X/exact p2 step=23500/40000 loss=0.24308 lr=0.00037
[fit] 0030m/X/exact p2 step=23750/40000 loss=0.248259 lr=0.00036
[fit] 0030m/X/exact p2 step=24000/40000 loss=0.246915 lr=0.00035
[fit] 0030m/X/exact p2 step=24250/40000 loss=0.253145 lr=0.00034
[fit] 0030m/X/exact p2 step=24500/40000 loss=0.247845 lr=0.00033
[fit] 0030m/X/exact p2 step=24750/40000 loss=0.244497 lr=0.00032
[fit] 0030m/X/exact p2 step=25000/40000 loss=0.242198 lr=0.00032
[fit] 0030m/X/exact p2 step=25250/40000 loss=0.244786 lr=0.00031
[fit] 0030m/X/exact p2 step=25500/40000 loss=0.242079 lr=0.0003
[fit] 0030m/X/exact p2 step=25750/40000 loss=0.23741 lr=0.00029
[fit] 0030m/X/exact p2 step=26000/40000 loss=0.244234 lr=0.00028
[fit] 0030m/X/exact p2 step=26250/40000 loss=0.243868 lr=0.00027
[fit] 0030m/X/exact p2 step=26500/40000 loss=0.244062 lr=0.00026
[fit] 0030m/X/exact p2 step=26750/40000 loss=0.243118 lr=0.00025
[fit] 0030m/X/exact p2 step=27000/40000 loss=0.246529 lr=0.00025
[fit] 0030m/X/exact p2 step=27250/40000 loss=0.242725 lr=0.00024
[fit] 0030m/X/exact p2 step=27500/40000 loss=0.248433 lr=0.00023
[fit] 0030m/X/exact p2 step=27750/40000 loss=0.245557 lr=0.00022
[fit] 0030m/X/exact p2 step=28000/40000 loss=0.242273 lr=0.00021
[fit] 0030m/X/exact p2 step=28250/40000 loss=0.245036 lr=0.00021
[fit] 0030m/X/exact p2 step=28500/40000 loss=0.243418 lr=0.0002
[fit] 0030m/X/exact p2 step=28750/40000 loss=0.244593 lr=0.00019
[fit] 0030m/X/exact p2 step=29000/40000 loss=0.244893 lr=0.00018
[fit] 0030m/X/exact p2 step=29250/40000 loss=0.239762 lr=0.00018
[fit] 0030m/X/exact p2 step=29500/40000 loss=0.243901 lr=0.00017
[fit] 0030m/X/exact p2 step=29750/40000 loss=0.244476 lr=0.00016
[fit] 0030m/X/exact p2 step=30000/40000 loss=0.241513 lr=0.00015
[fit] 0030m/X/exact p2 step=30250/40000 loss=0.243777 lr=0.00015
[fit] 0030m/X/exact p2 step=30500/40000 loss=0.242609 lr=0.00014
[fit] 0030m/X/exact p2 step=30750/40000 loss=0.244274 lr=0.00013
[fit] 0030m/X/exact p2 step=31000/40000 loss=0.244331 lr=0.00013
[fit] 0030m/X/exact p2 step=31250/40000 loss=0.246927 lr=0.00012
[fit] 0030m/X/exact p2 step=31500/40000 loss=0.24102 lr=0.00012
[fit] 0030m/X/exact p2 step=31750/40000 loss=0.241856 lr=0.00011
[fit] 0030m/X/exact p2 step=32000/40000 loss=0.24223 lr=0.0001
[fit] 0030m/X/exact p2 step=32250/40000 loss=0.246838 lr=9.9e-05
[fit] 0030m/X/exact p2 step=32500/40000 loss=0.24489 lr=9.3e-05
[fit] 0030m/X/exact p2 step=32750/40000 loss=0.248999 lr=8.8e-05
[fit] 0030m/X/exact p2 step=33000/40000 loss=0.240644 lr=8.3e-05
[fit] 0030m/X/exact p2 step=33250/40000 loss=0.245089 lr=7.8e-05
[fit] 0030m/X/exact p2 step=33500/40000 loss=0.248553 lr=7.3e-05
[fit] 0030m/X/exact p2 step=33750/40000 loss=0.2468 lr=6.8e-05
[fit] 0030m/X/exact p2 step=34000/40000 loss=0.245918 lr=6.4e-05
[fit] 0030m/X/exact p2 step=34250/40000 loss=0.244504 lr=6e-05
[fit] 0030m/X/exact p2 step=34500/40000 loss=0.250116 lr=5.5e-05
[fit] 0030m/X/exact p2 step=34750/40000 loss=0.241961 lr=5.1e-05
[fit] 0030m/X/exact p2 step=35000/40000 loss=0.244211 lr=4.8e-05
[fit] 0030m/X/exact p2 step=35250/40000 loss=0.245261 lr=4.4e-05
[fit] 0030m/X/exact p2 step=35500/40000 loss=0.241493 lr=4.1e-05
[fit] 0030m/X/exact p2 step=35750/40000 loss=0.240205 lr=3.7e-05
[fit] 0030m/X/exact p2 step=36000/40000 loss=0.252494 lr=3.4e-05
[fit] 0030m/X/exact p2 step=36250/40000 loss=0.243416 lr=3.1e-05
[fit] 0030m/X/exact p2 step=36500/40000 loss=0.243132 lr=2.9e-05
[fit] 0030m/X/exact p2 step=36750/40000 loss=0.242576 lr=2.6e-05
[fit] 0030m/X/exact p2 step=37000/40000 loss=0.244583 lr=2.4e-05
[fit] 0030m/X/exact p2 step=37250/40000 loss=0.24761 lr=2.2e-05
[fit] 0030m/X/exact p2 step=37500/40000 loss=0.241872 lr=2e-05
[fit] 0030m/X/exact p2 step=37750/40000 loss=0.241232 lr=1.8e-05
[fit] 0030m/X/exact p2 step=38000/40000 loss=0.245225 lr=1.6e-05
[fit] 0030m/X/exact p2 step=38250/40000 loss=0.246814 lr=1.5e-05
[fit] 0030m/X/exact p2 step=38500/40000 loss=0.245191 lr=1.3e-05
[fit] 0030m/X/exact p2 step=38750/40000 loss=0.240682 lr=1.2e-05
[fit] 0030m/X/exact p2 step=39000/40000 loss=0.248675 lr=1.2e-05
[fit] 0030m/X/exact p2 step=39250/40000 loss=0.240548 lr=1.1e-05
[fit] 0030m/X/exact p2 step=39500/40000 loss=0.242441 lr=1e-05
[fit] 0030m/X/exact p2 step=39750/40000 loss=0.246889 lr=1e-05
[fit] 0030m/X/exact p2 step=40000/40000 loss=0.253212 lr=1e-05
[eval] 0030m/X/exact/40000 exploitability=0.00533102 eval_s=18.9
[source done] 0030m iteration=908
[arm] 0045m/W500/warm seed=17031 batch=16384 loss=cross_entropy fitted=0 cuda_free_gib=3.40
[fit] 0045m/W500/warm p1 step=125/500 loss=0.203082 lr=0.00086
[fit] 0045m/W500/warm p2 step=125/500 loss=0.225916 lr=0.00086
[eval] 0045m/W500/warm/125 exploitability=0.00799741 eval_s=18.8
[fit] 0045m/W500/warm p1 step=250/500 loss=0.201467 lr=0.00051
[fit] 0045m/W500/warm p2 step=250/500 loss=0.222692 lr=0.00051
[eval] 0045m/W500/warm/250 exploitability=0.00573766 eval_s=19.0
[fit] 0045m/W500/warm p1 step=375/500 loss=0.203349 lr=0.00016
[fit] 0045m/W500/warm p2 step=375/500 loss=0.220851 lr=0.00016
[eval] 0045m/W500/warm/375 exploitability=0.00542857 eval_s=18.8
[fit] 0045m/W500/warm p1 step=500/500 loss=0.205212 lr=1e-05
[fit] 0045m/W500/warm p2 step=500/500 loss=0.224096 lr=1e-05
[eval] 0045m/W500/warm/500 exploitability=0.00529053 eval_s=19.0
[arm] 0045m/W1k/warm seed=17031 batch=16384 loss=cross_entropy fitted=0 cuda_free_gib=3.40
[fit] 0045m/W1k/warm p1 step=250/1000 loss=0.205457 lr=0.00086
[fit] 0045m/W1k/warm p2 step=250/1000 loss=0.222653 lr=0.00086
[eval] 0045m/W1k/warm/250 exploitability=0.00700719 eval_s=19.4
[fit] 0045m/W1k/warm p1 step=500/1000 loss=0.203803 lr=0.00051
[fit] 0045m/W1k/warm p2 step=500/1000 loss=0.223976 lr=0.00051
[eval] 0045m/W1k/warm/500 exploitability=0.00632929 eval_s=19.4
[fit] 0045m/W1k/warm p1 step=750/1000 loss=0.203623 lr=0.00016
[fit] 0045m/W1k/warm p2 step=750/1000 loss=0.21945 lr=0.00016
[eval] 0045m/W1k/warm/750 exploitability=0.00586727 eval_s=19.5
[fit] 0045m/W1k/warm p1 step=1000/1000 loss=0.202958 lr=1e-05
[fit] 0045m/W1k/warm p2 step=1000/1000 loss=0.21828 lr=1e-05
[eval] 0045m/W1k/warm/1000 exploitability=0.00549924 eval_s=19.5
[arm] 0045m/W2k/warm seed=17031 batch=16384 loss=cross_entropy fitted=0 cuda_free_gib=2.21
[fit] 0045m/W2k/warm p1 step=250/2000 loss=0.205459 lr=0.00096
[fit] 0045m/W2k/warm p1 step=500/2000 loss=0.20506 lr=0.00086
[fit] 0045m/W2k/warm p2 step=250/2000 loss=0.220953 lr=0.00096
[fit] 0045m/W2k/warm p2 step=500/2000 loss=0.223938 lr=0.00086
[eval] 0045m/W2k/warm/500 exploitability=0.00644051 eval_s=19.7
[fit] 0045m/W2k/warm p1 step=750/2000 loss=0.203594 lr=0.00069
[fit] 0045m/W2k/warm p1 step=1000/2000 loss=0.200755 lr=0.00051
[fit] 0045m/W2k/warm p2 step=750/2000 loss=0.219133 lr=0.00069
[fit] 0045m/W2k/warm p2 step=1000/2000 loss=0.217956 lr=0.00051
[eval] 0045m/W2k/warm/1000 exploitability=0.00748018 eval_s=19.6
[fit] 0045m/W2k/warm p1 step=1250/2000 loss=0.200686 lr=0.00032
[fit] 0045m/W2k/warm p1 step=1500/2000 loss=0.196889 lr=0.00016
[fit] 0045m/W2k/warm p2 step=1250/2000 loss=0.224597 lr=0.00032
[fit] 0045m/W2k/warm p2 step=1500/2000 loss=0.224466 lr=0.00016
[eval] 0045m/W2k/warm/1500 exploitability=0.00557812 eval_s=19.7
[fit] 0045m/W2k/warm p1 step=1750/2000 loss=0.201551 lr=4.8e-05
[fit] 0045m/W2k/warm p1 step=2000/2000 loss=0.201428 lr=1e-05
[fit] 0045m/W2k/warm p2 step=1750/2000 loss=0.217975 lr=4.8e-05
[fit] 0045m/W2k/warm p2 step=2000/2000 loss=0.221791 lr=1e-05
[eval] 0045m/W2k/warm/2000 exploitability=0.00506315 eval_s=19.6
[arm] 0045m/L1k/warm seed=17031 batch=16384 loss=cross_entropy fitted=0 cuda_free_gib=2.21
[fit] 0045m/L1k/warm p1 step=250/1000 loss=0.205484 lr=0.00026
[fit] 0045m/L1k/warm p2 step=250/1000 loss=0.222997 lr=0.00026
[eval] 0045m/L1k/warm/250 exploitability=0.00567348 eval_s=19.7
[fit] 0045m/L1k/warm p1 step=500/1000 loss=0.20386 lr=0.00015
[fit] 0045m/L1k/warm p2 step=500/1000 loss=0.224343 lr=0.00015
[eval] 0045m/L1k/warm/500 exploitability=0.00540756 eval_s=19.2
[fit] 0045m/L1k/warm p1 step=750/1000 loss=0.20372 lr=4.5e-05
[fit] 0045m/L1k/warm p2 step=750/1000 loss=0.219863 lr=4.5e-05
[eval] 0045m/L1k/warm/750 exploitability=0.00564204 eval_s=19.8
[fit] 0045m/L1k/warm p1 step=1000/1000 loss=0.203033 lr=1e-06
[fit] 0045m/L1k/warm p2 step=1000/1000 loss=0.218762 lr=1e-06
[eval] 0045m/L1k/warm/1000 exploitability=0.00540443 eval_s=19.5
[arm] 0045m/L5k/warm seed=17031 batch=16384 loss=cross_entropy fitted=0 cuda_free_gib=2.21
[fit] 0045m/L5k/warm p1 step=250/5000 loss=0.205483 lr=0.0003
[fit] 0045m/L5k/warm p1 step=500/5000 loss=0.205127 lr=0.00029
[fit] 0045m/L5k/warm p1 step=750/5000 loss=0.203808 lr=0.00028
[fit] 0045m/L5k/warm p1 step=1000/5000 loss=0.20561 lr=0.00027
[fit] 0045m/L5k/warm p1 step=1250/5000 loss=0.203636 lr=0.00026
[fit] 0045m/L5k/warm p2 step=250/5000 loss=0.220074 lr=0.0003
[fit] 0045m/L5k/warm p2 step=500/5000 loss=0.219779 lr=0.00029
[fit] 0045m/L5k/warm p2 step=750/5000 loss=0.218644 lr=0.00028
[fit] 0045m/L5k/warm p2 step=1000/5000 loss=0.224028 lr=0.00027
[fit] 0045m/L5k/warm p2 step=1250/5000 loss=0.2257 lr=0.00026
[eval] 0045m/L5k/warm/1250 exploitability=0.00567300 eval_s=19.5
[fit] 0045m/L5k/warm p1 step=1500/5000 loss=0.198185 lr=0.00024
[fit] 0045m/L5k/warm p1 step=1750/5000 loss=0.196884 lr=0.00022
[fit] 0045m/L5k/warm p1 step=2000/5000 loss=0.201675 lr=0.0002
[fit] 0045m/L5k/warm p1 step=2250/5000 loss=0.201517 lr=0.00017
[fit] 0045m/L5k/warm p1 step=2500/5000 loss=0.205531 lr=0.00015
[fit] 0045m/L5k/warm p2 step=1500/5000 loss=0.222382 lr=0.00024
[fit] 0045m/L5k/warm p2 step=1750/5000 loss=0.215861 lr=0.00022
[fit] 0045m/L5k/warm p2 step=2000/5000 loss=0.228417 lr=0.0002
[fit] 0045m/L5k/warm p2 step=2250/5000 loss=0.225471 lr=0.00017
[fit] 0045m/L5k/warm p2 step=2500/5000 loss=0.221507 lr=0.00015
[eval] 0045m/L5k/warm/2500 exploitability=0.00616371 eval_s=19.7
[fit] 0045m/L5k/warm p1 step=2750/5000 loss=0.205488 lr=0.00013
[fit] 0045m/L5k/warm p1 step=3000/5000 loss=0.205474 lr=0.0001
[fit] 0045m/L5k/warm p1 step=3250/5000 loss=0.199827 lr=8.3e-05
[fit] 0045m/L5k/warm p1 step=3500/5000 loss=0.201545 lr=6.3e-05
[fit] 0045m/L5k/warm p1 step=3750/5000 loss=0.209057 lr=4.5e-05
[fit] 0045m/L5k/warm p2 step=2750/5000 loss=0.220643 lr=0.00013
[fit] 0045m/L5k/warm p2 step=3000/5000 loss=0.223511 lr=0.0001
[fit] 0045m/L5k/warm p2 step=3250/5000 loss=0.218775 lr=8.3e-05
[fit] 0045m/L5k/warm p2 step=3500/5000 loss=0.217637 lr=6.3e-05
[fit] 0045m/L5k/warm p2 step=3750/5000 loss=0.221335 lr=4.5e-05
[eval] 0045m/L5k/warm/3750 exploitability=0.00531500 eval_s=19.6
[fit] 0045m/L5k/warm p1 step=4000/5000 loss=0.204653 lr=3e-05
[fit] 0045m/L5k/warm p1 step=4250/5000 loss=0.201207 lr=1.7e-05
[fit] 0045m/L5k/warm p1 step=4500/5000 loss=0.205819 lr=8.3e-06
[fit] 0045m/L5k/warm p1 step=4750/5000 loss=0.205134 lr=2.8e-06
[fit] 0045m/L5k/warm p1 step=5000/5000 loss=0.199634 lr=1e-06
[fit] 0045m/L5k/warm p2 step=4000/5000 loss=0.218311 lr=3e-05
[fit] 0045m/L5k/warm p2 step=4250/5000 loss=0.218389 lr=1.7e-05
[fit] 0045m/L5k/warm p2 step=4500/5000 loss=0.222795 lr=8.3e-06
[fit] 0045m/L5k/warm p2 step=4750/5000 loss=0.225627 lr=2.8e-06
[fit] 0045m/L5k/warm p2 step=5000/5000 loss=0.221046 lr=1e-06
[eval] 0045m/L5k/warm/5000 exploitability=0.00510122 eval_s=19.5
[arm] 0045m/R5k/warm_reset seed=17031 batch=16384 loss=cross_entropy fitted=0 cuda_free_gib=2.21
[fit] 0045m/R5k/warm_reset p1 step=250/5000 loss=0.205486 lr=0.00099
[fit] 0045m/R5k/warm_reset p1 step=500/5000 loss=0.205071 lr=0.00098
[fit] 0045m/R5k/warm_reset p1 step=750/5000 loss=0.203727 lr=0.00095
[fit] 0045m/R5k/warm_reset p1 step=1000/5000 loss=0.205474 lr=0.00091
[fit] 0045m/R5k/warm_reset p1 step=1250/5000 loss=0.203487 lr=0.00086
[fit] 0045m/R5k/warm_reset p2 step=250/5000 loss=0.219798 lr=0.00099
[fit] 0045m/R5k/warm_reset p2 step=500/5000 loss=0.219127 lr=0.00098
[fit] 0045m/R5k/warm_reset p2 step=750/5000 loss=0.217854 lr=0.00095
[fit] 0045m/R5k/warm_reset p2 step=1000/5000 loss=0.22283 lr=0.00091
[fit] 0045m/R5k/warm_reset p2 step=1250/5000 loss=0.224724 lr=0.00086
[eval] 0045m/R5k/warm_reset/1250 exploitability=0.00978165 eval_s=19.5
[fit] 0045m/R5k/warm_reset p1 step=1500/5000 loss=0.197962 lr=0.0008
[fit] 0045m/R5k/warm_reset p1 step=1750/5000 loss=0.196497 lr=0.00073
[fit] 0045m/R5k/warm_reset p1 step=2000/5000 loss=0.201378 lr=0.00066
[fit] 0045m/R5k/warm_reset p1 step=2250/5000 loss=0.201078 lr=0.00058
[fit] 0045m/R5k/warm_reset p1 step=2500/5000 loss=0.205258 lr=0.00051
[fit] 0045m/R5k/warm_reset p2 step=1500/5000 loss=0.221196 lr=0.0008
[fit] 0045m/R5k/warm_reset p2 step=1750/5000 loss=0.214389 lr=0.00073
[fit] 0045m/R5k/warm_reset p2 step=2000/5000 loss=0.226737 lr=0.00066
[fit] 0045m/R5k/warm_reset p2 step=2250/5000 loss=0.223732 lr=0.00058
[fit] 0045m/R5k/warm_reset p2 step=2500/5000 loss=0.219986 lr=0.00051
[eval] 0045m/R5k/warm_reset/2500 exploitability=0.00976607 eval_s=19.7
[fit] 0045m/R5k/warm_reset p1 step=2750/5000 loss=0.205172 lr=0.00043
[fit] 0045m/R5k/warm_reset p1 step=3000/5000 loss=0.204959 lr=0.00035
[fit] 0045m/R5k/warm_reset p1 step=3250/5000 loss=0.199282 lr=0.00028
[fit] 0045m/R5k/warm_reset p1 step=3500/5000 loss=0.20117 lr=0.00021
[fit] 0045m/R5k/warm_reset p1 step=3750/5000 loss=0.208684 lr=0.00016
[fit] 0045m/R5k/warm_reset p2 step=2750/5000 loss=0.218852 lr=0.00043
[fit] 0045m/R5k/warm_reset p2 step=3000/5000 loss=0.222063 lr=0.00035
[fit] 0045m/R5k/warm_reset p2 step=3250/5000 loss=0.217384 lr=0.00028
[fit] 0045m/R5k/warm_reset p2 step=3500/5000 loss=0.216373 lr=0.00021
[fit] 0045m/R5k/warm_reset p2 step=3750/5000 loss=0.219454 lr=0.00016
[eval] 0045m/R5k/warm_reset/3750 exploitability=0.00677343 eval_s=19.5
[fit] 0045m/R5k/warm_reset p1 step=4000/5000 loss=0.204225 lr=0.0001
[fit] 0045m/R5k/warm_reset p1 step=4250/5000 loss=0.200952 lr=6.4e-05
[fit] 0045m/R5k/warm_reset p1 step=4500/5000 loss=0.205561 lr=3.4e-05
[fit] 0045m/R5k/warm_reset p1 step=4750/5000 loss=0.204532 lr=1.6e-05
[fit] 0045m/R5k/warm_reset p1 step=5000/5000 loss=0.199364 lr=1e-05
[fit] 0045m/R5k/warm_reset p2 step=4000/5000 loss=0.216636 lr=0.0001
[fit] 0045m/R5k/warm_reset p2 step=4250/5000 loss=0.216371 lr=6.4e-05
[fit] 0045m/R5k/warm_reset p2 step=4500/5000 loss=0.220521 lr=3.4e-05
[fit] 0045m/R5k/warm_reset p2 step=4750/5000 loss=0.223731 lr=1.6e-05
[fit] 0045m/R5k/warm_reset p2 step=5000/5000 loss=0.219347 lr=1e-05
[eval] 0045m/R5k/warm_reset/5000 exploitability=0.00483627 eval_s=19.2
[arm] 0045m/R1k_constant/warm_reset seed=17031 batch=16384 loss=cross_entropy fitted=0 cuda_free_gib=2.21
[fit] 0045m/R1k_constant/warm_reset p1 step=250/1000 loss=0.205485 lr=0.001
[fit] 0045m/R1k_constant/warm_reset p2 step=250/1000 loss=0.222616 lr=0.001
[eval] 0045m/R1k_constant/warm_reset/250 exploitability=0.00719482 eval_s=19.1
[fit] 0045m/R1k_constant/warm_reset p1 step=500/1000 loss=0.203777 lr=0.001
[fit] 0045m/R1k_constant/warm_reset p1 step=750/1000 loss=0.205557 lr=0.001
[fit] 0045m/R1k_constant/warm_reset p1 step=1000/1000 loss=0.20356 lr=0.001
[fit] 0045m/R1k_constant/warm_reset p2 step=500/1000 loss=0.21934 lr=0.001
[fit] 0045m/R1k_constant/warm_reset p2 step=750/1000 loss=0.218737 lr=0.001
[fit] 0045m/R1k_constant/warm_reset p2 step=1000/1000 loss=0.21744 lr=0.001
[eval] 0045m/R1k_constant/warm_reset/1000 exploitability=0.00803483 eval_s=19.0
[arm] 0045m/F40k/fresh seed=17031 batch=16384 loss=cross_entropy fitted=0 cuda_free_gib=2.21
[fit] 0045m/F40k/fresh p1 step=250/40000 loss=0.2753 lr=0.001
[fit] 0045m/F40k/fresh p1 step=500/40000 loss=0.228735 lr=0.001
[fit] 0045m/F40k/fresh p1 step=750/40000 loss=0.215584 lr=0.001
[fit] 0045m/F40k/fresh p1 step=1000/40000 loss=0.213356 lr=0.001
[fit] 0045m/F40k/fresh p1 step=1250/40000 loss=0.20816 lr=0.001
[fit] 0045m/F40k/fresh p1 step=1500/40000 loss=0.204797 lr=0.001
[fit] 0045m/F40k/fresh p1 step=1750/40000 loss=0.206246 lr=0.001
[fit] 0045m/F40k/fresh p1 step=2000/40000 loss=0.204748 lr=0.00099
[fit] 0045m/F40k/fresh p1 step=2250/40000 loss=0.202821 lr=0.00099
[fit] 0045m/F40k/fresh p1 step=2500/40000 loss=0.198814 lr=0.00099
[fit] 0045m/F40k/fresh p1 step=2750/40000 loss=0.199957 lr=0.00099
[fit] 0045m/F40k/fresh p1 step=3000/40000 loss=0.198616 lr=0.00099
[fit] 0045m/F40k/fresh p1 step=3250/40000 loss=0.20329 lr=0.00098
[fit] 0045m/F40k/fresh p1 step=3500/40000 loss=0.202319 lr=0.00098
[fit] 0045m/F40k/fresh p1 step=3750/40000 loss=0.206543 lr=0.00098
[fit] 0045m/F40k/fresh p1 step=4000/40000 loss=0.206096 lr=0.00098
[fit] 0045m/F40k/fresh p1 step=4250/40000 loss=0.209532 lr=0.00097
[fit] 0045m/F40k/fresh p1 step=4500/40000 loss=0.205893 lr=0.00097
[fit] 0045m/F40k/fresh p1 step=4750/40000 loss=0.204533 lr=0.00097
[fit] 0045m/F40k/fresh p1 step=5000/40000 loss=0.203171 lr=0.00096
[fit] 0045m/F40k/fresh p1 step=5250/40000 loss=0.205974 lr=0.00096
[fit] 0045m/F40k/fresh p1 step=5500/40000 loss=0.206039 lr=0.00095
[fit] 0045m/F40k/fresh p1 step=5750/40000 loss=0.200862 lr=0.00095
[fit] 0045m/F40k/fresh p1 step=6000/40000 loss=0.201732 lr=0.00095
[fit] 0045m/F40k/fresh p1 step=6250/40000 loss=0.209452 lr=0.00094
[fit] 0045m/F40k/fresh p1 step=6500/40000 loss=0.201843 lr=0.00094
[fit] 0045m/F40k/fresh p1 step=6750/40000 loss=0.210217 lr=0.00093
[fit] 0045m/F40k/fresh p1 step=7000/40000 loss=0.205431 lr=0.00093
[fit] 0045m/F40k/fresh p1 step=7250/40000 loss=0.200307 lr=0.00092
[fit] 0045m/F40k/fresh p1 step=7500/40000 loss=0.201801 lr=0.00092
[fit] 0045m/F40k/fresh p1 step=7750/40000 loss=0.204671 lr=0.00091
[fit] 0045m/F40k/fresh p1 step=8000/40000 loss=0.201368 lr=0.00091
[fit] 0045m/F40k/fresh p1 step=8250/40000 loss=0.206029 lr=0.0009
[fit] 0045m/F40k/fresh p1 step=8500/40000 loss=0.205341 lr=0.00089
[fit] 0045m/F40k/fresh p1 step=8750/40000 loss=0.199853 lr=0.00089
[fit] 0045m/F40k/fresh p1 step=9000/40000 loss=0.198464 lr=0.00088
[fit] 0045m/F40k/fresh p1 step=9250/40000 loss=0.202643 lr=0.00088
[fit] 0045m/F40k/fresh p1 step=9500/40000 loss=0.207825 lr=0.00087
[fit] 0045m/F40k/fresh p1 step=9750/40000 loss=0.202158 lr=0.00086
[fit] 0045m/F40k/fresh p1 step=10000/40000 loss=0.204125 lr=0.00086
[fit] 0045m/F40k/fresh p2 step=250/40000 loss=0.320169 lr=0.001
[fit] 0045m/F40k/fresh p2 step=500/40000 loss=0.27721 lr=0.001
[fit] 0045m/F40k/fresh p2 step=750/40000 loss=0.256804 lr=0.001
[fit] 0045m/F40k/fresh p2 step=1000/40000 loss=0.244811 lr=0.001
[fit] 0045m/F40k/fresh p2 step=1250/40000 loss=0.241389 lr=0.001
[fit] 0045m/F40k/fresh p2 step=1500/40000 loss=0.242331 lr=0.001
[fit] 0045m/F40k/fresh p2 step=1750/40000 loss=0.235811 lr=0.001
[fit] 0045m/F40k/fresh p2 step=2000/40000 loss=0.236676 lr=0.00099
[fit] 0045m/F40k/fresh p2 step=2250/40000 loss=0.226858 lr=0.00099
[fit] 0045m/F40k/fresh p2 step=2500/40000 loss=0.23237 lr=0.00099
[fit] 0045m/F40k/fresh p2 step=2750/40000 loss=0.227471 lr=0.00099
[fit] 0045m/F40k/fresh p2 step=3000/40000 loss=0.234244 lr=0.00099
[fit] 0045m/F40k/fresh p2 step=3250/40000 loss=0.227563 lr=0.00098
[fit] 0045m/F40k/fresh p2 step=3500/40000 loss=0.229009 lr=0.00098
[fit] 0045m/F40k/fresh p2 step=3750/40000 loss=0.227343 lr=0.00098
[fit] 0045m/F40k/fresh p2 step=4000/40000 loss=0.226132 lr=0.00098
[fit] 0045m/F40k/fresh p2 step=4250/40000 loss=0.226877 lr=0.00097
[fit] 0045m/F40k/fresh p2 step=4500/40000 loss=0.226342 lr=0.00097
[fit] 0045m/F40k/fresh p2 step=4750/40000 loss=0.225461 lr=0.00097
[fit] 0045m/F40k/fresh p2 step=5000/40000 loss=0.226826 lr=0.00096
[fit] 0045m/F40k/fresh p2 step=5250/40000 loss=0.223589 lr=0.00096
[fit] 0045m/F40k/fresh p2 step=5500/40000 loss=0.224201 lr=0.00095
[fit] 0045m/F40k/fresh p2 step=5750/40000 loss=0.228527 lr=0.00095
[fit] 0045m/F40k/fresh p2 step=6000/40000 loss=0.224377 lr=0.00095
[fit] 0045m/F40k/fresh p2 step=6250/40000 loss=0.222176 lr=0.00094
[fit] 0045m/F40k/fresh p2 step=6500/40000 loss=0.219638 lr=0.00094
[fit] 0045m/F40k/fresh p2 step=6750/40000 loss=0.221684 lr=0.00093
[fit] 0045m/F40k/fresh p2 step=7000/40000 loss=0.220133 lr=0.00093
[fit] 0045m/F40k/fresh p2 step=7250/40000 loss=0.225528 lr=0.00092
[fit] 0045m/F40k/fresh p2 step=7500/40000 loss=0.225878 lr=0.00092
[fit] 0045m/F40k/fresh p2 step=7750/40000 loss=0.223657 lr=0.00091
[fit] 0045m/F40k/fresh p2 step=8000/40000 loss=0.220484 lr=0.00091
[fit] 0045m/F40k/fresh p2 step=8250/40000 loss=0.22137 lr=0.0009
[fit] 0045m/F40k/fresh p2 step=8500/40000 loss=0.218998 lr=0.00089
[fit] 0045m/F40k/fresh p2 step=8750/40000 loss=0.225003 lr=0.00089
[fit] 0045m/F40k/fresh p2 step=9000/40000 loss=0.221154 lr=0.00088
[fit] 0045m/F40k/fresh p2 step=9250/40000 loss=0.216279 lr=0.00088
[fit] 0045m/F40k/fresh p2 step=9500/40000 loss=0.220957 lr=0.00087
[fit] 0045m/F40k/fresh p2 step=9750/40000 loss=0.218394 lr=0.00086
[fit] 0045m/F40k/fresh p2 step=10000/40000 loss=0.214937 lr=0.00086
[eval] 0045m/F40k/fresh/10000 exploitability=0.01401630 eval_s=19.1
[fit] 0045m/F40k/fresh p1 step=10250/40000 loss=0.198799 lr=0.00085
[fit] 0045m/F40k/fresh p1 step=10500/40000 loss=0.20131 lr=0.00084
[fit] 0045m/F40k/fresh p1 step=10750/40000 loss=0.196152 lr=0.00083
[fit] 0045m/F40k/fresh p1 step=11000/40000 loss=0.201749 lr=0.00083
[fit] 0045m/F40k/fresh p1 step=11250/40000 loss=0.204922 lr=0.00082
[fit] 0045m/F40k/fresh p1 step=11500/40000 loss=0.206332 lr=0.00081
[fit] 0045m/F40k/fresh p1 step=11750/40000 loss=0.198431 lr=0.0008
[fit] 0045m/F40k/fresh p1 step=12000/40000 loss=0.202857 lr=0.0008
[fit] 0045m/F40k/fresh p1 step=12250/40000 loss=0.204363 lr=0.00079
[fit] 0045m/F40k/fresh p1 step=12500/40000 loss=0.20359 lr=0.00078
[fit] 0045m/F40k/fresh p1 step=12750/40000 loss=0.199723 lr=0.00077
[fit] 0045m/F40k/fresh p1 step=13000/40000 loss=0.200528 lr=0.00076
[fit] 0045m/F40k/fresh p1 step=13250/40000 loss=0.200095 lr=0.00076
[fit] 0045m/F40k/fresh p1 step=13500/40000 loss=0.203685 lr=0.00075
[fit] 0045m/F40k/fresh p1 step=13750/40000 loss=0.205301 lr=0.00074
[fit] 0045m/F40k/fresh p1 step=14000/40000 loss=0.204815 lr=0.00073
[fit] 0045m/F40k/fresh p1 step=14250/40000 loss=0.198129 lr=0.00072
[fit] 0045m/F40k/fresh p1 step=14500/40000 loss=0.206933 lr=0.00071
[fit] 0045m/F40k/fresh p1 step=14750/40000 loss=0.198064 lr=0.0007
[fit] 0045m/F40k/fresh p1 step=15000/40000 loss=0.207628 lr=0.00069
[fit] 0045m/F40k/fresh p1 step=15250/40000 loss=0.201159 lr=0.00069
[fit] 0045m/F40k/fresh p1 step=15500/40000 loss=0.199658 lr=0.00068
[fit] 0045m/F40k/fresh p1 step=15750/40000 loss=0.202239 lr=0.00067
[fit] 0045m/F40k/fresh p1 step=16000/40000 loss=0.204736 lr=0.00066
[fit] 0045m/F40k/fresh p1 step=16250/40000 loss=0.202936 lr=0.00065
[fit] 0045m/F40k/fresh p1 step=16500/40000 loss=0.208852 lr=0.00064
[fit] 0045m/F40k/fresh p1 step=16750/40000 loss=0.201768 lr=0.00063
[fit] 0045m/F40k/fresh p1 step=17000/40000 loss=0.203428 lr=0.00062
[fit] 0045m/F40k/fresh p1 step=17250/40000 loss=0.204069 lr=0.00061
[fit] 0045m/F40k/fresh p1 step=17500/40000 loss=0.201887 lr=0.0006
[fit] 0045m/F40k/fresh p1 step=17750/40000 loss=0.203481 lr=0.00059
[fit] 0045m/F40k/fresh p1 step=18000/40000 loss=0.202276 lr=0.00058
[fit] 0045m/F40k/fresh p1 step=18250/40000 loss=0.199545 lr=0.00057
[fit] 0045m/F40k/fresh p1 step=18500/40000 loss=0.201049 lr=0.00056
[fit] 0045m/F40k/fresh p1 step=18750/40000 loss=0.19964 lr=0.00055
[fit] 0045m/F40k/fresh p1 step=19000/40000 loss=0.199991 lr=0.00054
[fit] 0045m/F40k/fresh p1 step=19250/40000 loss=0.202818 lr=0.00053
[fit] 0045m/F40k/fresh p1 step=19500/40000 loss=0.198822 lr=0.00052
[fit] 0045m/F40k/fresh p1 step=19750/40000 loss=0.204773 lr=0.00051
[fit] 0045m/F40k/fresh p1 step=20000/40000 loss=0.205009 lr=0.00051
[fit] 0045m/F40k/fresh p2 step=10250/40000 loss=0.228659 lr=0.00085
[fit] 0045m/F40k/fresh p2 step=10500/40000 loss=0.223547 lr=0.00084
[fit] 0045m/F40k/fresh p2 step=10750/40000 loss=0.217118 lr=0.00083
[fit] 0045m/F40k/fresh p2 step=11000/40000 loss=0.219764 lr=0.00083
[fit] 0045m/F40k/fresh p2 step=11250/40000 loss=0.218953 lr=0.00082
[fit] 0045m/F40k/fresh p2 step=11500/40000 loss=0.228375 lr=0.00081
[fit] 0045m/F40k/fresh p2 step=11750/40000 loss=0.220697 lr=0.0008
[fit] 0045m/F40k/fresh p2 step=12000/40000 loss=0.228221 lr=0.0008
[fit] 0045m/F40k/fresh p2 step=12250/40000 loss=0.221934 lr=0.00079
[fit] 0045m/F40k/fresh p2 step=12500/40000 loss=0.212433 lr=0.00078
[fit] 0045m/F40k/fresh p2 step=12750/40000 loss=0.22661 lr=0.00077
[fit] 0045m/F40k/fresh p2 step=13000/40000 loss=0.224622 lr=0.00076
[fit] 0045m/F40k/fresh p2 step=13250/40000 loss=0.220677 lr=0.00076
[fit] 0045m/F40k/fresh p2 step=13500/40000 loss=0.221788 lr=0.00075
[fit] 0045m/F40k/fresh p2 step=13750/40000 loss=0.220221 lr=0.00074
[fit] 0045m/F40k/fresh p2 step=14000/40000 loss=0.220696 lr=0.00073
[fit] 0045m/F40k/fresh p2 step=14250/40000 loss=0.22886 lr=0.00072
[fit] 0045m/F40k/fresh p2 step=14500/40000 loss=0.216395 lr=0.00071
[fit] 0045m/F40k/fresh p2 step=14750/40000 loss=0.230493 lr=0.0007
[fit] 0045m/F40k/fresh p2 step=15000/40000 loss=0.220093 lr=0.00069
[fit] 0045m/F40k/fresh p2 step=15250/40000 loss=0.226629 lr=0.00069
[fit] 0045m/F40k/fresh p2 step=15500/40000 loss=0.217557 lr=0.00068
[fit] 0045m/F40k/fresh p2 step=15750/40000 loss=0.221801 lr=0.00067
[fit] 0045m/F40k/fresh p2 step=16000/40000 loss=0.219614 lr=0.00066
[fit] 0045m/F40k/fresh p2 step=16250/40000 loss=0.220386 lr=0.00065
[fit] 0045m/F40k/fresh p2 step=16500/40000 loss=0.223195 lr=0.00064
[fit] 0045m/F40k/fresh p2 step=16750/40000 loss=0.217099 lr=0.00063
[fit] 0045m/F40k/fresh p2 step=17000/40000 loss=0.221535 lr=0.00062
[fit] 0045m/F40k/fresh p2 step=17250/40000 loss=0.21806 lr=0.00061
[fit] 0045m/F40k/fresh p2 step=17500/40000 loss=0.22737 lr=0.0006
[fit] 0045m/F40k/fresh p2 step=17750/40000 loss=0.220107 lr=0.00059
[fit] 0045m/F40k/fresh p2 step=18000/40000 loss=0.219201 lr=0.00058
[fit] 0045m/F40k/fresh p2 step=18250/40000 loss=0.226789 lr=0.00057
[fit] 0045m/F40k/fresh p2 step=18500/40000 loss=0.217487 lr=0.00056
[fit] 0045m/F40k/fresh p2 step=18750/40000 loss=0.222174 lr=0.00055
[fit] 0045m/F40k/fresh p2 step=19000/40000 loss=0.215239 lr=0.00054
[fit] 0045m/F40k/fresh p2 step=19250/40000 loss=0.217633 lr=0.00053
[fit] 0045m/F40k/fresh p2 step=19500/40000 loss=0.221357 lr=0.00052
[fit] 0045m/F40k/fresh p2 step=19750/40000 loss=0.21592 lr=0.00051
[fit] 0045m/F40k/fresh p2 step=20000/40000 loss=0.219291 lr=0.00051
[eval] 0045m/F40k/fresh/20000 exploitability=0.00748113 eval_s=19.1
[fit] 0045m/F40k/fresh p1 step=20250/40000 loss=0.203666 lr=0.0005
[fit] 0045m/F40k/fresh p1 step=20500/40000 loss=0.207424 lr=0.00049
[fit] 0045m/F40k/fresh p1 step=20750/40000 loss=0.207539 lr=0.00048
[fit] 0045m/F40k/fresh p1 step=21000/40000 loss=0.206307 lr=0.00047
[fit] 0045m/F40k/fresh p1 step=21250/40000 loss=0.195763 lr=0.00046
[fit] 0045m/F40k/fresh p1 step=21500/40000 loss=0.20043 lr=0.00045
[fit] 0045m/F40k/fresh p1 step=21750/40000 loss=0.201882 lr=0.00044
[fit] 0045m/F40k/fresh p1 step=22000/40000 loss=0.202643 lr=0.00043
[fit] 0045m/F40k/fresh p1 step=22250/40000 loss=0.203554 lr=0.00042
[fit] 0045m/F40k/fresh p1 step=22500/40000 loss=0.198757 lr=0.00041
[fit] 0045m/F40k/fresh p1 step=22750/40000 loss=0.203005 lr=0.0004
[fit] 0045m/F40k/fresh p1 step=23000/40000 loss=0.203951 lr=0.00039
[fit] 0045m/F40k/fresh p1 step=23250/40000 loss=0.201808 lr=0.00038
[fit] 0045m/F40k/fresh p1 step=23500/40000 loss=0.199892 lr=0.00037
[fit] 0045m/F40k/fresh p1 step=23750/40000 loss=0.205988 lr=0.00036
[fit] 0045m/F40k/fresh p1 step=24000/40000 loss=0.20518 lr=0.00035
[fit] 0045m/F40k/fresh p1 step=24250/40000 loss=0.202817 lr=0.00034
[fit] 0045m/F40k/fresh p1 step=24500/40000 loss=0.202514 lr=0.00033
[fit] 0045m/F40k/fresh p1 step=24750/40000 loss=0.204396 lr=0.00032
[fit] 0045m/F40k/fresh p1 step=25000/40000 loss=0.20125 lr=0.00032
[fit] 0045m/F40k/fresh p1 step=25250/40000 loss=0.209175 lr=0.00031
[fit] 0045m/F40k/fresh p1 step=25500/40000 loss=0.207031 lr=0.0003
[fit] 0045m/F40k/fresh p1 step=25750/40000 loss=0.205731 lr=0.00029
[fit] 0045m/F40k/fresh p1 step=26000/40000 loss=0.198642 lr=0.00028
[fit] 0045m/F40k/fresh p1 step=26250/40000 loss=0.203602 lr=0.00027
[fit] 0045m/F40k/fresh p1 step=26500/40000 loss=0.200793 lr=0.00026
[fit] 0045m/F40k/fresh p1 step=26750/40000 loss=0.20283 lr=0.00025
[fit] 0045m/F40k/fresh p1 step=27000/40000 loss=0.205491 lr=0.00025
[fit] 0045m/F40k/fresh p1 step=27250/40000 loss=0.203831 lr=0.00024
[fit] 0045m/F40k/fresh p1 step=27500/40000 loss=0.210368 lr=0.00023
[fit] 0045m/F40k/fresh p1 step=27750/40000 loss=0.208426 lr=0.00022
[fit] 0045m/F40k/fresh p1 step=28000/40000 loss=0.206905 lr=0.00021
[fit] 0045m/F40k/fresh p1 step=28250/40000 loss=0.202774 lr=0.00021
[fit] 0045m/F40k/fresh p1 step=28500/40000 loss=0.20479 lr=0.0002
[fit] 0045m/F40k/fresh p1 step=28750/40000 loss=0.201913 lr=0.00019
[fit] 0045m/F40k/fresh p1 step=29000/40000 loss=0.20162 lr=0.00018
[fit] 0045m/F40k/fresh p1 step=29250/40000 loss=0.20404 lr=0.00018
[fit] 0045m/F40k/fresh p1 step=29500/40000 loss=0.208093 lr=0.00017
[fit] 0045m/F40k/fresh p1 step=29750/40000 loss=0.201385 lr=0.00016
[fit] 0045m/F40k/fresh p1 step=30000/40000 loss=0.200239 lr=0.00015
[fit] 0045m/F40k/fresh p1 step=30250/40000 loss=0.199365 lr=0.00015
[fit] 0045m/F40k/fresh p1 step=30500/40000 loss=0.201605 lr=0.00014
[fit] 0045m/F40k/fresh p1 step=30750/40000 loss=0.207268 lr=0.00013
[fit] 0045m/F40k/fresh p1 step=31000/40000 loss=0.200085 lr=0.00013
[fit] 0045m/F40k/fresh p1 step=31250/40000 loss=0.206213 lr=0.00012
[fit] 0045m/F40k/fresh p1 step=31500/40000 loss=0.206225 lr=0.00012
[fit] 0045m/F40k/fresh p1 step=31750/40000 loss=0.200997 lr=0.00011
[fit] 0045m/F40k/fresh p1 step=32000/40000 loss=0.200384 lr=0.0001
[fit] 0045m/F40k/fresh p1 step=32250/40000 loss=0.204144 lr=9.9e-05
[fit] 0045m/F40k/fresh p1 step=32500/40000 loss=0.199068 lr=9.3e-05
[fit] 0045m/F40k/fresh p1 step=32750/40000 loss=0.207279 lr=8.8e-05
[fit] 0045m/F40k/fresh p1 step=33000/40000 loss=0.199306 lr=8.3e-05
[fit] 0045m/F40k/fresh p1 step=33250/40000 loss=0.202668 lr=7.8e-05
[fit] 0045m/F40k/fresh p1 step=33500/40000 loss=0.198244 lr=7.3e-05
[fit] 0045m/F40k/fresh p1 step=33750/40000 loss=0.201573 lr=6.8e-05
[fit] 0045m/F40k/fresh p1 step=34000/40000 loss=0.201286 lr=6.4e-05
[fit] 0045m/F40k/fresh p1 step=34250/40000 loss=0.203153 lr=6e-05
[fit] 0045m/F40k/fresh p1 step=34500/40000 loss=0.201824 lr=5.5e-05
[fit] 0045m/F40k/fresh p1 step=34750/40000 loss=0.204732 lr=5.1e-05
[fit] 0045m/F40k/fresh p1 step=35000/40000 loss=0.207912 lr=4.8e-05
[fit] 0045m/F40k/fresh p1 step=35250/40000 loss=0.201403 lr=4.4e-05
[fit] 0045m/F40k/fresh p1 step=35500/40000 loss=0.196243 lr=4.1e-05
[fit] 0045m/F40k/fresh p1 step=35750/40000 loss=0.199328 lr=3.7e-05
[fit] 0045m/F40k/fresh p1 step=36000/40000 loss=0.195611 lr=3.4e-05
[fit] 0045m/F40k/fresh p1 step=36250/40000 loss=0.203219 lr=3.1e-05
[fit] 0045m/F40k/fresh p1 step=36500/40000 loss=0.198047 lr=2.9e-05
[fit] 0045m/F40k/fresh p1 step=36750/40000 loss=0.201389 lr=2.6e-05
[fit] 0045m/F40k/fresh p1 step=37000/40000 loss=0.200065 lr=2.4e-05
[fit] 0045m/F40k/fresh p1 step=37250/40000 loss=0.201491 lr=2.2e-05
[fit] 0045m/F40k/fresh p1 step=37500/40000 loss=0.20052 lr=2e-05
[fit] 0045m/F40k/fresh p1 step=37750/40000 loss=0.208901 lr=1.8e-05
[fit] 0045m/F40k/fresh p1 step=38000/40000 loss=0.200464 lr=1.6e-05
[fit] 0045m/F40k/fresh p1 step=38250/40000 loss=0.207449 lr=1.5e-05
[fit] 0045m/F40k/fresh p1 step=38500/40000 loss=0.204781 lr=1.3e-05
[fit] 0045m/F40k/fresh p1 step=38750/40000 loss=0.208445 lr=1.2e-05
[fit] 0045m/F40k/fresh p1 step=39000/40000 loss=0.203496 lr=1.2e-05
[fit] 0045m/F40k/fresh p1 step=39250/40000 loss=0.203803 lr=1.1e-05
[fit] 0045m/F40k/fresh p1 step=39500/40000 loss=0.198859 lr=1e-05
[fit] 0045m/F40k/fresh p1 step=39750/40000 loss=0.202193 lr=1e-05
[fit] 0045m/F40k/fresh p1 step=40000/40000 loss=0.198892 lr=1e-05
[fit] 0045m/F40k/fresh p2 step=20250/40000 loss=0.218776 lr=0.0005
[fit] 0045m/F40k/fresh p2 step=20500/40000 loss=0.219647 lr=0.00049
[fit] 0045m/F40k/fresh p2 step=20750/40000 loss=0.220263 lr=0.00048
[fit] 0045m/F40k/fresh p2 step=21000/40000 loss=0.220051 lr=0.00047
[fit] 0045m/F40k/fresh p2 step=21250/40000 loss=0.215829 lr=0.00046
[fit] 0045m/F40k/fresh p2 step=21500/40000 loss=0.225082 lr=0.00045
[fit] 0045m/F40k/fresh p2 step=21750/40000 loss=0.219437 lr=0.00044
[fit] 0045m/F40k/fresh p2 step=22000/40000 loss=0.217796 lr=0.00043
[fit] 0045m/F40k/fresh p2 step=22250/40000 loss=0.220603 lr=0.00042
[fit] 0045m/F40k/fresh p2 step=22500/40000 loss=0.218391 lr=0.00041
[fit] 0045m/F40k/fresh p2 step=22750/40000 loss=0.218501 lr=0.0004
[fit] 0045m/F40k/fresh p2 step=23000/40000 loss=0.221991 lr=0.00039
[fit] 0045m/F40k/fresh p2 step=23250/40000 loss=0.219422 lr=0.00038
[fit] 0045m/F40k/fresh p2 step=23500/40000 loss=0.213991 lr=0.00037
[fit] 0045m/F40k/fresh p2 step=23750/40000 loss=0.217022 lr=0.00036
[fit] 0045m/F40k/fresh p2 step=24000/40000 loss=0.215535 lr=0.00035
[fit] 0045m/F40k/fresh p2 step=24250/40000 loss=0.216435 lr=0.00034
[fit] 0045m/F40k/fresh p2 step=24500/40000 loss=0.215704 lr=0.00033
[fit] 0045m/F40k/fresh p2 step=24750/40000 loss=0.218977 lr=0.00032
[fit] 0045m/F40k/fresh p2 step=25000/40000 loss=0.220329 lr=0.00032
[fit] 0045m/F40k/fresh p2 step=25250/40000 loss=0.223384 lr=0.00031
[fit] 0045m/F40k/fresh p2 step=25500/40000 loss=0.213834 lr=0.0003
[fit] 0045m/F40k/fresh p2 step=25750/40000 loss=0.216239 lr=0.00029
[fit] 0045m/F40k/fresh p2 step=26000/40000 loss=0.218556 lr=0.00028
[fit] 0045m/F40k/fresh p2 step=26250/40000 loss=0.221106 lr=0.00027
[fit] 0045m/F40k/fresh p2 step=26500/40000 loss=0.221479 lr=0.00026
[fit] 0045m/F40k/fresh p2 step=26750/40000 loss=0.22862 lr=0.00025
[fit] 0045m/F40k/fresh p2 step=27000/40000 loss=0.219222 lr=0.00025
[fit] 0045m/F40k/fresh p2 step=27250/40000 loss=0.217096 lr=0.00024
[fit] 0045m/F40k/fresh p2 step=27500/40000 loss=0.218386 lr=0.00023
[fit] 0045m/F40k/fresh p2 step=27750/40000 loss=0.220045 lr=0.00022
[fit] 0045m/F40k/fresh p2 step=28000/40000 loss=0.218157 lr=0.00021
[fit] 0045m/F40k/fresh p2 step=28250/40000 loss=0.220343 lr=0.00021
[fit] 0045m/F40k/fresh p2 step=28500/40000 loss=0.216414 lr=0.0002
[fit] 0045m/F40k/fresh p2 step=28750/40000 loss=0.22739 lr=0.00019
[fit] 0045m/F40k/fresh p2 step=29000/40000 loss=0.217486 lr=0.00018
[fit] 0045m/F40k/fresh p2 step=29250/40000 loss=0.217394 lr=0.00018
[fit] 0045m/F40k/fresh p2 step=29500/40000 loss=0.215228 lr=0.00017
[fit] 0045m/F40k/fresh p2 step=29750/40000 loss=0.221606 lr=0.00016
[fit] 0045m/F40k/fresh p2 step=30000/40000 loss=0.21684 lr=0.00015
[fit] 0045m/F40k/fresh p2 step=30250/40000 loss=0.22007 lr=0.00015
[fit] 0045m/F40k/fresh p2 step=30500/40000 loss=0.223104 lr=0.00014
[fit] 0045m/F40k/fresh p2 step=30750/40000 loss=0.219221 lr=0.00013
[fit] 0045m/F40k/fresh p2 step=31000/40000 loss=0.216666 lr=0.00013
[fit] 0045m/F40k/fresh p2 step=31250/40000 loss=0.222406 lr=0.00012
[fit] 0045m/F40k/fresh p2 step=31500/40000 loss=0.22793 lr=0.00012
[fit] 0045m/F40k/fresh p2 step=31750/40000 loss=0.217298 lr=0.00011
[fit] 0045m/F40k/fresh p2 step=32000/40000 loss=0.219403 lr=0.0001
[fit] 0045m/F40k/fresh p2 step=32250/40000 loss=0.218437 lr=9.9e-05
[fit] 0045m/F40k/fresh p2 step=32500/40000 loss=0.218742 lr=9.3e-05
[fit] 0045m/F40k/fresh p2 step=32750/40000 loss=0.212351 lr=8.8e-05
[fit] 0045m/F40k/fresh p2 step=33000/40000 loss=0.223043 lr=8.3e-05
[fit] 0045m/F40k/fresh p2 step=33250/40000 loss=0.223683 lr=7.8e-05
[fit] 0045m/F40k/fresh p2 step=33500/40000 loss=0.220125 lr=7.3e-05
[fit] 0045m/F40k/fresh p2 step=33750/40000 loss=0.217476 lr=6.8e-05
[fit] 0045m/F40k/fresh p2 step=34000/40000 loss=0.223381 lr=6.4e-05
[fit] 0045m/F40k/fresh p2 step=34250/40000 loss=0.217491 lr=6e-05
[fit] 0045m/F40k/fresh p2 step=34500/40000 loss=0.208751 lr=5.5e-05
[fit] 0045m/F40k/fresh p2 step=34750/40000 loss=0.223093 lr=5.1e-05
[fit] 0045m/F40k/fresh p2 step=35000/40000 loss=0.223087 lr=4.8e-05
[fit] 0045m/F40k/fresh p2 step=35250/40000 loss=0.213396 lr=4.4e-05
[fit] 0045m/F40k/fresh p2 step=35500/40000 loss=0.21984 lr=4.1e-05
[fit] 0045m/F40k/fresh p2 step=35750/40000 loss=0.217493 lr=3.7e-05
[fit] 0045m/F40k/fresh p2 step=36000/40000 loss=0.225091 lr=3.4e-05
[fit] 0045m/F40k/fresh p2 step=36250/40000 loss=0.218859 lr=3.1e-05
[fit] 0045m/F40k/fresh p2 step=36500/40000 loss=0.222039 lr=2.9e-05
[fit] 0045m/F40k/fresh p2 step=36750/40000 loss=0.225504 lr=2.6e-05
[fit] 0045m/F40k/fresh p2 step=37000/40000 loss=0.221881 lr=2.4e-05
[fit] 0045m/F40k/fresh p2 step=37250/40000 loss=0.21685 lr=2.2e-05
[fit] 0045m/F40k/fresh p2 step=37500/40000 loss=0.220121 lr=2e-05
[fit] 0045m/F40k/fresh p2 step=37750/40000 loss=0.219842 lr=1.8e-05
[fit] 0045m/F40k/fresh p2 step=38000/40000 loss=0.215359 lr=1.6e-05
[fit] 0045m/F40k/fresh p2 step=38250/40000 loss=0.221716 lr=1.5e-05
[fit] 0045m/F40k/fresh p2 step=38500/40000 loss=0.225091 lr=1.3e-05
[fit] 0045m/F40k/fresh p2 step=38750/40000 loss=0.21795 lr=1.2e-05
[fit] 0045m/F40k/fresh p2 step=39000/40000 loss=0.221853 lr=1.2e-05
[fit] 0045m/F40k/fresh p2 step=39250/40000 loss=0.215176 lr=1.1e-05
[fit] 0045m/F40k/fresh p2 step=39500/40000 loss=0.217136 lr=1e-05
[fit] 0045m/F40k/fresh p2 step=39750/40000 loss=0.218377 lr=1e-05
[fit] 0045m/F40k/fresh p2 step=40000/40000 loss=0.217413 lr=1e-05
[eval] 0045m/F40k/fresh/40000 exploitability=0.00477230 eval_s=18.9
[arm] 0045m/F80k/fresh seed=17031 batch=16384 loss=cross_entropy fitted=0 cuda_free_gib=2.21
[fit] 0045m/F80k/fresh p1 step=250/80000 loss=0.275301 lr=0.001
[fit] 0045m/F80k/fresh p1 step=500/80000 loss=0.228594 lr=0.001
[fit] 0045m/F80k/fresh p1 step=750/80000 loss=0.215566 lr=0.001
[fit] 0045m/F80k/fresh p1 step=1000/80000 loss=0.213329 lr=0.001
[fit] 0045m/F80k/fresh p1 step=1250/80000 loss=0.208224 lr=0.001
[fit] 0045m/F80k/fresh p1 step=1500/80000 loss=0.204806 lr=0.001
[fit] 0045m/F80k/fresh p1 step=1750/80000 loss=0.206182 lr=0.001
[fit] 0045m/F80k/fresh p1 step=2000/80000 loss=0.20486 lr=0.001
[fit] 0045m/F80k/fresh p1 step=2250/80000 loss=0.202813 lr=0.001
[fit] 0045m/F80k/fresh p1 step=2500/80000 loss=0.198892 lr=0.001
[fit] 0045m/F80k/fresh p1 step=2750/80000 loss=0.200001 lr=0.001
[fit] 0045m/F80k/fresh p1 step=3000/80000 loss=0.198786 lr=0.001
[fit] 0045m/F80k/fresh p1 step=3250/80000 loss=0.203242 lr=0.001
[fit] 0045m/F80k/fresh p1 step=3500/80000 loss=0.202353 lr=0.001
[fit] 0045m/F80k/fresh p1 step=3750/80000 loss=0.206543 lr=0.00099
[fit] 0045m/F80k/fresh p1 step=4000/80000 loss=0.206113 lr=0.00099
[fit] 0045m/F80k/fresh p1 step=4250/80000 loss=0.209537 lr=0.00099
[fit] 0045m/F80k/fresh p1 step=4500/80000 loss=0.20595 lr=0.00099
[fit] 0045m/F80k/fresh p1 step=4750/80000 loss=0.204483 lr=0.00099
[fit] 0045m/F80k/fresh p1 step=5000/80000 loss=0.203125 lr=0.00099
[fit] 0045m/F80k/fresh p1 step=5250/80000 loss=0.205887 lr=0.00099
[fit] 0045m/F80k/fresh p1 step=5500/80000 loss=0.206057 lr=0.00099
[fit] 0045m/F80k/fresh p1 step=5750/80000 loss=0.200784 lr=0.00099
[fit] 0045m/F80k/fresh p1 step=6000/80000 loss=0.201679 lr=0.00099
[fit] 0045m/F80k/fresh p1 step=6250/80000 loss=0.209473 lr=0.00099
[fit] 0045m/F80k/fresh p1 step=6500/80000 loss=0.201849 lr=0.00098
[fit] 0045m/F80k/fresh p1 step=6750/80000 loss=0.210154 lr=0.00098
[fit] 0045m/F80k/fresh p1 step=7000/80000 loss=0.205483 lr=0.00098
[fit] 0045m/F80k/fresh p1 step=7250/80000 loss=0.200325 lr=0.00098
[fit] 0045m/F80k/fresh p1 step=7500/80000 loss=0.201783 lr=0.00098
[fit] 0045m/F80k/fresh p1 step=7750/80000 loss=0.204772 lr=0.00098
[fit] 0045m/F80k/fresh p1 step=8000/80000 loss=0.20141 lr=0.00098
[fit] 0045m/F80k/fresh p1 step=8250/80000 loss=0.206076 lr=0.00097
[fit] 0045m/F80k/fresh p1 step=8500/80000 loss=0.205193 lr=0.00097
[fit] 0045m/F80k/fresh p1 step=8750/80000 loss=0.199935 lr=0.00097
[fit] 0045m/F80k/fresh p1 step=9000/80000 loss=0.198427 lr=0.00097
[fit] 0045m/F80k/fresh p1 step=9250/80000 loss=0.202605 lr=0.00097
[fit] 0045m/F80k/fresh p1 step=9500/80000 loss=0.207936 lr=0.00097
[fit] 0045m/F80k/fresh p1 step=9750/80000 loss=0.202092 lr=0.00096
[fit] 0045m/F80k/fresh p1 step=10000/80000 loss=0.204145 lr=0.00096
[fit] 0045m/F80k/fresh p2 step=250/80000 loss=0.320163 lr=0.001
[fit] 0045m/F80k/fresh p2 step=500/80000 loss=0.277116 lr=0.001
[fit] 0045m/F80k/fresh p2 step=750/80000 loss=0.256804 lr=0.001
[fit] 0045m/F80k/fresh p2 step=1000/80000 loss=0.244823 lr=0.001
[fit] 0045m/F80k/fresh p2 step=1250/80000 loss=0.241499 lr=0.001
[fit] 0045m/F80k/fresh p2 step=1500/80000 loss=0.242432 lr=0.001
[fit] 0045m/F80k/fresh p2 step=1750/80000 loss=0.235792 lr=0.001
[fit] 0045m/F80k/fresh p2 step=2000/80000 loss=0.236848 lr=0.001
[fit] 0045m/F80k/fresh p2 step=2250/80000 loss=0.226686 lr=0.001
[fit] 0045m/F80k/fresh p2 step=2500/80000 loss=0.232318 lr=0.001
[fit] 0045m/F80k/fresh p2 step=2750/80000 loss=0.227802 lr=0.001
[fit] 0045m/F80k/fresh p2 step=3000/80000 loss=0.234263 lr=0.001
[fit] 0045m/F80k/fresh p2 step=3250/80000 loss=0.227647 lr=0.001
[fit] 0045m/F80k/fresh p2 step=3500/80000 loss=0.229261 lr=0.001
[fit] 0045m/F80k/fresh p2 step=3750/80000 loss=0.227556 lr=0.00099
[fit] 0045m/F80k/fresh p2 step=4000/80000 loss=0.225936 lr=0.00099
[fit] 0045m/F80k/fresh p2 step=4250/80000 loss=0.226505 lr=0.00099
[fit] 0045m/F80k/fresh p2 step=4500/80000 loss=0.226189 lr=0.00099
[fit] 0045m/F80k/fresh p2 step=4750/80000 loss=0.225743 lr=0.00099
[fit] 0045m/F80k/fresh p2 step=5000/80000 loss=0.22658 lr=0.00099
[fit] 0045m/F80k/fresh p2 step=5250/80000 loss=0.223925 lr=0.00099
[fit] 0045m/F80k/fresh p2 step=5500/80000 loss=0.224123 lr=0.00099
[fit] 0045m/F80k/fresh p2 step=5750/80000 loss=0.228268 lr=0.00099
[fit] 0045m/F80k/fresh p2 step=6000/80000 loss=0.224384 lr=0.00099
[fit] 0045m/F80k/fresh p2 step=6250/80000 loss=0.222113 lr=0.00099
[fit] 0045m/F80k/fresh p2 step=6500/80000 loss=0.219613 lr=0.00098
[fit] 0045m/F80k/fresh p2 step=6750/80000 loss=0.221319 lr=0.00098
[fit] 0045m/F80k/fresh p2 step=7000/80000 loss=0.219805 lr=0.00098
[fit] 0045m/F80k/fresh p2 step=7250/80000 loss=0.224751 lr=0.00098
[fit] 0045m/F80k/fresh p2 step=7500/80000 loss=0.225907 lr=0.00098
[fit] 0045m/F80k/fresh p2 step=7750/80000 loss=0.223517 lr=0.00098
[fit] 0045m/F80k/fresh p2 step=8000/80000 loss=0.220506 lr=0.00098
[fit] 0045m/F80k/fresh p2 step=8250/80000 loss=0.22144 lr=0.00097
[fit] 0045m/F80k/fresh p2 step=8500/80000 loss=0.218907 lr=0.00097
[fit] 0045m/F80k/fresh p2 step=8750/80000 loss=0.225158 lr=0.00097
[fit] 0045m/F80k/fresh p2 step=9000/80000 loss=0.220835 lr=0.00097
[fit] 0045m/F80k/fresh p2 step=9250/80000 loss=0.216073 lr=0.00097
[fit] 0045m/F80k/fresh p2 step=9500/80000 loss=0.220974 lr=0.00097
[fit] 0045m/F80k/fresh p2 step=9750/80000 loss=0.218177 lr=0.00096
[fit] 0045m/F80k/fresh p2 step=10000/80000 loss=0.214917 lr=0.00096
[eval] 0045m/F80k/fresh/10000 exploitability=0.01583187 eval_s=19.4
[fit] 0045m/F80k/fresh p1 step=10250/80000 loss=0.198717 lr=0.00096
[fit] 0045m/F80k/fresh p1 step=10500/80000 loss=0.201472 lr=0.00096
[fit] 0045m/F80k/fresh p1 step=10750/80000 loss=0.196057 lr=0.00096
[fit] 0045m/F80k/fresh p1 step=11000/80000 loss=0.201822 lr=0.00095
[fit] 0045m/F80k/fresh p1 step=11250/80000 loss=0.204883 lr=0.00095
[fit] 0045m/F80k/fresh p1 step=11500/80000 loss=0.206405 lr=0.00095
[fit] 0045m/F80k/fresh p1 step=11750/80000 loss=0.198455 lr=0.00095
[fit] 0045m/F80k/fresh p1 step=12000/80000 loss=0.202992 lr=0.00095
[fit] 0045m/F80k/fresh p1 step=12250/80000 loss=0.204328 lr=0.00094
[fit] 0045m/F80k/fresh p1 step=12500/80000 loss=0.203724 lr=0.00094
[fit] 0045m/F80k/fresh p1 step=12750/80000 loss=0.199713 lr=0.00094
[fit] 0045m/F80k/fresh p1 step=13000/80000 loss=0.200456 lr=0.00094
[fit] 0045m/F80k/fresh p1 step=13250/80000 loss=0.199997 lr=0.00093
[fit] 0045m/F80k/fresh p1 step=13500/80000 loss=0.203686 lr=0.00093
[fit] 0045m/F80k/fresh p1 step=13750/80000 loss=0.205429 lr=0.00093
[fit] 0045m/F80k/fresh p1 step=14000/80000 loss=0.204748 lr=0.00093
[fit] 0045m/F80k/fresh p1 step=14250/80000 loss=0.198098 lr=0.00092
[fit] 0045m/F80k/fresh p1 step=14500/80000 loss=0.20675 lr=0.00092
[fit] 0045m/F80k/fresh p1 step=14750/80000 loss=0.19825 lr=0.00092
[fit] 0045m/F80k/fresh p1 step=15000/80000 loss=0.207845 lr=0.00092
[fit] 0045m/F80k/fresh p1 step=15250/80000 loss=0.201128 lr=0.00091
[fit] 0045m/F80k/fresh p1 step=15500/80000 loss=0.199753 lr=0.00091
[fit] 0045m/F80k/fresh p1 step=15750/80000 loss=0.202154 lr=0.00091
[fit] 0045m/F80k/fresh p1 step=16000/80000 loss=0.20469 lr=0.00091
[fit] 0045m/F80k/fresh p1 step=16250/80000 loss=0.202952 lr=0.0009
[fit] 0045m/F80k/fresh p1 step=16500/80000 loss=0.208806 lr=0.0009
[fit] 0045m/F80k/fresh p1 step=16750/80000 loss=0.201843 lr=0.0009
[fit] 0045m/F80k/fresh p1 step=17000/80000 loss=0.2035 lr=0.00089
[fit] 0045m/F80k/fresh p1 step=17250/80000 loss=0.204079 lr=0.00089
[fit] 0045m/F80k/fresh p1 step=17500/80000 loss=0.201915 lr=0.00089
[fit] 0045m/F80k/fresh p1 step=17750/80000 loss=0.203471 lr=0.00088
[fit] 0045m/F80k/fresh p1 step=18000/80000 loss=0.202201 lr=0.00088
[fit] 0045m/F80k/fresh p1 step=18250/80000 loss=0.199674 lr=0.00088
[fit] 0045m/F80k/fresh p1 step=18500/80000 loss=0.200944 lr=0.00088
[fit] 0045m/F80k/fresh p1 step=18750/80000 loss=0.199645 lr=0.00087
[fit] 0045m/F80k/fresh p1 step=19000/80000 loss=0.199872 lr=0.00087
[fit] 0045m/F80k/fresh p1 step=19250/80000 loss=0.202777 lr=0.00087
[fit] 0045m/F80k/fresh p1 step=19500/80000 loss=0.198728 lr=0.00086
[fit] 0045m/F80k/fresh p1 step=19750/80000 loss=0.204901 lr=0.00086
[fit] 0045m/F80k/fresh p1 step=20000/80000 loss=0.205052 lr=0.00086
[fit] 0045m/F80k/fresh p2 step=10250/80000 loss=0.228623 lr=0.00096
[fit] 0045m/F80k/fresh p2 step=10500/80000 loss=0.223957 lr=0.00096
[fit] 0045m/F80k/fresh p2 step=10750/80000 loss=0.217083 lr=0.00096
[fit] 0045m/F80k/fresh p2 step=11000/80000 loss=0.219339 lr=0.00095
[fit] 0045m/F80k/fresh p2 step=11250/80000 loss=0.218975 lr=0.00095
[fit] 0045m/F80k/fresh p2 step=11500/80000 loss=0.228229 lr=0.00095
[fit] 0045m/F80k/fresh p2 step=11750/80000 loss=0.220567 lr=0.00095
[fit] 0045m/F80k/fresh p2 step=12000/80000 loss=0.228317 lr=0.00095
[fit] 0045m/F80k/fresh p2 step=12250/80000 loss=0.222121 lr=0.00094
[fit] 0045m/F80k/fresh p2 step=12500/80000 loss=0.212431 lr=0.00094
[fit] 0045m/F80k/fresh p2 step=12750/80000 loss=0.226546 lr=0.00094
[fit] 0045m/F80k/fresh p2 step=13000/80000 loss=0.224954 lr=0.00094
[fit] 0045m/F80k/fresh p2 step=13250/80000 loss=0.220831 lr=0.00093
[fit] 0045m/F80k/fresh p2 step=13500/80000 loss=0.221673 lr=0.00093
[fit] 0045m/F80k/fresh p2 step=13750/80000 loss=0.220153 lr=0.00093
[fit] 0045m/F80k/fresh p2 step=14000/80000 loss=0.220719 lr=0.00093
[fit] 0045m/F80k/fresh p2 step=14250/80000 loss=0.228529 lr=0.00092
[fit] 0045m/F80k/fresh p2 step=14500/80000 loss=0.216386 lr=0.00092
[fit] 0045m/F80k/fresh p2 step=14750/80000 loss=0.230124 lr=0.00092
[fit] 0045m/F80k/fresh p2 step=15000/80000 loss=0.220102 lr=0.00092
[fit] 0045m/F80k/fresh p2 step=15250/80000 loss=0.226744 lr=0.00091
[fit] 0045m/F80k/fresh p2 step=15500/80000 loss=0.217684 lr=0.00091
[fit] 0045m/F80k/fresh p2 step=15750/80000 loss=0.221999 lr=0.00091
[fit] 0045m/F80k/fresh p2 step=16000/80000 loss=0.220272 lr=0.00091
[fit] 0045m/F80k/fresh p2 step=16250/80000 loss=0.220662 lr=0.0009
[fit] 0045m/F80k/fresh p2 step=16500/80000 loss=0.22321 lr=0.0009
[fit] 0045m/F80k/fresh p2 step=16750/80000 loss=0.216975 lr=0.0009
[fit] 0045m/F80k/fresh p2 step=17000/80000 loss=0.221516 lr=0.00089
[fit] 0045m/F80k/fresh p2 step=17250/80000 loss=0.21813 lr=0.00089
[fit] 0045m/F80k/fresh p2 step=17500/80000 loss=0.226579 lr=0.00089
[fit] 0045m/F80k/fresh p2 step=17750/80000 loss=0.219932 lr=0.00088
[fit] 0045m/F80k/fresh p2 step=18000/80000 loss=0.219034 lr=0.00088
[fit] 0045m/F80k/fresh p2 step=18250/80000 loss=0.227018 lr=0.00088
[fit] 0045m/F80k/fresh p2 step=18500/80000 loss=0.217133 lr=0.00088
[fit] 0045m/F80k/fresh p2 step=18750/80000 loss=0.222082 lr=0.00087
[fit] 0045m/F80k/fresh p2 step=19000/80000 loss=0.215446 lr=0.00087
[fit] 0045m/F80k/fresh p2 step=19250/80000 loss=0.217617 lr=0.00087
[fit] 0045m/F80k/fresh p2 step=19500/80000 loss=0.221335 lr=0.00086
[fit] 0045m/F80k/fresh p2 step=19750/80000 loss=0.21586 lr=0.00086
[fit] 0045m/F80k/fresh p2 step=20000/80000 loss=0.219165 lr=0.00086
[eval] 0045m/F80k/fresh/20000 exploitability=0.01039417 eval_s=19.5
[fit] 0045m/F80k/fresh p1 step=20250/80000 loss=0.203651 lr=0.00085
[fit] 0045m/F80k/fresh p1 step=20500/80000 loss=0.207403 lr=0.00085
[fit] 0045m/F80k/fresh p1 step=20750/80000 loss=0.207447 lr=0.00084
[fit] 0045m/F80k/fresh p1 step=21000/80000 loss=0.206286 lr=0.00084
[fit] 0045m/F80k/fresh p1 step=21250/80000 loss=0.195726 lr=0.00084
[fit] 0045m/F80k/fresh p1 step=21500/80000 loss=0.200485 lr=0.00083
[fit] 0045m/F80k/fresh p1 step=21750/80000 loss=0.201934 lr=0.00083
[fit] 0045m/F80k/fresh p1 step=22000/80000 loss=0.202616 lr=0.00083
[fit] 0045m/F80k/fresh p1 step=22250/80000 loss=0.203539 lr=0.00082
[fit] 0045m/F80k/fresh p1 step=22500/80000 loss=0.198704 lr=0.00082
[fit] 0045m/F80k/fresh p1 step=22750/80000 loss=0.203195 lr=0.00082
[fit] 0045m/F80k/fresh p1 step=23000/80000 loss=0.203973 lr=0.00081
[fit] 0045m/F80k/fresh p1 step=23250/80000 loss=0.201751 lr=0.00081
[fit] 0045m/F80k/fresh p1 step=23500/80000 loss=0.199842 lr=0.0008
[fit] 0045m/F80k/fresh p1 step=23750/80000 loss=0.206051 lr=0.0008
[fit] 0045m/F80k/fresh p1 step=24000/80000 loss=0.205181 lr=0.0008
[fit] 0045m/F80k/fresh p1 step=24250/80000 loss=0.202862 lr=0.00079
[fit] 0045m/F80k/fresh p1 step=24500/80000 loss=0.202543 lr=0.00079
[fit] 0045m/F80k/fresh p1 step=24750/80000 loss=0.204417 lr=0.00078
[fit] 0045m/F80k/fresh p1 step=25000/80000 loss=0.201273 lr=0.00078
[fit] 0045m/F80k/fresh p1 step=25250/80000 loss=0.209239 lr=0.00078
[fit] 0045m/F80k/fresh p1 step=25500/80000 loss=0.207183 lr=0.00077
[fit] 0045m/F80k/fresh p1 step=25750/80000 loss=0.205757 lr=0.00077
[fit] 0045m/F80k/fresh p1 step=26000/80000 loss=0.198645 lr=0.00076
[fit] 0045m/F80k/fresh p1 step=26250/80000 loss=0.203639 lr=0.00076
[fit] 0045m/F80k/fresh p1 step=26500/80000 loss=0.200782 lr=0.00076
[fit] 0045m/F80k/fresh p1 step=26750/80000 loss=0.202924 lr=0.00075
[fit] 0045m/F80k/fresh p1 step=27000/80000 loss=0.205418 lr=0.00075
[fit] 0045m/F80k/fresh p1 step=27250/80000 loss=0.203949 lr=0.00074
[fit] 0045m/F80k/fresh p1 step=27500/80000 loss=0.210369 lr=0.00074
[fit] 0045m/F80k/fresh p1 step=27750/80000 loss=0.208378 lr=0.00073
[fit] 0045m/F80k/fresh p1 step=28000/80000 loss=0.206836 lr=0.00073
[fit] 0045m/F80k/fresh p1 step=28250/80000 loss=0.202925 lr=0.00073
[fit] 0045m/F80k/fresh p1 step=28500/80000 loss=0.204781 lr=0.00072
[fit] 0045m/F80k/fresh p1 step=28750/80000 loss=0.201844 lr=0.00072
[fit] 0045m/F80k/fresh p1 step=29000/80000 loss=0.201593 lr=0.00071
[fit] 0045m/F80k/fresh p1 step=29250/80000 loss=0.203983 lr=0.00071
[fit] 0045m/F80k/fresh p1 step=29500/80000 loss=0.208057 lr=0.0007
[fit] 0045m/F80k/fresh p1 step=29750/80000 loss=0.201308 lr=0.0007
[fit] 0045m/F80k/fresh p1 step=30000/80000 loss=0.200141 lr=0.00069
[fit] 0045m/F80k/fresh p1 step=30250/80000 loss=0.199384 lr=0.00069
[fit] 0045m/F80k/fresh p1 step=30500/80000 loss=0.201553 lr=0.00069
[fit] 0045m/F80k/fresh p1 step=30750/80000 loss=0.207369 lr=0.00068
[fit] 0045m/F80k/fresh p1 step=31000/80000 loss=0.200131 lr=0.00068
[fit] 0045m/F80k/fresh p1 step=31250/80000 loss=0.20636 lr=0.00067
[fit] 0045m/F80k/fresh p1 step=31500/80000 loss=0.206254 lr=0.00067
[fit] 0045m/F80k/fresh p1 step=31750/80000 loss=0.200981 lr=0.00066
[fit] 0045m/F80k/fresh p1 step=32000/80000 loss=0.200367 lr=0.00066
[fit] 0045m/F80k/fresh p1 step=32250/80000 loss=0.204154 lr=0.00065
[fit] 0045m/F80k/fresh p1 step=32500/80000 loss=0.199065 lr=0.00065
[fit] 0045m/F80k/fresh p1 step=32750/80000 loss=0.207162 lr=0.00064
[fit] 0045m/F80k/fresh p1 step=33000/80000 loss=0.199249 lr=0.00064
[fit] 0045m/F80k/fresh p1 step=33250/80000 loss=0.202635 lr=0.00063
[fit] 0045m/F80k/fresh p1 step=33500/80000 loss=0.198176 lr=0.00063
[fit] 0045m/F80k/fresh p1 step=33750/80000 loss=0.201519 lr=0.00063
[fit] 0045m/F80k/fresh p1 step=34000/80000 loss=0.201279 lr=0.00062
[fit] 0045m/F80k/fresh p1 step=34250/80000 loss=0.203076 lr=0.00062
[fit] 0045m/F80k/fresh p1 step=34500/80000 loss=0.201815 lr=0.00061
[fit] 0045m/F80k/fresh p1 step=34750/80000 loss=0.20471 lr=0.00061
[fit] 0045m/F80k/fresh p1 step=35000/80000 loss=0.207811 lr=0.0006
[fit] 0045m/F80k/fresh p1 step=35250/80000 loss=0.20131 lr=0.0006
[fit] 0045m/F80k/fresh p1 step=35500/80000 loss=0.196178 lr=0.00059
[fit] 0045m/F80k/fresh p1 step=35750/80000 loss=0.199272 lr=0.00059
[fit] 0045m/F80k/fresh p1 step=36000/80000 loss=0.195475 lr=0.00058
[fit] 0045m/F80k/fresh p1 step=36250/80000 loss=0.203093 lr=0.00058
[fit] 0045m/F80k/fresh p1 step=36500/80000 loss=0.198013 lr=0.00057
[fit] 0045m/F80k/fresh p1 step=36750/80000 loss=0.201329 lr=0.00057
[fit] 0045m/F80k/fresh p1 step=37000/80000 loss=0.200014 lr=0.00056
[fit] 0045m/F80k/fresh p1 step=37250/80000 loss=0.201419 lr=0.00056
[fit] 0045m/F80k/fresh p1 step=37500/80000 loss=0.200582 lr=0.00055
[fit] 0045m/F80k/fresh p1 step=37750/80000 loss=0.208829 lr=0.00055
[fit] 0045m/F80k/fresh p1 step=38000/80000 loss=0.20045 lr=0.00054
[fit] 0045m/F80k/fresh p1 step=38250/80000 loss=0.20743 lr=0.00054
[fit] 0045m/F80k/fresh p1 step=38500/80000 loss=0.204756 lr=0.00053
[fit] 0045m/F80k/fresh p1 step=38750/80000 loss=0.208231 lr=0.00053
[fit] 0045m/F80k/fresh p1 step=39000/80000 loss=0.203528 lr=0.00052
[fit] 0045m/F80k/fresh p1 step=39250/80000 loss=0.203786 lr=0.00052
[fit] 0045m/F80k/fresh p1 step=39500/80000 loss=0.198747 lr=0.00051
[fit] 0045m/F80k/fresh p1 step=39750/80000 loss=0.202045 lr=0.00051
[fit] 0045m/F80k/fresh p1 step=40000/80000 loss=0.198874 lr=0.00051
[fit] 0045m/F80k/fresh p2 step=20250/80000 loss=0.219098 lr=0.00085
[fit] 0045m/F80k/fresh p2 step=20500/80000 loss=0.219528 lr=0.00085
[fit] 0045m/F80k/fresh p2 step=20750/80000 loss=0.220383 lr=0.00084
[fit] 0045m/F80k/fresh p2 step=21000/80000 loss=0.220286 lr=0.00084
[fit] 0045m/F80k/fresh p2 step=21250/80000 loss=0.215771 lr=0.00084
[fit] 0045m/F80k/fresh p2 step=21500/80000 loss=0.224824 lr=0.00083
[fit] 0045m/F80k/fresh p2 step=21750/80000 loss=0.219156 lr=0.00083
[fit] 0045m/F80k/fresh p2 step=22000/80000 loss=0.217835 lr=0.00083
[fit] 0045m/F80k/fresh p2 step=22250/80000 loss=0.220662 lr=0.00082
[fit] 0045m/F80k/fresh p2 step=22500/80000 loss=0.218483 lr=0.00082
[fit] 0045m/F80k/fresh p2 step=22750/80000 loss=0.218548 lr=0.00082
[fit] 0045m/F80k/fresh p2 step=23000/80000 loss=0.221828 lr=0.00081
[fit] 0045m/F80k/fresh p2 step=23250/80000 loss=0.219449 lr=0.00081
[fit] 0045m/F80k/fresh p2 step=23500/80000 loss=0.214007 lr=0.0008
[fit] 0045m/F80k/fresh p2 step=23750/80000 loss=0.216724 lr=0.0008
[fit] 0045m/F80k/fresh p2 step=24000/80000 loss=0.215299 lr=0.0008
[fit] 0045m/F80k/fresh p2 step=24250/80000 loss=0.216352 lr=0.00079
[fit] 0045m/F80k/fresh p2 step=24500/80000 loss=0.215474 lr=0.00079
[fit] 0045m/F80k/fresh p2 step=24750/80000 loss=0.219066 lr=0.00078
[fit] 0045m/F80k/fresh p2 step=25000/80000 loss=0.220169 lr=0.00078
[fit] 0045m/F80k/fresh p2 step=25250/80000 loss=0.223268 lr=0.00078
[fit] 0045m/F80k/fresh p2 step=25500/80000 loss=0.213832 lr=0.00077
[fit] 0045m/F80k/fresh p2 step=25750/80000 loss=0.216026 lr=0.00077
[fit] 0045m/F80k/fresh p2 step=26000/80000 loss=0.219134 lr=0.00076
[fit] 0045m/F80k/fresh p2 step=26250/80000 loss=0.220996 lr=0.00076
[fit] 0045m/F80k/fresh p2 step=26500/80000 loss=0.22147 lr=0.00076
[fit] 0045m/F80k/fresh p2 step=26750/80000 loss=0.228552 lr=0.00075
[fit] 0045m/F80k/fresh p2 step=27000/80000 loss=0.219292 lr=0.00075
[fit] 0045m/F80k/fresh p2 step=27250/80000 loss=0.217175 lr=0.00074
[fit] 0045m/F80k/fresh p2 step=27500/80000 loss=0.218386 lr=0.00074
[fit] 0045m/F80k/fresh p2 step=27750/80000 loss=0.219858 lr=0.00073
[fit] 0045m/F80k/fresh p2 step=28000/80000 loss=0.218015 lr=0.00073
[fit] 0045m/F80k/fresh p2 step=28250/80000 loss=0.220109 lr=0.00073
[fit] 0045m/F80k/fresh p2 step=28500/80000 loss=0.216423 lr=0.00072
[fit] 0045m/F80k/fresh p2 step=28750/80000 loss=0.227268 lr=0.00072
[fit] 0045m/F80k/fresh p2 step=29000/80000 loss=0.217662 lr=0.00071
[fit] 0045m/F80k/fresh p2 step=29250/80000 loss=0.217219 lr=0.00071
[fit] 0045m/F80k/fresh p2 step=29500/80000 loss=0.215306 lr=0.0007
[fit] 0045m/F80k/fresh p2 step=29750/80000 loss=0.221573 lr=0.0007
[fit] 0045m/F80k/fresh p2 step=30000/80000 loss=0.216807 lr=0.00069
[fit] 0045m/F80k/fresh p2 step=30250/80000 loss=0.220458 lr=0.00069
[fit] 0045m/F80k/fresh p2 step=30500/80000 loss=0.223093 lr=0.00069
[fit] 0045m/F80k/fresh p2 step=30750/80000 loss=0.220025 lr=0.00068
[fit] 0045m/F80k/fresh p2 step=31000/80000 loss=0.216855 lr=0.00068
[fit] 0045m/F80k/fresh p2 step=31250/80000 loss=0.222112 lr=0.00067
[fit] 0045m/F80k/fresh p2 step=31500/80000 loss=0.227631 lr=0.00067
[fit] 0045m/F80k/fresh p2 step=31750/80000 loss=0.21737 lr=0.00066
[fit] 0045m/F80k/fresh p2 step=32000/80000 loss=0.219297 lr=0.00066
[fit] 0045m/F80k/fresh p2 step=32250/80000 loss=0.218502 lr=0.00065
[fit] 0045m/F80k/fresh p2 step=32500/80000 loss=0.21871 lr=0.00065
[fit] 0045m/F80k/fresh p2 step=32750/80000 loss=0.212345 lr=0.00064
[fit] 0045m/F80k/fresh p2 step=33000/80000 loss=0.222741 lr=0.00064
[fit] 0045m/F80k/fresh p2 step=33250/80000 loss=0.223683 lr=0.00063
[fit] 0045m/F80k/fresh p2 step=33500/80000 loss=0.219974 lr=0.00063
[fit] 0045m/F80k/fresh p2 step=33750/80000 loss=0.217575 lr=0.00063
[fit] 0045m/F80k/fresh p2 step=34000/80000 loss=0.223321 lr=0.00062
[fit] 0045m/F80k/fresh p2 step=34250/80000 loss=0.217359 lr=0.00062
[fit] 0045m/F80k/fresh p2 step=34500/80000 loss=0.208614 lr=0.00061
[fit] 0045m/F80k/fresh p2 step=34750/80000 loss=0.223144 lr=0.00061
[fit] 0045m/F80k/fresh p2 step=35000/80000 loss=0.222959 lr=0.0006
[fit] 0045m/F80k/fresh p2 step=35250/80000 loss=0.213018 lr=0.0006
[fit] 0045m/F80k/fresh p2 step=35500/80000 loss=0.219464 lr=0.00059
[fit] 0045m/F80k/fresh p2 step=35750/80000 loss=0.217344 lr=0.00059
[fit] 0045m/F80k/fresh p2 step=36000/80000 loss=0.225007 lr=0.00058
[fit] 0045m/F80k/fresh p2 step=36250/80000 loss=0.218805 lr=0.00058
[fit] 0045m/F80k/fresh p2 step=36500/80000 loss=0.222115 lr=0.00057
[fit] 0045m/F80k/fresh p2 step=36750/80000 loss=0.225443 lr=0.00057
[fit] 0045m/F80k/fresh p2 step=37000/80000 loss=0.22152 lr=0.00056
[fit] 0045m/F80k/fresh p2 step=37250/80000 loss=0.216754 lr=0.00056
[fit] 0045m/F80k/fresh p2 step=37500/80000 loss=0.22001 lr=0.00055
[fit] 0045m/F80k/fresh p2 step=37750/80000 loss=0.219576 lr=0.00055
[fit] 0045m/F80k/fresh p2 step=38000/80000 loss=0.215156 lr=0.00054
[fit] 0045m/F80k/fresh p2 step=38250/80000 loss=0.221578 lr=0.00054
[fit] 0045m/F80k/fresh p2 step=38500/80000 loss=0.225195 lr=0.00053
[fit] 0045m/F80k/fresh p2 step=38750/80000 loss=0.217833 lr=0.00053
[fit] 0045m/F80k/fresh p2 step=39000/80000 loss=0.221579 lr=0.00052
[fit] 0045m/F80k/fresh p2 step=39250/80000 loss=0.214946 lr=0.00052
[fit] 0045m/F80k/fresh p2 step=39500/80000 loss=0.216991 lr=0.00051
[fit] 0045m/F80k/fresh p2 step=39750/80000 loss=0.218002 lr=0.00051
[fit] 0045m/F80k/fresh p2 step=40000/80000 loss=0.217368 lr=0.00051
[eval] 0045m/F80k/fresh/40000 exploitability=0.01197761 eval_s=19.6
[fit] 0045m/F80k/fresh p1 step=40250/80000 loss=0.204456 lr=0.0005
[fit] 0045m/F80k/fresh p1 step=40500/80000 loss=0.207385 lr=0.0005
[fit] 0045m/F80k/fresh p1 step=40750/80000 loss=0.203985 lr=0.00049
[fit] 0045m/F80k/fresh p1 step=41000/80000 loss=0.199754 lr=0.00049
[fit] 0045m/F80k/fresh p1 step=41250/80000 loss=0.200359 lr=0.00048
[fit] 0045m/F80k/fresh p1 step=41500/80000 loss=0.200997 lr=0.00048
[fit] 0045m/F80k/fresh p1 step=41750/80000 loss=0.203175 lr=0.00047
[fit] 0045m/F80k/fresh p1 step=42000/80000 loss=0.203198 lr=0.00047
[fit] 0045m/F80k/fresh p1 step=42250/80000 loss=0.205757 lr=0.00046
[fit] 0045m/F80k/fresh p1 step=42500/80000 loss=0.199149 lr=0.00046
[fit] 0045m/F80k/fresh p1 step=42750/80000 loss=0.200519 lr=0.00045
[fit] 0045m/F80k/fresh p1 step=43000/80000 loss=0.203098 lr=0.00045
[fit] 0045m/F80k/fresh p1 step=43250/80000 loss=0.202814 lr=0.00044
[fit] 0045m/F80k/fresh p1 step=43500/80000 loss=0.201421 lr=0.00044
[fit] 0045m/F80k/fresh p1 step=43750/80000 loss=0.20112 lr=0.00043
[fit] 0045m/F80k/fresh p1 step=44000/80000 loss=0.20338 lr=0.00043
[fit] 0045m/F80k/fresh p1 step=44250/80000 loss=0.202836 lr=0.00042
[fit] 0045m/F80k/fresh p1 step=44500/80000 loss=0.204565 lr=0.00042
[fit] 0045m/F80k/fresh p1 step=44750/80000 loss=0.199128 lr=0.00041
[fit] 0045m/F80k/fresh p1 step=45000/80000 loss=0.201971 lr=0.00041
[fit] 0045m/F80k/fresh p1 step=45250/80000 loss=0.200979 lr=0.0004
[fit] 0045m/F80k/fresh p1 step=45500/80000 loss=0.199066 lr=0.0004
[fit] 0045m/F80k/fresh p1 step=45750/80000 loss=0.200827 lr=0.00039
[fit] 0045m/F80k/fresh p1 step=46000/80000 loss=0.203748 lr=0.00039
[fit] 0045m/F80k/fresh p1 step=46250/80000 loss=0.201194 lr=0.00038
[fit] 0045m/F80k/fresh p1 step=46500/80000 loss=0.197374 lr=0.00038
[fit] 0045m/F80k/fresh p1 step=46750/80000 loss=0.198646 lr=0.00038
[fit] 0045m/F80k/fresh p1 step=47000/80000 loss=0.202033 lr=0.00037
[fit] 0045m/F80k/fresh p1 step=47250/80000 loss=0.207247 lr=0.00037
[fit] 0045m/F80k/fresh p1 step=47500/80000 loss=0.201388 lr=0.00036
[fit] 0045m/F80k/fresh p1 step=47750/80000 loss=0.20489 lr=0.00036
[fit] 0045m/F80k/fresh p1 step=48000/80000 loss=0.201645 lr=0.00035
[fit] 0045m/F80k/fresh p1 step=48250/80000 loss=0.199089 lr=0.00035
[fit] 0045m/F80k/fresh p1 step=48500/80000 loss=0.199248 lr=0.00034
[fit] 0045m/F80k/fresh p1 step=48750/80000 loss=0.200209 lr=0.00034
[fit] 0045m/F80k/fresh p1 step=49000/80000 loss=0.201187 lr=0.00033
[fit] 0045m/F80k/fresh p1 step=49250/80000 loss=0.199235 lr=0.00033
[fit] 0045m/F80k/fresh p1 step=49500/80000 loss=0.205891 lr=0.00032
[fit] 0045m/F80k/fresh p1 step=49750/80000 loss=0.203764 lr=0.00032
[fit] 0045m/F80k/fresh p1 step=50000/80000 loss=0.202561 lr=0.00032
[fit] 0045m/F80k/fresh p1 step=50250/80000 loss=0.205585 lr=0.00031
[fit] 0045m/F80k/fresh p1 step=50500/80000 loss=0.203487 lr=0.00031
[fit] 0045m/F80k/fresh p1 step=50750/80000 loss=0.199383 lr=0.0003
[fit] 0045m/F80k/fresh p1 step=51000/80000 loss=0.203984 lr=0.0003
[fit] 0045m/F80k/fresh p1 step=51250/80000 loss=0.199895 lr=0.00029
[fit] 0045m/F80k/fresh p1 step=51500/80000 loss=0.203371 lr=0.00029
[fit] 0045m/F80k/fresh p1 step=51750/80000 loss=0.199232 lr=0.00028
[fit] 0045m/F80k/fresh p1 step=52000/80000 loss=0.206661 lr=0.00028
[fit] 0045m/F80k/fresh p1 step=52250/80000 loss=0.199721 lr=0.00028
[fit] 0045m/F80k/fresh p1 step=52500/80000 loss=0.203893 lr=0.00027
[fit] 0045m/F80k/fresh p1 step=52750/80000 loss=0.207191 lr=0.00027
[fit] 0045m/F80k/fresh p1 step=53000/80000 loss=0.204737 lr=0.00026
[fit] 0045m/F80k/fresh p1 step=53250/80000 loss=0.206356 lr=0.00026
[fit] 0045m/F80k/fresh p1 step=53500/80000 loss=0.207089 lr=0.00025
[fit] 0045m/F80k/fresh p1 step=53750/80000 loss=0.20327 lr=0.00025
[fit] 0045m/F80k/fresh p1 step=54000/80000 loss=0.202571 lr=0.00025
[fit] 0045m/F80k/fresh p1 step=54250/80000 loss=0.198363 lr=0.00024
[fit] 0045m/F80k/fresh p1 step=54500/80000 loss=0.198861 lr=0.00024
[fit] 0045m/F80k/fresh p1 step=54750/80000 loss=0.200137 lr=0.00023
[fit] 0045m/F80k/fresh p1 step=55000/80000 loss=0.205171 lr=0.00023
[fit] 0045m/F80k/fresh p1 step=55250/80000 loss=0.206645 lr=0.00023
[fit] 0045m/F80k/fresh p1 step=55500/80000 loss=0.198072 lr=0.00022
[fit] 0045m/F80k/fresh p1 step=55750/80000 loss=0.209909 lr=0.00022
[fit] 0045m/F80k/fresh p1 step=56000/80000 loss=0.201308 lr=0.00021
[fit] 0045m/F80k/fresh p1 step=56250/80000 loss=0.208554 lr=0.00021
[fit] 0045m/F80k/fresh p1 step=56500/80000 loss=0.202647 lr=0.00021
[fit] 0045m/F80k/fresh p1 step=56750/80000 loss=0.200922 lr=0.0002
[fit] 0045m/F80k/fresh p1 step=57000/80000 loss=0.198028 lr=0.0002
[fit] 0045m/F80k/fresh p1 step=57250/80000 loss=0.203756 lr=0.00019
[fit] 0045m/F80k/fresh p1 step=57500/80000 loss=0.204407 lr=0.00019
[fit] 0045m/F80k/fresh p1 step=57750/80000 loss=0.200926 lr=0.00019
[fit] 0045m/F80k/fresh p1 step=58000/80000 loss=0.201192 lr=0.00018
[fit] 0045m/F80k/fresh p1 step=58250/80000 loss=0.196548 lr=0.00018
[fit] 0045m/F80k/fresh p1 step=58500/80000 loss=0.200325 lr=0.00018
[fit] 0045m/F80k/fresh p1 step=58750/80000 loss=0.203323 lr=0.00017
[fit] 0045m/F80k/fresh p1 step=59000/80000 loss=0.204377 lr=0.00017
[fit] 0045m/F80k/fresh p1 step=59250/80000 loss=0.205708 lr=0.00017
[fit] 0045m/F80k/fresh p1 step=59500/80000 loss=0.202446 lr=0.00016
[fit] 0045m/F80k/fresh p1 step=59750/80000 loss=0.20341 lr=0.00016
[fit] 0045m/F80k/fresh p1 step=60000/80000 loss=0.201539 lr=0.00015
[fit] 0045m/F80k/fresh p1 step=60250/80000 loss=0.201439 lr=0.00015
[fit] 0045m/F80k/fresh p1 step=60500/80000 loss=0.204433 lr=0.00015
[fit] 0045m/F80k/fresh p1 step=60750/80000 loss=0.205218 lr=0.00014
[fit] 0045m/F80k/fresh p1 step=61000/80000 loss=0.202077 lr=0.00014
[fit] 0045m/F80k/fresh p1 step=61250/80000 loss=0.200587 lr=0.00014
[fit] 0045m/F80k/fresh p1 step=61500/80000 loss=0.198571 lr=0.00013
[fit] 0045m/F80k/fresh p1 step=61750/80000 loss=0.197422 lr=0.00013
[fit] 0045m/F80k/fresh p1 step=62000/80000 loss=0.19691 lr=0.00013
[fit] 0045m/F80k/fresh p1 step=62250/80000 loss=0.202033 lr=0.00013
[fit] 0045m/F80k/fresh p1 step=62500/80000 loss=0.202649 lr=0.00012
[fit] 0045m/F80k/fresh p1 step=62750/80000 loss=0.201257 lr=0.00012
[fit] 0045m/F80k/fresh p1 step=63000/80000 loss=0.202088 lr=0.00012
[fit] 0045m/F80k/fresh p1 step=63250/80000 loss=0.19905 lr=0.00011
[fit] 0045m/F80k/fresh p1 step=63500/80000 loss=0.202895 lr=0.00011
[fit] 0045m/F80k/fresh p1 step=63750/80000 loss=0.209563 lr=0.00011
[fit] 0045m/F80k/fresh p1 step=64000/80000 loss=0.198037 lr=0.0001
[fit] 0045m/F80k/fresh p1 step=64250/80000 loss=0.202377 lr=0.0001
[fit] 0045m/F80k/fresh p1 step=64500/80000 loss=0.200568 lr=9.9e-05
[fit] 0045m/F80k/fresh p1 step=64750/80000 loss=0.202843 lr=9.6e-05
[fit] 0045m/F80k/fresh p1 step=65000/80000 loss=0.203438 lr=9.3e-05
[fit] 0045m/F80k/fresh p1 step=65250/80000 loss=0.203165 lr=9.1e-05
[fit] 0045m/F80k/fresh p1 step=65500/80000 loss=0.202029 lr=8.8e-05
[fit] 0045m/F80k/fresh p1 step=65750/80000 loss=0.204848 lr=8.6e-05
[fit] 0045m/F80k/fresh p1 step=66000/80000 loss=0.199509 lr=8.3e-05
[fit] 0045m/F80k/fresh p1 step=66250/80000 loss=0.20534 lr=8e-05
[fit] 0045m/F80k/fresh p1 step=66500/80000 loss=0.205818 lr=7.8e-05
[fit] 0045m/F80k/fresh p1 step=66750/80000 loss=0.20177 lr=7.6e-05
[fit] 0045m/F80k/fresh p1 step=67000/80000 loss=0.208582 lr=7.3e-05
[fit] 0045m/F80k/fresh p1 step=67250/80000 loss=0.202446 lr=7.1e-05
[fit] 0045m/F80k/fresh p1 step=67500/80000 loss=0.202017 lr=6.8e-05
[fit] 0045m/F80k/fresh p1 step=67750/80000 loss=0.203091 lr=6.6e-05
[fit] 0045m/F80k/fresh p1 step=68000/80000 loss=0.20294 lr=6.4e-05
[fit] 0045m/F80k/fresh p1 step=68250/80000 loss=0.204192 lr=6.2e-05
[fit] 0045m/F80k/fresh p1 step=68500/80000 loss=0.198581 lr=6e-05
[fit] 0045m/F80k/fresh p1 step=68750/80000 loss=0.201721 lr=5.8e-05
[fit] 0045m/F80k/fresh p1 step=69000/80000 loss=0.203508 lr=5.5e-05
[fit] 0045m/F80k/fresh p1 step=69250/80000 loss=0.200089 lr=5.3e-05
[fit] 0045m/F80k/fresh p1 step=69500/80000 loss=0.201833 lr=5.1e-05
[fit] 0045m/F80k/fresh p1 step=69750/80000 loss=0.201717 lr=5e-05
[fit] 0045m/F80k/fresh p1 step=70000/80000 loss=0.195866 lr=4.8e-05
[fit] 0045m/F80k/fresh p1 step=70250/80000 loss=0.204743 lr=4.6e-05
[fit] 0045m/F80k/fresh p1 step=70500/80000 loss=0.202225 lr=4.4e-05
[fit] 0045m/F80k/fresh p1 step=70750/80000 loss=0.204913 lr=4.2e-05
[fit] 0045m/F80k/fresh p1 step=71000/80000 loss=0.197121 lr=4.1e-05
[fit] 0045m/F80k/fresh p1 step=71250/80000 loss=0.201392 lr=3.9e-05
[fit] 0045m/F80k/fresh p1 step=71500/80000 loss=0.19521 lr=3.7e-05
[fit] 0045m/F80k/fresh p1 step=71750/80000 loss=0.206558 lr=3.6e-05
[fit] 0045m/F80k/fresh p1 step=72000/80000 loss=0.199821 lr=3.4e-05
[fit] 0045m/F80k/fresh p1 step=72250/80000 loss=0.201906 lr=3.3e-05
[fit] 0045m/F80k/fresh p1 step=72500/80000 loss=0.201724 lr=3.1e-05
[fit] 0045m/F80k/fresh p1 step=72750/80000 loss=0.204567 lr=3e-05
[fit] 0045m/F80k/fresh p1 step=73000/80000 loss=0.203514 lr=2.9e-05
[fit] 0045m/F80k/fresh p1 step=73250/80000 loss=0.20093 lr=2.7e-05
[fit] 0045m/F80k/fresh p1 step=73500/80000 loss=0.202897 lr=2.6e-05
[fit] 0045m/F80k/fresh p1 step=73750/80000 loss=0.208384 lr=2.5e-05
[fit] 0045m/F80k/fresh p1 step=74000/80000 loss=0.201214 lr=2.4e-05
[fit] 0045m/F80k/fresh p1 step=74250/80000 loss=0.20765 lr=2.3e-05
[fit] 0045m/F80k/fresh p1 step=74500/80000 loss=0.207667 lr=2.2e-05
[fit] 0045m/F80k/fresh p1 step=74750/80000 loss=0.204913 lr=2e-05
[fit] 0045m/F80k/fresh p1 step=75000/80000 loss=0.202837 lr=2e-05
[fit] 0045m/F80k/fresh p1 step=75250/80000 loss=0.200839 lr=1.9e-05
[fit] 0045m/F80k/fresh p1 step=75500/80000 loss=0.195089 lr=1.8e-05
[fit] 0045m/F80k/fresh p1 step=75750/80000 loss=0.205901 lr=1.7e-05
[fit] 0045m/F80k/fresh p1 step=76000/80000 loss=0.203946 lr=1.6e-05
[fit] 0045m/F80k/fresh p1 step=76250/80000 loss=0.206524 lr=1.5e-05
[fit] 0045m/F80k/fresh p1 step=76500/80000 loss=0.20519 lr=1.5e-05
[fit] 0045m/F80k/fresh p1 step=76750/80000 loss=0.203539 lr=1.4e-05
[fit] 0045m/F80k/fresh p1 step=77000/80000 loss=0.201204 lr=1.3e-05
[fit] 0045m/F80k/fresh p1 step=77250/80000 loss=0.200834 lr=1.3e-05
[fit] 0045m/F80k/fresh p1 step=77500/80000 loss=0.20614 lr=1.2e-05
[fit] 0045m/F80k/fresh p1 step=77750/80000 loss=0.202559 lr=1.2e-05
[fit] 0045m/F80k/fresh p1 step=78000/80000 loss=0.204083 lr=1.2e-05
[fit] 0045m/F80k/fresh p1 step=78250/80000 loss=0.204172 lr=1.1e-05
[fit] 0045m/F80k/fresh p1 step=78500/80000 loss=0.195166 lr=1.1e-05
[fit] 0045m/F80k/fresh p1 step=78750/80000 loss=0.199264 lr=1.1e-05
[fit] 0045m/F80k/fresh p1 step=79000/80000 loss=0.206893 lr=1e-05
[fit] 0045m/F80k/fresh p1 step=79250/80000 loss=0.202285 lr=1e-05
[fit] 0045m/F80k/fresh p1 step=79500/80000 loss=0.203607 lr=1e-05
[fit] 0045m/F80k/fresh p1 step=79750/80000 loss=0.20206 lr=1e-05
[fit] 0045m/F80k/fresh p1 step=80000/80000 loss=0.202909 lr=1e-05
[fit] 0045m/F80k/fresh p2 step=40250/80000 loss=0.223315 lr=0.0005
[fit] 0045m/F80k/fresh p2 step=40500/80000 loss=0.212526 lr=0.0005
[fit] 0045m/F80k/fresh p2 step=40750/80000 loss=0.214569 lr=0.00049
[fit] 0045m/F80k/fresh p2 step=41000/80000 loss=0.21559 lr=0.00049
[fit] 0045m/F80k/fresh p2 step=41250/80000 loss=0.217302 lr=0.00048
[fit] 0045m/F80k/fresh p2 step=41500/80000 loss=0.2148 lr=0.00048
[fit] 0045m/F80k/fresh p2 step=41750/80000 loss=0.21509 lr=0.00047
[fit] 0045m/F80k/fresh p2 step=42000/80000 loss=0.21722 lr=0.00047
[fit] 0045m/F80k/fresh p2 step=42250/80000 loss=0.213763 lr=0.00046
[fit] 0045m/F80k/fresh p2 step=42500/80000 loss=0.220705 lr=0.00046
[fit] 0045m/F80k/fresh p2 step=42750/80000 loss=0.222768 lr=0.00045
[fit] 0045m/F80k/fresh p2 step=43000/80000 loss=0.213885 lr=0.00045
[fit] 0045m/F80k/fresh p2 step=43250/80000 loss=0.213053 lr=0.00044
[fit] 0045m/F80k/fresh p2 step=43500/80000 loss=0.221303 lr=0.00044
[fit] 0045m/F80k/fresh p2 step=43750/80000 loss=0.226385 lr=0.00043
[fit] 0045m/F80k/fresh p2 step=44000/80000 loss=0.223302 lr=0.00043
[fit] 0045m/F80k/fresh p2 step=44250/80000 loss=0.211452 lr=0.00042
[fit] 0045m/F80k/fresh p2 step=44500/80000 loss=0.214419 lr=0.00042
[fit] 0045m/F80k/fresh p2 step=44750/80000 loss=0.220765 lr=0.00041
[fit] 0045m/F80k/fresh p2 step=45000/80000 loss=0.222275 lr=0.00041
[fit] 0045m/F80k/fresh p2 step=45250/80000 loss=0.220707 lr=0.0004
[fit] 0045m/F80k/fresh p2 step=45500/80000 loss=0.219812 lr=0.0004
[fit] 0045m/F80k/fresh p2 step=45750/80000 loss=0.227038 lr=0.00039
[fit] 0045m/F80k/fresh p2 step=46000/80000 loss=0.22005 lr=0.00039
[fit] 0045m/F80k/fresh p2 step=46250/80000 loss=0.221379 lr=0.00038
[fit] 0045m/F80k/fresh p2 step=46500/80000 loss=0.221738 lr=0.00038
[fit] 0045m/F80k/fresh p2 step=46750/80000 loss=0.215421 lr=0.00038
[fit] 0045m/F80k/fresh p2 step=47000/80000 loss=0.208384 lr=0.00037
[fit] 0045m/F80k/fresh p2 step=47250/80000 loss=0.226914 lr=0.00037
[fit] 0045m/F80k/fresh p2 step=47500/80000 loss=0.218453 lr=0.00036
[fit] 0045m/F80k/fresh p2 step=47750/80000 loss=0.220634 lr=0.00036
[fit] 0045m/F80k/fresh p2 step=48000/80000 loss=0.213109 lr=0.00035
[fit] 0045m/F80k/fresh p2 step=48250/80000 loss=0.216965 lr=0.00035
[fit] 0045m/F80k/fresh p2 step=48500/80000 loss=0.217274 lr=0.00034
[fit] 0045m/F80k/fresh p2 step=48750/80000 loss=0.221204 lr=0.00034
[fit] 0045m/F80k/fresh p2 step=49000/80000 loss=0.215188 lr=0.00033
[fit] 0045m/F80k/fresh p2 step=49250/80000 loss=0.219461 lr=0.00033
[fit] 0045m/F80k/fresh p2 step=49500/80000 loss=0.22008 lr=0.00032
[fit] 0045m/F80k/fresh p2 step=49750/80000 loss=0.218747 lr=0.00032
[fit] 0045m/F80k/fresh p2 step=50000/80000 loss=0.216795 lr=0.00032
[fit] 0045m/F80k/fresh p2 step=50250/80000 loss=0.227792 lr=0.00031
[fit] 0045m/F80k/fresh p2 step=50500/80000 loss=0.222783 lr=0.00031
[fit] 0045m/F80k/fresh p2 step=50750/80000 loss=0.222305 lr=0.0003
[fit] 0045m/F80k/fresh p2 step=51000/80000 loss=0.219964 lr=0.0003
[fit] 0045m/F80k/fresh p2 step=51250/80000 loss=0.22314 lr=0.00029
[fit] 0045m/F80k/fresh p2 step=51500/80000 loss=0.226103 lr=0.00029
[fit] 0045m/F80k/fresh p2 step=51750/80000 loss=0.217684 lr=0.00028
[fit] 0045m/F80k/fresh p2 step=52000/80000 loss=0.225002 lr=0.00028
[fit] 0045m/F80k/fresh p2 step=52250/80000 loss=0.221436 lr=0.00028
[fit] 0045m/F80k/fresh p2 step=52500/80000 loss=0.215462 lr=0.00027
[fit] 0045m/F80k/fresh p2 step=52750/80000 loss=0.211377 lr=0.00027
[fit] 0045m/F80k/fresh p2 step=53000/80000 loss=0.219837 lr=0.00026
[fit] 0045m/F80k/fresh p2 step=53250/80000 loss=0.221731 lr=0.00026
[fit] 0045m/F80k/fresh p2 step=53500/80000 loss=0.213648 lr=0.00025
[fit] 0045m/F80k/fresh p2 step=53750/80000 loss=0.217895 lr=0.00025
[fit] 0045m/F80k/fresh p2 step=54000/80000 loss=0.212465 lr=0.00025
[fit] 0045m/F80k/fresh p2 step=54250/80000 loss=0.217666 lr=0.00024
[fit] 0045m/F80k/fresh p2 step=54500/80000 loss=0.217902 lr=0.00024
[fit] 0045m/F80k/fresh p2 step=54750/80000 loss=0.221055 lr=0.00023
[fit] 0045m/F80k/fresh p2 step=55000/80000 loss=0.218906 lr=0.00023
[fit] 0045m/F80k/fresh p2 step=55250/80000 loss=0.217282 lr=0.00023
[fit] 0045m/F80k/fresh p2 step=55500/80000 loss=0.220246 lr=0.00022
[fit] 0045m/F80k/fresh p2 step=55750/80000 loss=0.225814 lr=0.00022
[fit] 0045m/F80k/fresh p2 step=56000/80000 loss=0.220688 lr=0.00021
[fit] 0045m/F80k/fresh p2 step=56250/80000 loss=0.220963 lr=0.00021
[fit] 0045m/F80k/fresh p2 step=56500/80000 loss=0.219417 lr=0.00021
[fit] 0045m/F80k/fresh p2 step=56750/80000 loss=0.215563 lr=0.0002
[fit] 0045m/F80k/fresh p2 step=57000/80000 loss=0.221614 lr=0.0002
[fit] 0045m/F80k/fresh p2 step=57250/80000 loss=0.214242 lr=0.00019
[fit] 0045m/F80k/fresh p2 step=57500/80000 loss=0.221936 lr=0.00019
[fit] 0045m/F80k/fresh p2 step=57750/80000 loss=0.215248 lr=0.00019
[fit] 0045m/F80k/fresh p2 step=58000/80000 loss=0.221764 lr=0.00018
[fit] 0045m/F80k/fresh p2 step=58250/80000 loss=0.223612 lr=0.00018
[fit] 0045m/F80k/fresh p2 step=58500/80000 loss=0.20917 lr=0.00018
[fit] 0045m/F80k/fresh p2 step=58750/80000 loss=0.214166 lr=0.00017
[fit] 0045m/F80k/fresh p2 step=59000/80000 loss=0.216881 lr=0.00017
[fit] 0045m/F80k/fresh p2 step=59250/80000 loss=0.221513 lr=0.00017
[fit] 0045m/F80k/fresh p2 step=59500/80000 loss=0.217749 lr=0.00016
[fit] 0045m/F80k/fresh p2 step=59750/80000 loss=0.220042 lr=0.00016
[fit] 0045m/F80k/fresh p2 step=60000/80000 loss=0.222858 lr=0.00015
[fit] 0045m/F80k/fresh p2 step=60250/80000 loss=0.220838 lr=0.00015
[fit] 0045m/F80k/fresh p2 step=60500/80000 loss=0.224841 lr=0.00015
[fit] 0045m/F80k/fresh p2 step=60750/80000 loss=0.22105 lr=0.00014
[fit] 0045m/F80k/fresh p2 step=61000/80000 loss=0.21625 lr=0.00014
[fit] 0045m/F80k/fresh p2 step=61250/80000 loss=0.213861 lr=0.00014
[fit] 0045m/F80k/fresh p2 step=61500/80000 loss=0.222439 lr=0.00013
[fit] 0045m/F80k/fresh p2 step=61750/80000 loss=0.22011 lr=0.00013
[fit] 0045m/F80k/fresh p2 step=62000/80000 loss=0.218378 lr=0.00013
[fit] 0045m/F80k/fresh p2 step=62250/80000 loss=0.216728 lr=0.00013
[fit] 0045m/F80k/fresh p2 step=62500/80000 loss=0.215413 lr=0.00012
[fit] 0045m/F80k/fresh p2 step=62750/80000 loss=0.218046 lr=0.00012
[fit] 0045m/F80k/fresh p2 step=63000/80000 loss=0.218463 lr=0.00012
[fit] 0045m/F80k/fresh p2 step=63250/80000 loss=0.217151 lr=0.00011
[fit] 0045m/F80k/fresh p2 step=63500/80000 loss=0.219843 lr=0.00011
[fit] 0045m/F80k/fresh p2 step=63750/80000 loss=0.216088 lr=0.00011
[fit] 0045m/F80k/fresh p2 step=64000/80000 loss=0.215572 lr=0.0001
[fit] 0045m/F80k/fresh p2 step=64250/80000 loss=0.214911 lr=0.0001
[fit] 0045m/F80k/fresh p2 step=64500/80000 loss=0.220394 lr=9.9e-05
[fit] 0045m/F80k/fresh p2 step=64750/80000 loss=0.22364 lr=9.6e-05
[fit] 0045m/F80k/fresh p2 step=65000/80000 loss=0.220342 lr=9.3e-05
[fit] 0045m/F80k/fresh p2 step=65250/80000 loss=0.221705 lr=9.1e-05
[fit] 0045m/F80k/fresh p2 step=65500/80000 loss=0.216758 lr=8.8e-05
[fit] 0045m/F80k/fresh p2 step=65750/80000 loss=0.217185 lr=8.6e-05
[fit] 0045m/F80k/fresh p2 step=66000/80000 loss=0.224703 lr=8.3e-05
[fit] 0045m/F80k/fresh p2 step=66250/80000 loss=0.213466 lr=8e-05
[fit] 0045m/F80k/fresh p2 step=66500/80000 loss=0.216745 lr=7.8e-05
[fit] 0045m/F80k/fresh p2 step=66750/80000 loss=0.220616 lr=7.6e-05
[fit] 0045m/F80k/fresh p2 step=67000/80000 loss=0.215774 lr=7.3e-05
[fit] 0045m/F80k/fresh p2 step=67250/80000 loss=0.224709 lr=7.1e-05
[fit] 0045m/F80k/fresh p2 step=67500/80000 loss=0.213203 lr=6.8e-05
[fit] 0045m/F80k/fresh p2 step=67750/80000 loss=0.222623 lr=6.6e-05
[fit] 0045m/F80k/fresh p2 step=68000/80000 loss=0.222629 lr=6.4e-05
[fit] 0045m/F80k/fresh p2 step=68250/80000 loss=0.216951 lr=6.2e-05
[fit] 0045m/F80k/fresh p2 step=68500/80000 loss=0.207738 lr=6e-05
[fit] 0045m/F80k/fresh p2 step=68750/80000 loss=0.223173 lr=5.8e-05
[fit] 0045m/F80k/fresh p2 step=69000/80000 loss=0.218993 lr=5.5e-05
[fit] 0045m/F80k/fresh p2 step=69250/80000 loss=0.222704 lr=5.3e-05
[fit] 0045m/F80k/fresh p2 step=69500/80000 loss=0.222815 lr=5.1e-05
[fit] 0045m/F80k/fresh p2 step=69750/80000 loss=0.219107 lr=5e-05
[fit] 0045m/F80k/fresh p2 step=70000/80000 loss=0.214593 lr=4.8e-05
[fit] 0045m/F80k/fresh p2 step=70250/80000 loss=0.215071 lr=4.6e-05
[fit] 0045m/F80k/fresh p2 step=70500/80000 loss=0.222919 lr=4.4e-05
[fit] 0045m/F80k/fresh p2 step=70750/80000 loss=0.221149 lr=4.2e-05
[fit] 0045m/F80k/fresh p2 step=71000/80000 loss=0.21069 lr=4.1e-05
[fit] 0045m/F80k/fresh p2 step=71250/80000 loss=0.218601 lr=3.9e-05
[fit] 0045m/F80k/fresh p2 step=71500/80000 loss=0.207152 lr=3.7e-05
[fit] 0045m/F80k/fresh p2 step=71750/80000 loss=0.215544 lr=3.6e-05
[fit] 0045m/F80k/fresh p2 step=72000/80000 loss=0.221923 lr=3.4e-05
[fit] 0045m/F80k/fresh p2 step=72250/80000 loss=0.213973 lr=3.3e-05
[fit] 0045m/F80k/fresh p2 step=72500/80000 loss=0.215396 lr=3.1e-05
[fit] 0045m/F80k/fresh p2 step=72750/80000 loss=0.217721 lr=3e-05
[fit] 0045m/F80k/fresh p2 step=73000/80000 loss=0.221818 lr=2.9e-05
[fit] 0045m/F80k/fresh p2 step=73250/80000 loss=0.222016 lr=2.7e-05
[fit] 0045m/F80k/fresh p2 step=73500/80000 loss=0.221716 lr=2.6e-05
[fit] 0045m/F80k/fresh p2 step=73750/80000 loss=0.212995 lr=2.5e-05
[fit] 0045m/F80k/fresh p2 step=74000/80000 loss=0.221708 lr=2.4e-05
[fit] 0045m/F80k/fresh p2 step=74250/80000 loss=0.221727 lr=2.3e-05
[fit] 0045m/F80k/fresh p2 step=74500/80000 loss=0.220307 lr=2.2e-05
[fit] 0045m/F80k/fresh p2 step=74750/80000 loss=0.218477 lr=2e-05
[fit] 0045m/F80k/fresh p2 step=75000/80000 loss=0.225485 lr=2e-05
[fit] 0045m/F80k/fresh p2 step=75250/80000 loss=0.220193 lr=1.9e-05
[fit] 0045m/F80k/fresh p2 step=75500/80000 loss=0.219218 lr=1.8e-05
[fit] 0045m/F80k/fresh p2 step=75750/80000 loss=0.216539 lr=1.7e-05
[fit] 0045m/F80k/fresh p2 step=76000/80000 loss=0.217544 lr=1.6e-05
[fit] 0045m/F80k/fresh p2 step=76250/80000 loss=0.216855 lr=1.5e-05
[fit] 0045m/F80k/fresh p2 step=76500/80000 loss=0.213276 lr=1.5e-05
[fit] 0045m/F80k/fresh p2 step=76750/80000 loss=0.213144 lr=1.4e-05
[fit] 0045m/F80k/fresh p2 step=77000/80000 loss=0.211326 lr=1.3e-05
[fit] 0045m/F80k/fresh p2 step=77250/80000 loss=0.214145 lr=1.3e-05
[fit] 0045m/F80k/fresh p2 step=77500/80000 loss=0.219344 lr=1.2e-05
[fit] 0045m/F80k/fresh p2 step=77750/80000 loss=0.219386 lr=1.2e-05
[fit] 0045m/F80k/fresh p2 step=78000/80000 loss=0.216515 lr=1.2e-05
[fit] 0045m/F80k/fresh p2 step=78250/80000 loss=0.218105 lr=1.1e-05
[fit] 0045m/F80k/fresh p2 step=78500/80000 loss=0.208905 lr=1.1e-05
[fit] 0045m/F80k/fresh p2 step=78750/80000 loss=0.226908 lr=1.1e-05
[fit] 0045m/F80k/fresh p2 step=79000/80000 loss=0.218196 lr=1e-05
[fit] 0045m/F80k/fresh p2 step=79250/80000 loss=0.217531 lr=1e-05
[fit] 0045m/F80k/fresh p2 step=79500/80000 loss=0.210746 lr=1e-05
[fit] 0045m/F80k/fresh p2 step=79750/80000 loss=0.217333 lr=1e-05
[fit] 0045m/F80k/fresh p2 step=80000/80000 loss=0.220393 lr=1e-05
[eval] 0045m/F80k/fresh/80000 exploitability=0.00487123 eval_s=19.4
[arm] 0045m/X/exact seed=17031 batch=16384 loss=cross_entropy fitted=0 cuda_free_gib=2.21
[fit] 0045m/X/exact p1 step=250/40000 loss=0.27302 lr=0.001
[fit] 0045m/X/exact p1 step=500/40000 loss=0.222236 lr=0.001
[fit] 0045m/X/exact p1 step=750/40000 loss=0.21195 lr=0.001
[fit] 0045m/X/exact p1 step=1000/40000 loss=0.20829 lr=0.001
[fit] 0045m/X/exact p1 step=1250/40000 loss=0.206005 lr=0.001
[fit] 0045m/X/exact p1 step=1500/40000 loss=0.203033 lr=0.001
[fit] 0045m/X/exact p1 step=1750/40000 loss=0.199483 lr=0.001
[fit] 0045m/X/exact p1 step=2000/40000 loss=0.201302 lr=0.00099
[fit] 0045m/X/exact p1 step=2250/40000 loss=0.20139 lr=0.00099
[fit] 0045m/X/exact p1 step=2500/40000 loss=0.200608 lr=0.00099
[fit] 0045m/X/exact p1 step=2750/40000 loss=0.197312 lr=0.00099
[fit] 0045m/X/exact p1 step=3000/40000 loss=0.200905 lr=0.00099
[fit] 0045m/X/exact p1 step=3250/40000 loss=0.20269 lr=0.00098
[fit] 0045m/X/exact p1 step=3500/40000 loss=0.201694 lr=0.00098
[fit] 0045m/X/exact p1 step=3750/40000 loss=0.203605 lr=0.00098
[fit] 0045m/X/exact p1 step=4000/40000 loss=0.198218 lr=0.00098
[fit] 0045m/X/exact p1 step=4250/40000 loss=0.199263 lr=0.00097
[fit] 0045m/X/exact p1 step=4500/40000 loss=0.199113 lr=0.00097
[fit] 0045m/X/exact p1 step=4750/40000 loss=0.199428 lr=0.00097
[fit] 0045m/X/exact p1 step=5000/40000 loss=0.201035 lr=0.00096
[fit] 0045m/X/exact p1 step=5250/40000 loss=0.20324 lr=0.00096
[fit] 0045m/X/exact p1 step=5500/40000 loss=0.200523 lr=0.00095
[fit] 0045m/X/exact p1 step=5750/40000 loss=0.199984 lr=0.00095
[fit] 0045m/X/exact p1 step=6000/40000 loss=0.198853 lr=0.00095
[fit] 0045m/X/exact p1 step=6250/40000 loss=0.19914 lr=0.00094
[fit] 0045m/X/exact p1 step=6500/40000 loss=0.19967 lr=0.00094
[fit] 0045m/X/exact p1 step=6750/40000 loss=0.196562 lr=0.00093
[fit] 0045m/X/exact p1 step=7000/40000 loss=0.196295 lr=0.00093
[fit] 0045m/X/exact p1 step=7250/40000 loss=0.201457 lr=0.00092
[fit] 0045m/X/exact p1 step=7500/40000 loss=0.206641 lr=0.00092
[fit] 0045m/X/exact p1 step=7750/40000 loss=0.197635 lr=0.00091
[fit] 0045m/X/exact p1 step=8000/40000 loss=0.196362 lr=0.00091
[fit] 0045m/X/exact p1 step=8250/40000 loss=0.198746 lr=0.0009
[fit] 0045m/X/exact p1 step=8500/40000 loss=0.196746 lr=0.00089
[fit] 0045m/X/exact p1 step=8750/40000 loss=0.194949 lr=0.00089
[fit] 0045m/X/exact p1 step=9000/40000 loss=0.200315 lr=0.00088
[fit] 0045m/X/exact p1 step=9250/40000 loss=0.198646 lr=0.00088
[fit] 0045m/X/exact p1 step=9500/40000 loss=0.193895 lr=0.00087
[fit] 0045m/X/exact p1 step=9750/40000 loss=0.197605 lr=0.00086
[fit] 0045m/X/exact p1 step=10000/40000 loss=0.200569 lr=0.00086
[fit] 0045m/X/exact p2 step=250/40000 loss=0.358471 lr=0.001
[fit] 0045m/X/exact p2 step=500/40000 loss=0.304279 lr=0.001
[fit] 0045m/X/exact p2 step=750/40000 loss=0.28356 lr=0.001
[fit] 0045m/X/exact p2 step=1000/40000 loss=0.275395 lr=0.001
[fit] 0045m/X/exact p2 step=1250/40000 loss=0.258342 lr=0.001
[fit] 0045m/X/exact p2 step=1500/40000 loss=0.263574 lr=0.001
[fit] 0045m/X/exact p2 step=1750/40000 loss=0.255828 lr=0.001
[fit] 0045m/X/exact p2 step=2000/40000 loss=0.255536 lr=0.00099
[fit] 0045m/X/exact p2 step=2250/40000 loss=0.245066 lr=0.00099
[fit] 0045m/X/exact p2 step=2500/40000 loss=0.247188 lr=0.00099
[fit] 0045m/X/exact p2 step=2750/40000 loss=0.247824 lr=0.00099
[fit] 0045m/X/exact p2 step=3000/40000 loss=0.242599 lr=0.00099
[fit] 0045m/X/exact p2 step=3250/40000 loss=0.249586 lr=0.00098
[fit] 0045m/X/exact p2 step=3500/40000 loss=0.248989 lr=0.00098
[fit] 0045m/X/exact p2 step=3750/40000 loss=0.243326 lr=0.00098
[fit] 0045m/X/exact p2 step=4000/40000 loss=0.250279 lr=0.00098
[fit] 0045m/X/exact p2 step=4250/40000 loss=0.245858 lr=0.00097
[fit] 0045m/X/exact p2 step=4500/40000 loss=0.247961 lr=0.00097
[fit] 0045m/X/exact p2 step=4750/40000 loss=0.246344 lr=0.00097
[fit] 0045m/X/exact p2 step=5000/40000 loss=0.240073 lr=0.00096
[fit] 0045m/X/exact p2 step=5250/40000 loss=0.241138 lr=0.00096
[fit] 0045m/X/exact p2 step=5500/40000 loss=0.240991 lr=0.00095
[fit] 0045m/X/exact p2 step=5750/40000 loss=0.238024 lr=0.00095
[fit] 0045m/X/exact p2 step=6000/40000 loss=0.238512 lr=0.00095
[fit] 0045m/X/exact p2 step=6250/40000 loss=0.244756 lr=0.00094
[fit] 0045m/X/exact p2 step=6500/40000 loss=0.239973 lr=0.00094
[fit] 0045m/X/exact p2 step=6750/40000 loss=0.243487 lr=0.00093
[fit] 0045m/X/exact p2 step=7000/40000 loss=0.241895 lr=0.00093
[fit] 0045m/X/exact p2 step=7250/40000 loss=0.240648 lr=0.00092
[fit] 0045m/X/exact p2 step=7500/40000 loss=0.241869 lr=0.00092
[fit] 0045m/X/exact p2 step=7750/40000 loss=0.233657 lr=0.00091
[fit] 0045m/X/exact p2 step=8000/40000 loss=0.242589 lr=0.00091
[fit] 0045m/X/exact p2 step=8250/40000 loss=0.238448 lr=0.0009
[fit] 0045m/X/exact p2 step=8500/40000 loss=0.237011 lr=0.00089
[fit] 0045m/X/exact p2 step=8750/40000 loss=0.239057 lr=0.00089
[fit] 0045m/X/exact p2 step=9000/40000 loss=0.236667 lr=0.00088
[fit] 0045m/X/exact p2 step=9250/40000 loss=0.238079 lr=0.00088
[fit] 0045m/X/exact p2 step=9500/40000 loss=0.242032 lr=0.00087
[fit] 0045m/X/exact p2 step=9750/40000 loss=0.233192 lr=0.00086
[fit] 0045m/X/exact p2 step=10000/40000 loss=0.235843 lr=0.00086
[eval] 0045m/X/exact/10000 exploitability=0.01185458 eval_s=19.0
[fit] 0045m/X/exact p1 step=10250/40000 loss=0.200402 lr=0.00085
[fit] 0045m/X/exact p1 step=10500/40000 loss=0.201545 lr=0.00084
[fit] 0045m/X/exact p1 step=10750/40000 loss=0.204331 lr=0.00083
[fit] 0045m/X/exact p1 step=11000/40000 loss=0.198022 lr=0.00083
[fit] 0045m/X/exact p1 step=11250/40000 loss=0.200502 lr=0.00082
[fit] 0045m/X/exact p1 step=11500/40000 loss=0.201831 lr=0.00081
[fit] 0045m/X/exact p1 step=11750/40000 loss=0.199289 lr=0.0008
[fit] 0045m/X/exact p1 step=12000/40000 loss=0.198084 lr=0.0008
[fit] 0045m/X/exact p1 step=12250/40000 loss=0.199312 lr=0.00079
[fit] 0045m/X/exact p1 step=12500/40000 loss=0.201207 lr=0.00078
[fit] 0045m/X/exact p1 step=12750/40000 loss=0.198211 lr=0.00077
[fit] 0045m/X/exact p1 step=13000/40000 loss=0.197051 lr=0.00076
[fit] 0045m/X/exact p1 step=13250/40000 loss=0.203081 lr=0.00076
[fit] 0045m/X/exact p1 step=13500/40000 loss=0.204033 lr=0.00075
[fit] 0045m/X/exact p1 step=13750/40000 loss=0.197217 lr=0.00074
[fit] 0045m/X/exact p1 step=14000/40000 loss=0.194499 lr=0.00073
[fit] 0045m/X/exact p1 step=14250/40000 loss=0.195716 lr=0.00072
[fit] 0045m/X/exact p1 step=14500/40000 loss=0.201083 lr=0.00071
[fit] 0045m/X/exact p1 step=14750/40000 loss=0.199762 lr=0.0007
[fit] 0045m/X/exact p1 step=15000/40000 loss=0.199613 lr=0.00069
[fit] 0045m/X/exact p1 step=15250/40000 loss=0.203679 lr=0.00069
[fit] 0045m/X/exact p1 step=15500/40000 loss=0.20038 lr=0.00068
[fit] 0045m/X/exact p1 step=15750/40000 loss=0.196694 lr=0.00067
[fit] 0045m/X/exact p1 step=16000/40000 loss=0.197897 lr=0.00066
[fit] 0045m/X/exact p1 step=16250/40000 loss=0.198223 lr=0.00065
[fit] 0045m/X/exact p1 step=16500/40000 loss=0.200952 lr=0.00064
[fit] 0045m/X/exact p1 step=16750/40000 loss=0.199683 lr=0.00063
[fit] 0045m/X/exact p1 step=17000/40000 loss=0.198891 lr=0.00062
[fit] 0045m/X/exact p1 step=17250/40000 loss=0.201824 lr=0.00061
[fit] 0045m/X/exact p1 step=17500/40000 loss=0.198275 lr=0.0006
[fit] 0045m/X/exact p1 step=17750/40000 loss=0.200803 lr=0.00059
[fit] 0045m/X/exact p1 step=18000/40000 loss=0.201724 lr=0.00058
[fit] 0045m/X/exact p1 step=18250/40000 loss=0.197867 lr=0.00057
[fit] 0045m/X/exact p1 step=18500/40000 loss=0.200036 lr=0.00056
[fit] 0045m/X/exact p1 step=18750/40000 loss=0.196302 lr=0.00055
[fit] 0045m/X/exact p1 step=19000/40000 loss=0.200169 lr=0.00054
[fit] 0045m/X/exact p1 step=19250/40000 loss=0.20245 lr=0.00053
[fit] 0045m/X/exact p1 step=19500/40000 loss=0.193285 lr=0.00052
[fit] 0045m/X/exact p1 step=19750/40000 loss=0.199906 lr=0.00051
[fit] 0045m/X/exact p1 step=20000/40000 loss=0.201943 lr=0.00051
[fit] 0045m/X/exact p2 step=10250/40000 loss=0.240139 lr=0.00085
[fit] 0045m/X/exact p2 step=10500/40000 loss=0.236992 lr=0.00084
[fit] 0045m/X/exact p2 step=10750/40000 loss=0.238092 lr=0.00083
[fit] 0045m/X/exact p2 step=11000/40000 loss=0.241675 lr=0.00083
[fit] 0045m/X/exact p2 step=11250/40000 loss=0.240574 lr=0.00082
[fit] 0045m/X/exact p2 step=11500/40000 loss=0.23594 lr=0.00081
[fit] 0045m/X/exact p2 step=11750/40000 loss=0.24072 lr=0.0008
[fit] 0045m/X/exact p2 step=12000/40000 loss=0.237173 lr=0.0008
[fit] 0045m/X/exact p2 step=12250/40000 loss=0.239154 lr=0.00079
[fit] 0045m/X/exact p2 step=12500/40000 loss=0.240222 lr=0.00078
[fit] 0045m/X/exact p2 step=12750/40000 loss=0.237095 lr=0.00077
[fit] 0045m/X/exact p2 step=13000/40000 loss=0.244197 lr=0.00076
[fit] 0045m/X/exact p2 step=13250/40000 loss=0.234795 lr=0.00076
[fit] 0045m/X/exact p2 step=13500/40000 loss=0.238813 lr=0.00075
[fit] 0045m/X/exact p2 step=13750/40000 loss=0.239068 lr=0.00074
[fit] 0045m/X/exact p2 step=14000/40000 loss=0.234991 lr=0.00073
[fit] 0045m/X/exact p2 step=14250/40000 loss=0.229556 lr=0.00072
[fit] 0045m/X/exact p2 step=14500/40000 loss=0.235098 lr=0.00071
[fit] 0045m/X/exact p2 step=14750/40000 loss=0.23526 lr=0.0007
[fit] 0045m/X/exact p2 step=15000/40000 loss=0.239518 lr=0.00069
[fit] 0045m/X/exact p2 step=15250/40000 loss=0.239155 lr=0.00069
[fit] 0045m/X/exact p2 step=15500/40000 loss=0.241051 lr=0.00068
[fit] 0045m/X/exact p2 step=15750/40000 loss=0.240613 lr=0.00067
[fit] 0045m/X/exact p2 step=16000/40000 loss=0.240396 lr=0.00066
[fit] 0045m/X/exact p2 step=16250/40000 loss=0.237961 lr=0.00065
[fit] 0045m/X/exact p2 step=16500/40000 loss=0.233451 lr=0.00064
[fit] 0045m/X/exact p2 step=16750/40000 loss=0.238968 lr=0.00063
[fit] 0045m/X/exact p2 step=17000/40000 loss=0.237792 lr=0.00062
[fit] 0045m/X/exact p2 step=17250/40000 loss=0.237364 lr=0.00061
[fit] 0045m/X/exact p2 step=17500/40000 loss=0.237336 lr=0.0006
[fit] 0045m/X/exact p2 step=17750/40000 loss=0.234655 lr=0.00059
[fit] 0045m/X/exact p2 step=18000/40000 loss=0.244597 lr=0.00058
[fit] 0045m/X/exact p2 step=18250/40000 loss=0.237032 lr=0.00057
[fit] 0045m/X/exact p2 step=18500/40000 loss=0.240311 lr=0.00056
[fit] 0045m/X/exact p2 step=18750/40000 loss=0.240322 lr=0.00055
[fit] 0045m/X/exact p2 step=19000/40000 loss=0.232702 lr=0.00054
[fit] 0045m/X/exact p2 step=19250/40000 loss=0.234795 lr=0.00053
[fit] 0045m/X/exact p2 step=19500/40000 loss=0.235827 lr=0.00052
[fit] 0045m/X/exact p2 step=19750/40000 loss=0.236487 lr=0.00051
[fit] 0045m/X/exact p2 step=20000/40000 loss=0.239404 lr=0.00051
[eval] 0045m/X/exact/20000 exploitability=0.00658222 eval_s=19.1
[fit] 0045m/X/exact p1 step=20250/40000 loss=0.194181 lr=0.0005
[fit] 0045m/X/exact p1 step=20500/40000 loss=0.19365 lr=0.00049
[fit] 0045m/X/exact p1 step=20750/40000 loss=0.198749 lr=0.00048
[fit] 0045m/X/exact p1 step=21000/40000 loss=0.200151 lr=0.00047
[fit] 0045m/X/exact p1 step=21250/40000 loss=0.196269 lr=0.00046
[fit] 0045m/X/exact p1 step=21500/40000 loss=0.197278 lr=0.00045
[fit] 0045m/X/exact p1 step=21750/40000 loss=0.195211 lr=0.00044
[fit] 0045m/X/exact p1 step=22000/40000 loss=0.196899 lr=0.00043
[fit] 0045m/X/exact p1 step=22250/40000 loss=0.200181 lr=0.00042
[fit] 0045m/X/exact p1 step=22500/40000 loss=0.19818 lr=0.00041
[fit] 0045m/X/exact p1 step=22750/40000 loss=0.197463 lr=0.0004
[fit] 0045m/X/exact p1 step=23000/40000 loss=0.195963 lr=0.00039
[fit] 0045m/X/exact p1 step=23250/40000 loss=0.198507 lr=0.00038
[fit] 0045m/X/exact p1 step=23500/40000 loss=0.198902 lr=0.00037
[fit] 0045m/X/exact p1 step=23750/40000 loss=0.199288 lr=0.00036
[fit] 0045m/X/exact p1 step=24000/40000 loss=0.196765 lr=0.00035
[fit] 0045m/X/exact p1 step=24250/40000 loss=0.200198 lr=0.00034
[fit] 0045m/X/exact p1 step=24500/40000 loss=0.197238 lr=0.00033
[fit] 0045m/X/exact p1 step=24750/40000 loss=0.199868 lr=0.00032
[fit] 0045m/X/exact p1 step=25000/40000 loss=0.200137 lr=0.00032
[fit] 0045m/X/exact p1 step=25250/40000 loss=0.19749 lr=0.00031
[fit] 0045m/X/exact p1 step=25500/40000 loss=0.195555 lr=0.0003
[fit] 0045m/X/exact p1 step=25750/40000 loss=0.199675 lr=0.00029
[fit] 0045m/X/exact p1 step=26000/40000 loss=0.196004 lr=0.00028
[fit] 0045m/X/exact p1 step=26250/40000 loss=0.199982 lr=0.00027
[fit] 0045m/X/exact p1 step=26500/40000 loss=0.207487 lr=0.00026
[fit] 0045m/X/exact p1 step=26750/40000 loss=0.198219 lr=0.00025
[fit] 0045m/X/exact p1 step=27000/40000 loss=0.194974 lr=0.00025
[fit] 0045m/X/exact p1 step=27250/40000 loss=0.196433 lr=0.00024
[fit] 0045m/X/exact p1 step=27500/40000 loss=0.196544 lr=0.00023
[fit] 0045m/X/exact p1 step=27750/40000 loss=0.198003 lr=0.00022
[fit] 0045m/X/exact p1 step=28000/40000 loss=0.195039 lr=0.00021
[fit] 0045m/X/exact p1 step=28250/40000 loss=0.196095 lr=0.00021
[fit] 0045m/X/exact p1 step=28500/40000 loss=0.195996 lr=0.0002
[fit] 0045m/X/exact p1 step=28750/40000 loss=0.198205 lr=0.00019
[fit] 0045m/X/exact p1 step=29000/40000 loss=0.20096 lr=0.00018
[fit] 0045m/X/exact p1 step=29250/40000 loss=0.200237 lr=0.00018
[fit] 0045m/X/exact p1 step=29500/40000 loss=0.197714 lr=0.00017
[fit] 0045m/X/exact p1 step=29750/40000 loss=0.201477 lr=0.00016
[fit] 0045m/X/exact p1 step=30000/40000 loss=0.197794 lr=0.00015
[fit] 0045m/X/exact p1 step=30250/40000 loss=0.200932 lr=0.00015
[fit] 0045m/X/exact p1 step=30500/40000 loss=0.19842 lr=0.00014
[fit] 0045m/X/exact p1 step=30750/40000 loss=0.19713 lr=0.00013
[fit] 0045m/X/exact p1 step=31000/40000 loss=0.193551 lr=0.00013
[fit] 0045m/X/exact p1 step=31250/40000 loss=0.199576 lr=0.00012
[fit] 0045m/X/exact p1 step=31500/40000 loss=0.196098 lr=0.00012
[fit] 0045m/X/exact p1 step=31750/40000 loss=0.194515 lr=0.00011
[fit] 0045m/X/exact p1 step=32000/40000 loss=0.204216 lr=0.0001
[fit] 0045m/X/exact p1 step=32250/40000 loss=0.20265 lr=9.9e-05
[fit] 0045m/X/exact p1 step=32500/40000 loss=0.199926 lr=9.3e-05
[fit] 0045m/X/exact p1 step=32750/40000 loss=0.193868 lr=8.8e-05
[fit] 0045m/X/exact p1 step=33000/40000 loss=0.197925 lr=8.3e-05
[fit] 0045m/X/exact p1 step=33250/40000 loss=0.197161 lr=7.8e-05
[fit] 0045m/X/exact p1 step=33500/40000 loss=0.19984 lr=7.3e-05
[fit] 0045m/X/exact p1 step=33750/40000 loss=0.201069 lr=6.8e-05
[fit] 0045m/X/exact p1 step=34000/40000 loss=0.197011 lr=6.4e-05
[fit] 0045m/X/exact p1 step=34250/40000 loss=0.195928 lr=6e-05
[fit] 0045m/X/exact p1 step=34500/40000 loss=0.203502 lr=5.5e-05
[fit] 0045m/X/exact p1 step=34750/40000 loss=0.193549 lr=5.1e-05
[fit] 0045m/X/exact p1 step=35000/40000 loss=0.199471 lr=4.8e-05
[fit] 0045m/X/exact p1 step=35250/40000 loss=0.195144 lr=4.4e-05
[fit] 0045m/X/exact p1 step=35500/40000 loss=0.198668 lr=4.1e-05
[fit] 0045m/X/exact p1 step=35750/40000 loss=0.197354 lr=3.7e-05
[fit] 0045m/X/exact p1 step=36000/40000 loss=0.196876 lr=3.4e-05
[fit] 0045m/X/exact p1 step=36250/40000 loss=0.200964 lr=3.1e-05
[fit] 0045m/X/exact p1 step=36500/40000 loss=0.202075 lr=2.9e-05
[fit] 0045m/X/exact p1 step=36750/40000 loss=0.19646 lr=2.6e-05
[fit] 0045m/X/exact p1 step=37000/40000 loss=0.202771 lr=2.4e-05
[fit] 0045m/X/exact p1 step=37250/40000 loss=0.198682 lr=2.2e-05
[fit] 0045m/X/exact p1 step=37500/40000 loss=0.194869 lr=2e-05
[fit] 0045m/X/exact p1 step=37750/40000 loss=0.201942 lr=1.8e-05
[fit] 0045m/X/exact p1 step=38000/40000 loss=0.196631 lr=1.6e-05
[fit] 0045m/X/exact p1 step=38250/40000 loss=0.197949 lr=1.5e-05
[fit] 0045m/X/exact p1 step=38500/40000 loss=0.203553 lr=1.3e-05
[fit] 0045m/X/exact p1 step=38750/40000 loss=0.201808 lr=1.2e-05
[fit] 0045m/X/exact p1 step=39000/40000 loss=0.200496 lr=1.2e-05
[fit] 0045m/X/exact p1 step=39250/40000 loss=0.199791 lr=1.1e-05
[fit] 0045m/X/exact p1 step=39500/40000 loss=0.19671 lr=1e-05
[fit] 0045m/X/exact p1 step=39750/40000 loss=0.201606 lr=1e-05
[fit] 0045m/X/exact p1 step=40000/40000 loss=0.205063 lr=1e-05
[fit] 0045m/X/exact p2 step=20250/40000 loss=0.237752 lr=0.0005
[fit] 0045m/X/exact p2 step=20500/40000 loss=0.240346 lr=0.00049
[fit] 0045m/X/exact p2 step=20750/40000 loss=0.237455 lr=0.00048
[fit] 0045m/X/exact p2 step=21000/40000 loss=0.241701 lr=0.00047
[fit] 0045m/X/exact p2 step=21250/40000 loss=0.238017 lr=0.00046
[fit] 0045m/X/exact p2 step=21500/40000 loss=0.242846 lr=0.00045
[fit] 0045m/X/exact p2 step=21750/40000 loss=0.233624 lr=0.00044
[fit] 0045m/X/exact p2 step=22000/40000 loss=0.242018 lr=0.00043
[fit] 0045m/X/exact p2 step=22250/40000 loss=0.237733 lr=0.00042
[fit] 0045m/X/exact p2 step=22500/40000 loss=0.242198 lr=0.00041
[fit] 0045m/X/exact p2 step=22750/40000 loss=0.23599 lr=0.0004
[fit] 0045m/X/exact p2 step=23000/40000 loss=0.239606 lr=0.00039
[fit] 0045m/X/exact p2 step=23250/40000 loss=0.23833 lr=0.00038
[fit] 0045m/X/exact p2 step=23500/40000 loss=0.238457 lr=0.00037
[fit] 0045m/X/exact p2 step=23750/40000 loss=0.237464 lr=0.00036
[fit] 0045m/X/exact p2 step=24000/40000 loss=0.23926 lr=0.00035
[fit] 0045m/X/exact p2 step=24250/40000 loss=0.236331 lr=0.00034
[fit] 0045m/X/exact p2 step=24500/40000 loss=0.237661 lr=0.00033
[fit] 0045m/X/exact p2 step=24750/40000 loss=0.229444 lr=0.00032
[fit] 0045m/X/exact p2 step=25000/40000 loss=0.233513 lr=0.00032
[fit] 0045m/X/exact p2 step=25250/40000 loss=0.231356 lr=0.00031
[fit] 0045m/X/exact p2 step=25500/40000 loss=0.235739 lr=0.0003
[fit] 0045m/X/exact p2 step=25750/40000 loss=0.232825 lr=0.00029
[fit] 0045m/X/exact p2 step=26000/40000 loss=0.239449 lr=0.00028
[fit] 0045m/X/exact p2 step=26250/40000 loss=0.239916 lr=0.00027
[fit] 0045m/X/exact p2 step=26500/40000 loss=0.235964 lr=0.00026
[fit] 0045m/X/exact p2 step=26750/40000 loss=0.238372 lr=0.00025
[fit] 0045m/X/exact p2 step=27000/40000 loss=0.243424 lr=0.00025
[fit] 0045m/X/exact p2 step=27250/40000 loss=0.234505 lr=0.00024
[fit] 0045m/X/exact p2 step=27500/40000 loss=0.239837 lr=0.00023
[fit] 0045m/X/exact p2 step=27750/40000 loss=0.232234 lr=0.00022
[fit] 0045m/X/exact p2 step=28000/40000 loss=0.236232 lr=0.00021
[fit] 0045m/X/exact p2 step=28250/40000 loss=0.236828 lr=0.00021
[fit] 0045m/X/exact p2 step=28500/40000 loss=0.231825 lr=0.0002
[fit] 0045m/X/exact p2 step=28750/40000 loss=0.234508 lr=0.00019
[fit] 0045m/X/exact p2 step=29000/40000 loss=0.227097 lr=0.00018
[fit] 0045m/X/exact p2 step=29250/40000 loss=0.233852 lr=0.00018
[fit] 0045m/X/exact p2 step=29500/40000 loss=0.239434 lr=0.00017
[fit] 0045m/X/exact p2 step=29750/40000 loss=0.238689 lr=0.00016
[fit] 0045m/X/exact p2 step=30000/40000 loss=0.23676 lr=0.00015
[fit] 0045m/X/exact p2 step=30250/40000 loss=0.231636 lr=0.00015
[fit] 0045m/X/exact p2 step=30500/40000 loss=0.235276 lr=0.00014
[fit] 0045m/X/exact p2 step=30750/40000 loss=0.237478 lr=0.00013
[fit] 0045m/X/exact p2 step=31000/40000 loss=0.239158 lr=0.00013
[fit] 0045m/X/exact p2 step=31250/40000 loss=0.238285 lr=0.00012
[fit] 0045m/X/exact p2 step=31500/40000 loss=0.236731 lr=0.00012
[fit] 0045m/X/exact p2 step=31750/40000 loss=0.239032 lr=0.00011
[fit] 0045m/X/exact p2 step=32000/40000 loss=0.236358 lr=0.0001
[fit] 0045m/X/exact p2 step=32250/40000 loss=0.236972 lr=9.9e-05
[fit] 0045m/X/exact p2 step=32500/40000 loss=0.241931 lr=9.3e-05
[fit] 0045m/X/exact p2 step=32750/40000 loss=0.24051 lr=8.8e-05
[fit] 0045m/X/exact p2 step=33000/40000 loss=0.234078 lr=8.3e-05
[fit] 0045m/X/exact p2 step=33250/40000 loss=0.237046 lr=7.8e-05
[fit] 0045m/X/exact p2 step=33500/40000 loss=0.239621 lr=7.3e-05
[fit] 0045m/X/exact p2 step=33750/40000 loss=0.237876 lr=6.8e-05
[fit] 0045m/X/exact p2 step=34000/40000 loss=0.239434 lr=6.4e-05
[fit] 0045m/X/exact p2 step=34250/40000 loss=0.237345 lr=6e-05
[fit] 0045m/X/exact p2 step=34500/40000 loss=0.245004 lr=5.5e-05
[fit] 0045m/X/exact p2 step=34750/40000 loss=0.237436 lr=5.1e-05
[fit] 0045m/X/exact p2 step=35000/40000 loss=0.237661 lr=4.8e-05
[fit] 0045m/X/exact p2 step=35250/40000 loss=0.237816 lr=4.4e-05
[fit] 0045m/X/exact p2 step=35500/40000 loss=0.233628 lr=4.1e-05
[fit] 0045m/X/exact p2 step=35750/40000 loss=0.239376 lr=3.7e-05
[fit] 0045m/X/exact p2 step=36000/40000 loss=0.241374 lr=3.4e-05
[fit] 0045m/X/exact p2 step=36250/40000 loss=0.237685 lr=3.1e-05
[fit] 0045m/X/exact p2 step=36500/40000 loss=0.235389 lr=2.9e-05
[fit] 0045m/X/exact p2 step=36750/40000 loss=0.239946 lr=2.6e-05
[fit] 0045m/X/exact p2 step=37000/40000 loss=0.237188 lr=2.4e-05
[fit] 0045m/X/exact p2 step=37250/40000 loss=0.234959 lr=2.2e-05
[fit] 0045m/X/exact p2 step=37500/40000 loss=0.236894 lr=2e-05
[fit] 0045m/X/exact p2 step=37750/40000 loss=0.232435 lr=1.8e-05
[fit] 0045m/X/exact p2 step=38000/40000 loss=0.239514 lr=1.6e-05
[fit] 0045m/X/exact p2 step=38250/40000 loss=0.239304 lr=1.5e-05
[fit] 0045m/X/exact p2 step=38500/40000 loss=0.241599 lr=1.3e-05
[fit] 0045m/X/exact p2 step=38750/40000 loss=0.23809 lr=1.2e-05
[fit] 0045m/X/exact p2 step=39000/40000 loss=0.240064 lr=1.2e-05
[fit] 0045m/X/exact p2 step=39250/40000 loss=0.232156 lr=1.1e-05
[fit] 0045m/X/exact p2 step=39500/40000 loss=0.23571 lr=1e-05
[fit] 0045m/X/exact p2 step=39750/40000 loss=0.238494 lr=1e-05
[fit] 0045m/X/exact p2 step=40000/40000 loss=0.239083 lr=1e-05
[eval] 0045m/X/exact/40000 exploitability=0.00446923 eval_s=19.6
[source done] 0045m iteration=1424
[arm] 0120m/W500/warm seed=17031 batch=16384 loss=cross_entropy fitted=0 cuda_free_gib=2.21
[fit] 0120m/W500/warm p1 step=125/500 loss=0.198452 lr=0.00086
[fit] 0120m/W500/warm p2 step=125/500 loss=0.205966 lr=0.00086
[eval] 0120m/W500/warm/125 exploitability=0.00449467 eval_s=19.7
[fit] 0120m/W500/warm p1 step=250/500 loss=0.199402 lr=0.00051
[fit] 0120m/W500/warm p2 step=250/500 loss=0.210556 lr=0.00051
[eval] 0120m/W500/warm/250 exploitability=0.00366486 eval_s=19.5
[fit] 0120m/W500/warm p1 step=375/500 loss=0.198453 lr=0.00016
[fit] 0120m/W500/warm p2 step=375/500 loss=0.213365 lr=0.00016
[eval] 0120m/W500/warm/375 exploitability=0.00363889 eval_s=19.6
[fit] 0120m/W500/warm p1 step=500/500 loss=0.196602 lr=1e-05
[fit] 0120m/W500/warm p2 step=500/500 loss=0.207653 lr=1e-05
[eval] 0120m/W500/warm/500 exploitability=0.00344686 eval_s=19.6
[arm] 0120m/W1k/warm seed=17031 batch=16384 loss=cross_entropy fitted=0 cuda_free_gib=2.21
[fit] 0120m/W1k/warm p1 step=250/1000 loss=0.202214 lr=0.00086
[fit] 0120m/W1k/warm p2 step=250/1000 loss=0.210581 lr=0.00086
[eval] 0120m/W1k/warm/250 exploitability=0.00409323 eval_s=19.6
[fit] 0120m/W1k/warm p1 step=500/1000 loss=0.19529 lr=0.00051
[fit] 0120m/W1k/warm p2 step=500/1000 loss=0.207622 lr=0.00051
[eval] 0120m/W1k/warm/500 exploitability=0.00516344 eval_s=19.6
[fit] 0120m/W1k/warm p1 step=750/1000 loss=0.201164 lr=0.00016
[fit] 0120m/W1k/warm p2 step=750/1000 loss=0.211578 lr=0.00016
[eval] 0120m/W1k/warm/750 exploitability=0.00355674 eval_s=19.4
[fit] 0120m/W1k/warm p1 step=1000/1000 loss=0.200959 lr=1e-05
[fit] 0120m/W1k/warm p2 step=1000/1000 loss=0.20733 lr=1e-05
[eval] 0120m/W1k/warm/1000 exploitability=0.00352593 eval_s=19.3
[arm] 0120m/W2k/warm seed=17031 batch=16384 loss=cross_entropy fitted=0 cuda_free_gib=2.21
[fit] 0120m/W2k/warm p1 step=250/2000 loss=0.202219 lr=0.00096
[fit] 0120m/W2k/warm p1 step=500/2000 loss=0.203597 lr=0.00086
[fit] 0120m/W2k/warm p2 step=250/2000 loss=0.21343 lr=0.00096
[fit] 0120m/W2k/warm p2 step=500/2000 loss=0.20762 lr=0.00086
[eval] 0120m/W2k/warm/500 exploitability=0.00505168 eval_s=20.1
[fit] 0120m/W2k/warm p1 step=750/2000 loss=0.201188 lr=0.00069
[fit] 0120m/W2k/warm p1 step=1000/2000 loss=0.207825 lr=0.00051
[fit] 0120m/W2k/warm p2 step=750/2000 loss=0.199538 lr=0.00069
[fit] 0120m/W2k/warm p2 step=1000/2000 loss=0.207329 lr=0.00051
[eval] 0120m/W2k/warm/1000 exploitability=0.00477085 eval_s=20.1
[fit] 0120m/W2k/warm p1 step=1250/2000 loss=0.205074 lr=0.00032
[fit] 0120m/W2k/warm p1 step=1500/2000 loss=0.200676 lr=0.00016
[fit] 0120m/W2k/warm p2 step=1250/2000 loss=0.200767 lr=0.00032
[fit] 0120m/W2k/warm p2 step=1500/2000 loss=0.205251 lr=0.00016
[eval] 0120m/W2k/warm/1500 exploitability=0.00456702 eval_s=20.1
[fit] 0120m/W2k/warm p1 step=1750/2000 loss=0.202064 lr=4.8e-05
[fit] 0120m/W2k/warm p1 step=2000/2000 loss=0.194117 lr=1e-05
[fit] 0120m/W2k/warm p2 step=1750/2000 loss=0.20567 lr=4.8e-05
[fit] 0120m/W2k/warm p2 step=2000/2000 loss=0.212401 lr=1e-05
[eval] 0120m/W2k/warm/2000 exploitability=0.00309713 eval_s=19.5
[arm] 0120m/L1k/warm seed=17031 batch=16384 loss=cross_entropy fitted=0 cuda_free_gib=2.21
[fit] 0120m/L1k/warm p1 step=250/1000 loss=0.202202 lr=0.00026
[fit] 0120m/L1k/warm p2 step=250/1000 loss=0.210669 lr=0.00026
[eval] 0120m/L1k/warm/250 exploitability=0.00384158 eval_s=19.2
[fit] 0120m/L1k/warm p1 step=500/1000 loss=0.195351 lr=0.00015
[fit] 0120m/L1k/warm p2 step=500/1000 loss=0.207744 lr=0.00015
[eval] 0120m/L1k/warm/500 exploitability=0.00402271 eval_s=18.9
[fit] 0120m/L1k/warm p1 step=750/1000 loss=0.201191 lr=4.5e-05
[fit] 0120m/L1k/warm p2 step=750/1000 loss=0.211702 lr=4.5e-05
[eval] 0120m/L1k/warm/750 exploitability=0.00348052 eval_s=19.4
[fit] 0120m/L1k/warm p1 step=1000/1000 loss=0.201009 lr=1e-06
[fit] 0120m/L1k/warm p2 step=1000/1000 loss=0.2075 lr=1e-06
[eval] 0120m/L1k/warm/1000 exploitability=0.00344068 eval_s=19.6
[arm] 0120m/L5k/warm seed=17031 batch=16384 loss=cross_entropy fitted=0 cuda_free_gib=2.21
[fit] 0120m/L5k/warm p1 step=250/5000 loss=0.202203 lr=0.0003
[fit] 0120m/L5k/warm p1 step=500/5000 loss=0.203617 lr=0.00029
[fit] 0120m/L5k/warm p1 step=750/5000 loss=0.195318 lr=0.00028
[fit] 0120m/L5k/warm p1 step=1000/5000 loss=0.196923 lr=0.00027
[fit] 0120m/L5k/warm p1 step=1250/5000 loss=0.201171 lr=0.00026
[fit] 0120m/L5k/warm p2 step=250/5000 loss=0.2118 lr=0.0003
[fit] 0120m/L5k/warm p2 step=500/5000 loss=0.199623 lr=0.00029
[fit] 0120m/L5k/warm p2 step=750/5000 loss=0.207497 lr=0.00028
[fit] 0120m/L5k/warm p2 step=1000/5000 loss=0.200514 lr=0.00027
[fit] 0120m/L5k/warm p2 step=1250/5000 loss=0.211078 lr=0.00026
[eval] 0120m/L5k/warm/1250 exploitability=0.00468952 eval_s=19.2
[fit] 0120m/L5k/warm p1 step=1500/5000 loss=0.197451 lr=0.00024
[fit] 0120m/L5k/warm p1 step=1750/5000 loss=0.195929 lr=0.00022
[fit] 0120m/L5k/warm p1 step=2000/5000 loss=0.202102 lr=0.0002
[fit] 0120m/L5k/warm p1 step=2250/5000 loss=0.194149 lr=0.00017
[fit] 0120m/L5k/warm p1 step=2500/5000 loss=0.197415 lr=0.00015
[fit] 0120m/L5k/warm p2 step=1500/5000 loss=0.212561 lr=0.00024
[fit] 0120m/L5k/warm p2 step=1750/5000 loss=0.205796 lr=0.00022
[fit] 0120m/L5k/warm p2 step=2000/5000 loss=0.211041 lr=0.0002
[fit] 0120m/L5k/warm p2 step=2250/5000 loss=0.211832 lr=0.00017
[fit] 0120m/L5k/warm p2 step=2500/5000 loss=0.212716 lr=0.00015
[eval] 0120m/L5k/warm/2500 exploitability=0.00404736 eval_s=18.9
[fit] 0120m/L5k/warm p1 step=2750/5000 loss=0.203418 lr=0.00013
[fit] 0120m/L5k/warm p1 step=3000/5000 loss=0.202239 lr=0.0001
[fit] 0120m/L5k/warm p1 step=3250/5000 loss=0.196263 lr=8.3e-05
[fit] 0120m/L5k/warm p1 step=3500/5000 loss=0.203732 lr=6.3e-05
[fit] 0120m/L5k/warm p1 step=3750/5000 loss=0.200528 lr=4.5e-05
[fit] 0120m/L5k/warm p2 step=2750/5000 loss=0.207154 lr=0.00013
[fit] 0120m/L5k/warm p2 step=3000/5000 loss=0.209984 lr=0.0001
[fit] 0120m/L5k/warm p2 step=3250/5000 loss=0.206563 lr=8.3e-05
[fit] 0120m/L5k/warm p2 step=3500/5000 loss=0.208116 lr=6.3e-05
[fit] 0120m/L5k/warm p2 step=3750/5000 loss=0.210027 lr=4.5e-05
[eval] 0120m/L5k/warm/3750 exploitability=0.00353837 eval_s=19.0
[fit] 0120m/L5k/warm p1 step=4000/5000 loss=0.199363 lr=3e-05
[fit] 0120m/L5k/warm p1 step=4250/5000 loss=0.19857 lr=1.7e-05
[fit] 0120m/L5k/warm p1 step=4500/5000 loss=0.197391 lr=8.3e-06
[fit] 0120m/L5k/warm p1 step=4750/5000 loss=0.198533 lr=2.8e-06
[fit] 0120m/L5k/warm p1 step=5000/5000 loss=0.199312 lr=1e-06
[fit] 0120m/L5k/warm p2 step=4000/5000 loss=0.209503 lr=3e-05
[fit] 0120m/L5k/warm p2 step=4250/5000 loss=0.207983 lr=1.7e-05
[fit] 0120m/L5k/warm p2 step=4500/5000 loss=0.210203 lr=8.3e-06
[fit] 0120m/L5k/warm p2 step=4750/5000 loss=0.208606 lr=2.8e-06
[fit] 0120m/L5k/warm p2 step=5000/5000 loss=0.214686 lr=1e-06
[eval] 0120m/L5k/warm/5000 exploitability=0.00331350 eval_s=18.9
[arm] 0120m/R5k/warm_reset seed=17031 batch=16384 loss=cross_entropy fitted=0 cuda_free_gib=2.21
[fit] 0120m/R5k/warm_reset p1 step=250/5000 loss=0.202183 lr=0.00099
[fit] 0120m/R5k/warm_reset p1 step=500/5000 loss=0.203662 lr=0.00098
[fit] 0120m/R5k/warm_reset p1 step=750/5000 loss=0.195236 lr=0.00095
[fit] 0120m/R5k/warm_reset p1 step=1000/5000 loss=0.196977 lr=0.00091
[fit] 0120m/R5k/warm_reset p1 step=1250/5000 loss=0.201246 lr=0.00086
[fit] 0120m/R5k/warm_reset p2 step=250/5000 loss=0.211683 lr=0.00099
[fit] 0120m/R5k/warm_reset p2 step=500/5000 loss=0.199611 lr=0.00098
[fit] 0120m/R5k/warm_reset p2 step=750/5000 loss=0.207389 lr=0.00095
[fit] 0120m/R5k/warm_reset p2 step=1000/5000 loss=0.200431 lr=0.00091
[fit] 0120m/R5k/warm_reset p2 step=1250/5000 loss=0.210885 lr=0.00086
[eval] 0120m/R5k/warm_reset/1250 exploitability=0.00858441 eval_s=19.1
[fit] 0120m/R5k/warm_reset p1 step=1500/5000 loss=0.197465 lr=0.0008
[fit] 0120m/R5k/warm_reset p1 step=1750/5000 loss=0.195952 lr=0.00073
[fit] 0120m/R5k/warm_reset p1 step=2000/5000 loss=0.202106 lr=0.00066
[fit] 0120m/R5k/warm_reset p1 step=2250/5000 loss=0.194051 lr=0.00058
[fit] 0120m/R5k/warm_reset p1 step=2500/5000 loss=0.197333 lr=0.00051
[fit] 0120m/R5k/warm_reset p2 step=1500/5000 loss=0.212422 lr=0.0008
[fit] 0120m/R5k/warm_reset p2 step=1750/5000 loss=0.205594 lr=0.00073
[fit] 0120m/R5k/warm_reset p2 step=2000/5000 loss=0.210801 lr=0.00066
[fit] 0120m/R5k/warm_reset p2 step=2250/5000 loss=0.211462 lr=0.00058
[fit] 0120m/R5k/warm_reset p2 step=2500/5000 loss=0.212363 lr=0.00051
[eval] 0120m/R5k/warm_reset/2500 exploitability=0.00773924 eval_s=19.3
[fit] 0120m/R5k/warm_reset p1 step=2750/5000 loss=0.203391 lr=0.00043
[fit] 0120m/R5k/warm_reset p1 step=3000/5000 loss=0.202198 lr=0.00035
[fit] 0120m/R5k/warm_reset p1 step=3250/5000 loss=0.196202 lr=0.00028
[fit] 0120m/R5k/warm_reset p1 step=3500/5000 loss=0.203583 lr=0.00021
[fit] 0120m/R5k/warm_reset p1 step=3750/5000 loss=0.200439 lr=0.00016
[fit] 0120m/R5k/warm_reset p2 step=2750/5000 loss=0.206775 lr=0.00043
[fit] 0120m/R5k/warm_reset p2 step=3000/5000 loss=0.209688 lr=0.00035
[fit] 0120m/R5k/warm_reset p2 step=3250/5000 loss=0.206152 lr=0.00028
[fit] 0120m/R5k/warm_reset p2 step=3500/5000 loss=0.207727 lr=0.00021
[fit] 0120m/R5k/warm_reset p2 step=3750/5000 loss=0.209584 lr=0.00016
[eval] 0120m/R5k/warm_reset/3750 exploitability=0.00428897 eval_s=19.7
[fit] 0120m/R5k/warm_reset p1 step=4000/5000 loss=0.199261 lr=0.0001
[fit] 0120m/R5k/warm_reset p1 step=4250/5000 loss=0.198516 lr=6.4e-05
[fit] 0120m/R5k/warm_reset p1 step=4500/5000 loss=0.197317 lr=3.4e-05
[fit] 0120m/R5k/warm_reset p1 step=4750/5000 loss=0.198454 lr=1.6e-05
[fit] 0120m/R5k/warm_reset p1 step=5000/5000 loss=0.199218 lr=1e-05
[fit] 0120m/R5k/warm_reset p2 step=4000/5000 loss=0.208909 lr=0.0001
[fit] 0120m/R5k/warm_reset p2 step=4250/5000 loss=0.207505 lr=6.4e-05
[fit] 0120m/R5k/warm_reset p2 step=4500/5000 loss=0.209772 lr=3.4e-05
[fit] 0120m/R5k/warm_reset p2 step=4750/5000 loss=0.208064 lr=1.6e-05
[fit] 0120m/R5k/warm_reset p2 step=5000/5000 loss=0.214146 lr=1e-05
[eval] 0120m/R5k/warm_reset/5000 exploitability=0.00336420 eval_s=19.5
[arm] 0120m/R1k_constant/warm_reset seed=17031 batch=16384 loss=cross_entropy fitted=0 cuda_free_gib=2.21
[fit] 0120m/R1k_constant/warm_reset p1 step=250/1000 loss=0.20218 lr=0.001
[fit] 0120m/R1k_constant/warm_reset p2 step=250/1000 loss=0.210659 lr=0.001
[eval] 0120m/R1k_constant/warm_reset/250 exploitability=0.00743440 eval_s=19.3
[fit] 0120m/R1k_constant/warm_reset p1 step=500/1000 loss=0.195277 lr=0.001
[fit] 0120m/R1k_constant/warm_reset p1 step=750/1000 loss=0.197011 lr=0.001
[fit] 0120m/R1k_constant/warm_reset p1 step=1000/1000 loss=0.20126 lr=0.001
[fit] 0120m/R1k_constant/warm_reset p2 step=500/1000 loss=0.211625 lr=0.001
[fit] 0120m/R1k_constant/warm_reset p2 step=750/1000 loss=0.19953 lr=0.001
[fit] 0120m/R1k_constant/warm_reset p2 step=1000/1000 loss=0.207306 lr=0.001
[eval] 0120m/R1k_constant/warm_reset/1000 exploitability=0.01203916 eval_s=19.4
[arm] 0120m/F40k/fresh seed=17031 batch=16384 loss=cross_entropy fitted=0 cuda_free_gib=2.21
[fit] 0120m/F40k/fresh p1 step=250/40000 loss=0.269402 lr=0.001
[fit] 0120m/F40k/fresh p1 step=500/40000 loss=0.224626 lr=0.001
[fit] 0120m/F40k/fresh p1 step=750/40000 loss=0.205347 lr=0.001
[fit] 0120m/F40k/fresh p1 step=1000/40000 loss=0.20451 lr=0.001
[fit] 0120m/F40k/fresh p1 step=1250/40000 loss=0.205329 lr=0.001
[fit] 0120m/F40k/fresh p1 step=1500/40000 loss=0.211615 lr=0.001
[fit] 0120m/F40k/fresh p1 step=1750/40000 loss=0.204264 lr=0.001
[fit] 0120m/F40k/fresh p1 step=2000/40000 loss=0.199777 lr=0.00099
[fit] 0120m/F40k/fresh p1 step=2250/40000 loss=0.207392 lr=0.00099
[fit] 0120m/F40k/fresh p1 step=2500/40000 loss=0.202877 lr=0.00099
[fit] 0120m/F40k/fresh p1 step=2750/40000 loss=0.1988 lr=0.00099
[fit] 0120m/F40k/fresh p1 step=3000/40000 loss=0.197987 lr=0.00099
[fit] 0120m/F40k/fresh p1 step=3250/40000 loss=0.204119 lr=0.00098
[fit] 0120m/F40k/fresh p1 step=3500/40000 loss=0.19567 lr=0.00098
[fit] 0120m/F40k/fresh p1 step=3750/40000 loss=0.198852 lr=0.00098
[fit] 0120m/F40k/fresh p1 step=4000/40000 loss=0.194173 lr=0.00098
[fit] 0120m/F40k/fresh p1 step=4250/40000 loss=0.197798 lr=0.00097
[fit] 0120m/F40k/fresh p1 step=4500/40000 loss=0.205382 lr=0.00097
[fit] 0120m/F40k/fresh p1 step=4750/40000 loss=0.203077 lr=0.00097
[fit] 0120m/F40k/fresh p1 step=5000/40000 loss=0.196215 lr=0.00096
[fit] 0120m/F40k/fresh p1 step=5250/40000 loss=0.204184 lr=0.00096
[fit] 0120m/F40k/fresh p1 step=5500/40000 loss=0.203181 lr=0.00095
[fit] 0120m/F40k/fresh p1 step=5750/40000 loss=0.197047 lr=0.00095
[fit] 0120m/F40k/fresh p1 step=6000/40000 loss=0.204577 lr=0.00095
[fit] 0120m/F40k/fresh p1 step=6250/40000 loss=0.201146 lr=0.00094
[fit] 0120m/F40k/fresh p1 step=6500/40000 loss=0.19822 lr=0.00094
[fit] 0120m/F40k/fresh p1 step=6750/40000 loss=0.204628 lr=0.00093
[fit] 0120m/F40k/fresh p1 step=7000/40000 loss=0.201692 lr=0.00093
[fit] 0120m/F40k/fresh p1 step=7250/40000 loss=0.202943 lr=0.00092
[fit] 0120m/F40k/fresh p1 step=7500/40000 loss=0.194284 lr=0.00092
[fit] 0120m/F40k/fresh p1 step=7750/40000 loss=0.200243 lr=0.00091
[fit] 0120m/F40k/fresh p1 step=8000/40000 loss=0.19907 lr=0.00091
[fit] 0120m/F40k/fresh p1 step=8250/40000 loss=0.198001 lr=0.0009
[fit] 0120m/F40k/fresh p1 step=8500/40000 loss=0.199026 lr=0.00089
[fit] 0120m/F40k/fresh p1 step=8750/40000 loss=0.20001 lr=0.00089
[fit] 0120m/F40k/fresh p1 step=9000/40000 loss=0.196654 lr=0.00088
[fit] 0120m/F40k/fresh p1 step=9250/40000 loss=0.195734 lr=0.00088
[fit] 0120m/F40k/fresh p1 step=9500/40000 loss=0.202179 lr=0.00087
[fit] 0120m/F40k/fresh p1 step=9750/40000 loss=0.198868 lr=0.00086
[fit] 0120m/F40k/fresh p1 step=10000/40000 loss=0.199271 lr=0.00086
[fit] 0120m/F40k/fresh p2 step=250/40000 loss=0.308703 lr=0.001
[fit] 0120m/F40k/fresh p2 step=500/40000 loss=0.271835 lr=0.001
[fit] 0120m/F40k/fresh p2 step=750/40000 loss=0.249107 lr=0.001
[fit] 0120m/F40k/fresh p2 step=1000/40000 loss=0.242552 lr=0.001
[fit] 0120m/F40k/fresh p2 step=1250/40000 loss=0.232241 lr=0.001
[fit] 0120m/F40k/fresh p2 step=1500/40000 loss=0.221746 lr=0.001
[fit] 0120m/F40k/fresh p2 step=1750/40000 loss=0.224854 lr=0.001
[fit] 0120m/F40k/fresh p2 step=2000/40000 loss=0.222889 lr=0.00099
[fit] 0120m/F40k/fresh p2 step=2250/40000 loss=0.222595 lr=0.00099
[fit] 0120m/F40k/fresh p2 step=2500/40000 loss=0.220766 lr=0.00099
[fit] 0120m/F40k/fresh p2 step=2750/40000 loss=0.218488 lr=0.00099
[fit] 0120m/F40k/fresh p2 step=3000/40000 loss=0.21585 lr=0.00099
[fit] 0120m/F40k/fresh p2 step=3250/40000 loss=0.218839 lr=0.00098
[fit] 0120m/F40k/fresh p2 step=3500/40000 loss=0.22444 lr=0.00098
[fit] 0120m/F40k/fresh p2 step=3750/40000 loss=0.218346 lr=0.00098
[fit] 0120m/F40k/fresh p2 step=4000/40000 loss=0.216275 lr=0.00098
[fit] 0120m/F40k/fresh p2 step=4250/40000 loss=0.212479 lr=0.00097
[fit] 0120m/F40k/fresh p2 step=4500/40000 loss=0.219815 lr=0.00097
[fit] 0120m/F40k/fresh p2 step=4750/40000 loss=0.221294 lr=0.00097
[fit] 0120m/F40k/fresh p2 step=5000/40000 loss=0.216861 lr=0.00096
[fit] 0120m/F40k/fresh p2 step=5250/40000 loss=0.217228 lr=0.00096
[fit] 0120m/F40k/fresh p2 step=5500/40000 loss=0.214078 lr=0.00095
[fit] 0120m/F40k/fresh p2 step=5750/40000 loss=0.216311 lr=0.00095
[fit] 0120m/F40k/fresh p2 step=6000/40000 loss=0.209601 lr=0.00095
[fit] 0120m/F40k/fresh p2 step=6250/40000 loss=0.208049 lr=0.00094
[fit] 0120m/F40k/fresh p2 step=6500/40000 loss=0.216609 lr=0.00094
[fit] 0120m/F40k/fresh p2 step=6750/40000 loss=0.214915 lr=0.00093
[fit] 0120m/F40k/fresh p2 step=7000/40000 loss=0.208957 lr=0.00093
[fit] 0120m/F40k/fresh p2 step=7250/40000 loss=0.21406 lr=0.00092
[fit] 0120m/F40k/fresh p2 step=7500/40000 loss=0.213034 lr=0.00092
[fit] 0120m/F40k/fresh p2 step=7750/40000 loss=0.215901 lr=0.00091
[fit] 0120m/F40k/fresh p2 step=8000/40000 loss=0.216686 lr=0.00091
[fit] 0120m/F40k/fresh p2 step=8250/40000 loss=0.212694 lr=0.0009
[fit] 0120m/F40k/fresh p2 step=8500/40000 loss=0.210381 lr=0.00089
[fit] 0120m/F40k/fresh p2 step=8750/40000 loss=0.208731 lr=0.00089
[fit] 0120m/F40k/fresh p2 step=9000/40000 loss=0.207626 lr=0.00088
[fit] 0120m/F40k/fresh p2 step=9250/40000 loss=0.206865 lr=0.00088
[fit] 0120m/F40k/fresh p2 step=9500/40000 loss=0.210943 lr=0.00087
[fit] 0120m/F40k/fresh p2 step=9750/40000 loss=0.215943 lr=0.00086
[fit] 0120m/F40k/fresh p2 step=10000/40000 loss=0.20948 lr=0.00086
[eval] 0120m/F40k/fresh/10000 exploitability=0.00825258 eval_s=19.5
[fit] 0120m/F40k/fresh p1 step=10250/40000 loss=0.199904 lr=0.00085
[fit] 0120m/F40k/fresh p1 step=10500/40000 loss=0.194699 lr=0.00084
[fit] 0120m/F40k/fresh p1 step=10750/40000 loss=0.198978 lr=0.00083
[fit] 0120m/F40k/fresh p1 step=11000/40000 loss=0.199625 lr=0.00083
[fit] 0120m/F40k/fresh p1 step=11250/40000 loss=0.198282 lr=0.00082
[fit] 0120m/F40k/fresh p1 step=11500/40000 loss=0.200373 lr=0.00081
[fit] 0120m/F40k/fresh p1 step=11750/40000 loss=0.196736 lr=0.0008
[fit] 0120m/F40k/fresh p1 step=12000/40000 loss=0.200259 lr=0.0008
[fit] 0120m/F40k/fresh p1 step=12250/40000 loss=0.203042 lr=0.00079
[fit] 0120m/F40k/fresh p1 step=12500/40000 loss=0.194296 lr=0.00078
[fit] 0120m/F40k/fresh p1 step=12750/40000 loss=0.202796 lr=0.00077
[fit] 0120m/F40k/fresh p1 step=13000/40000 loss=0.197836 lr=0.00076
[fit] 0120m/F40k/fresh p1 step=13250/40000 loss=0.19939 lr=0.00076
[fit] 0120m/F40k/fresh p1 step=13500/40000 loss=0.195805 lr=0.00075
[fit] 0120m/F40k/fresh p1 step=13750/40000 loss=0.20277 lr=0.00074
[fit] 0120m/F40k/fresh p1 step=14000/40000 loss=0.196498 lr=0.00073
[fit] 0120m/F40k/fresh p1 step=14250/40000 loss=0.195591 lr=0.00072
[fit] 0120m/F40k/fresh p1 step=14500/40000 loss=0.203916 lr=0.00071
[fit] 0120m/F40k/fresh p1 step=14750/40000 loss=0.194922 lr=0.0007
[fit] 0120m/F40k/fresh p1 step=15000/40000 loss=0.203175 lr=0.00069
[fit] 0120m/F40k/fresh p1 step=15250/40000 loss=0.193338 lr=0.00069
[fit] 0120m/F40k/fresh p1 step=15500/40000 loss=0.199164 lr=0.00068
[fit] 0120m/F40k/fresh p1 step=15750/40000 loss=0.200875 lr=0.00067
[fit] 0120m/F40k/fresh p1 step=16000/40000 loss=0.193518 lr=0.00066
[fit] 0120m/F40k/fresh p1 step=16250/40000 loss=0.196975 lr=0.00065
[fit] 0120m/F40k/fresh p1 step=16500/40000 loss=0.19949 lr=0.00064
[fit] 0120m/F40k/fresh p1 step=16750/40000 loss=0.200645 lr=0.00063
[fit] 0120m/F40k/fresh p1 step=17000/40000 loss=0.202579 lr=0.00062
[fit] 0120m/F40k/fresh p1 step=17250/40000 loss=0.203926 lr=0.00061
[fit] 0120m/F40k/fresh p1 step=17500/40000 loss=0.197953 lr=0.0006
[fit] 0120m/F40k/fresh p1 step=17750/40000 loss=0.196666 lr=0.00059
[fit] 0120m/F40k/fresh p1 step=18000/40000 loss=0.195579 lr=0.00058
[fit] 0120m/F40k/fresh p1 step=18250/40000 loss=0.200591 lr=0.00057
[fit] 0120m/F40k/fresh p1 step=18500/40000 loss=0.202017 lr=0.00056
[fit] 0120m/F40k/fresh p1 step=18750/40000 loss=0.200197 lr=0.00055
[fit] 0120m/F40k/fresh p1 step=19000/40000 loss=0.199624 lr=0.00054
[fit] 0120m/F40k/fresh p1 step=19250/40000 loss=0.198311 lr=0.00053
[fit] 0120m/F40k/fresh p1 step=19500/40000 loss=0.197554 lr=0.00052
[fit] 0120m/F40k/fresh p1 step=19750/40000 loss=0.198101 lr=0.00051
[fit] 0120m/F40k/fresh p1 step=20000/40000 loss=0.197031 lr=0.00051
[fit] 0120m/F40k/fresh p2 step=10250/40000 loss=0.210974 lr=0.00085
[fit] 0120m/F40k/fresh p2 step=10500/40000 loss=0.212193 lr=0.00084
[fit] 0120m/F40k/fresh p2 step=10750/40000 loss=0.212663 lr=0.00083
[fit] 0120m/F40k/fresh p2 step=11000/40000 loss=0.207617 lr=0.00083
[fit] 0120m/F40k/fresh p2 step=11250/40000 loss=0.211076 lr=0.00082
[fit] 0120m/F40k/fresh p2 step=11500/40000 loss=0.212158 lr=0.00081
[fit] 0120m/F40k/fresh p2 step=11750/40000 loss=0.215165 lr=0.0008
[fit] 0120m/F40k/fresh p2 step=12000/40000 loss=0.21006 lr=0.0008
[fit] 0120m/F40k/fresh p2 step=12250/40000 loss=0.214818 lr=0.00079
[fit] 0120m/F40k/fresh p2 step=12500/40000 loss=0.204695 lr=0.00078
[fit] 0120m/F40k/fresh p2 step=12750/40000 loss=0.21066 lr=0.00077
[fit] 0120m/F40k/fresh p2 step=13000/40000 loss=0.212462 lr=0.00076
[fit] 0120m/F40k/fresh p2 step=13250/40000 loss=0.211415 lr=0.00076
[fit] 0120m/F40k/fresh p2 step=13500/40000 loss=0.213839 lr=0.00075
[fit] 0120m/F40k/fresh p2 step=13750/40000 loss=0.212688 lr=0.00074
[fit] 0120m/F40k/fresh p2 step=14000/40000 loss=0.21106 lr=0.00073
[fit] 0120m/F40k/fresh p2 step=14250/40000 loss=0.206015 lr=0.00072
[fit] 0120m/F40k/fresh p2 step=14500/40000 loss=0.213608 lr=0.00071
[fit] 0120m/F40k/fresh p2 step=14750/40000 loss=0.210122 lr=0.0007
[fit] 0120m/F40k/fresh p2 step=15000/40000 loss=0.210208 lr=0.00069
[fit] 0120m/F40k/fresh p2 step=15250/40000 loss=0.211623 lr=0.00069
[fit] 0120m/F40k/fresh p2 step=15500/40000 loss=0.220618 lr=0.00068
[fit] 0120m/F40k/fresh p2 step=15750/40000 loss=0.206466 lr=0.00067
[fit] 0120m/F40k/fresh p2 step=16000/40000 loss=0.208001 lr=0.00066
[fit] 0120m/F40k/fresh p2 step=16250/40000 loss=0.209065 lr=0.00065
[fit] 0120m/F40k/fresh p2 step=16500/40000 loss=0.209433 lr=0.00064
[fit] 0120m/F40k/fresh p2 step=16750/40000 loss=0.21719 lr=0.00063
[fit] 0120m/F40k/fresh p2 step=17000/40000 loss=0.207081 lr=0.00062
[fit] 0120m/F40k/fresh p2 step=17250/40000 loss=0.214486 lr=0.00061
[fit] 0120m/F40k/fresh p2 step=17500/40000 loss=0.215763 lr=0.0006
[fit] 0120m/F40k/fresh p2 step=17750/40000 loss=0.210447 lr=0.00059
[fit] 0120m/F40k/fresh p2 step=18000/40000 loss=0.211043 lr=0.00058
[fit] 0120m/F40k/fresh p2 step=18250/40000 loss=0.207588 lr=0.00057
[fit] 0120m/F40k/fresh p2 step=18500/40000 loss=0.20765 lr=0.00056
[fit] 0120m/F40k/fresh p2 step=18750/40000 loss=0.207042 lr=0.00055
[fit] 0120m/F40k/fresh p2 step=19000/40000 loss=0.212313 lr=0.00054
[fit] 0120m/F40k/fresh p2 step=19250/40000 loss=0.204401 lr=0.00053
[fit] 0120m/F40k/fresh p2 step=19500/40000 loss=0.210584 lr=0.00052
[fit] 0120m/F40k/fresh p2 step=19750/40000 loss=0.206602 lr=0.00051
[fit] 0120m/F40k/fresh p2 step=20000/40000 loss=0.20581 lr=0.00051
[eval] 0120m/F40k/fresh/20000 exploitability=0.00703624 eval_s=19.4
[fit] 0120m/F40k/fresh p1 step=20250/40000 loss=0.1983 lr=0.0005
[fit] 0120m/F40k/fresh p1 step=20500/40000 loss=0.204401 lr=0.00049
[fit] 0120m/F40k/fresh p1 step=20750/40000 loss=0.198644 lr=0.00048
[fit] 0120m/F40k/fresh p1 step=21000/40000 loss=0.19987 lr=0.00047
[fit] 0120m/F40k/fresh p1 step=21250/40000 loss=0.203535 lr=0.00046
[fit] 0120m/F40k/fresh p1 step=21500/40000 loss=0.19457 lr=0.00045
[fit] 0120m/F40k/fresh p1 step=21750/40000 loss=0.191906 lr=0.00044
[fit] 0120m/F40k/fresh p1 step=22000/40000 loss=0.193845 lr=0.00043
[fit] 0120m/F40k/fresh p1 step=22250/40000 loss=0.200132 lr=0.00042
[fit] 0120m/F40k/fresh p1 step=22500/40000 loss=0.197645 lr=0.00041
[fit] 0120m/F40k/fresh p1 step=22750/40000 loss=0.195667 lr=0.0004
[fit] 0120m/F40k/fresh p1 step=23000/40000 loss=0.198943 lr=0.00039
[fit] 0120m/F40k/fresh p1 step=23250/40000 loss=0.200345 lr=0.00038
[fit] 0120m/F40k/fresh p1 step=23500/40000 loss=0.195235 lr=0.00037
[fit] 0120m/F40k/fresh p1 step=23750/40000 loss=0.191047 lr=0.00036
[fit] 0120m/F40k/fresh p1 step=24000/40000 loss=0.196329 lr=0.00035
[fit] 0120m/F40k/fresh p1 step=24250/40000 loss=0.19723 lr=0.00034
[fit] 0120m/F40k/fresh p1 step=24500/40000 loss=0.198001 lr=0.00033
[fit] 0120m/F40k/fresh p1 step=24750/40000 loss=0.198858 lr=0.00032
[fit] 0120m/F40k/fresh p1 step=25000/40000 loss=0.199536 lr=0.00032
[fit] 0120m/F40k/fresh p1 step=25250/40000 loss=0.196582 lr=0.00031
[fit] 0120m/F40k/fresh p1 step=25500/40000 loss=0.201857 lr=0.0003
[fit] 0120m/F40k/fresh p1 step=25750/40000 loss=0.199115 lr=0.00029
[fit] 0120m/F40k/fresh p1 step=26000/40000 loss=0.20122 lr=0.00028
[fit] 0120m/F40k/fresh p1 step=26250/40000 loss=0.198497 lr=0.00027
[fit] 0120m/F40k/fresh p1 step=26500/40000 loss=0.201834 lr=0.00026
[fit] 0120m/F40k/fresh p1 step=26750/40000 loss=0.197453 lr=0.00025
[fit] 0120m/F40k/fresh p1 step=27000/40000 loss=0.202341 lr=0.00025
[fit] 0120m/F40k/fresh p1 step=27250/40000 loss=0.196112 lr=0.00024
[fit] 0120m/F40k/fresh p1 step=27500/40000 loss=0.199275 lr=0.00023
[fit] 0120m/F40k/fresh p1 step=27750/40000 loss=0.197572 lr=0.00022
[fit] 0120m/F40k/fresh p1 step=28000/40000 loss=0.202357 lr=0.00021
[fit] 0120m/F40k/fresh p1 step=28250/40000 loss=0.203239 lr=0.00021
[fit] 0120m/F40k/fresh p1 step=28500/40000 loss=0.194739 lr=0.0002
[fit] 0120m/F40k/fresh p1 step=28750/40000 loss=0.197287 lr=0.00019
[fit] 0120m/F40k/fresh p1 step=29000/40000 loss=0.198317 lr=0.00018
[fit] 0120m/F40k/fresh p1 step=29250/40000 loss=0.194909 lr=0.00018
[fit] 0120m/F40k/fresh p1 step=29500/40000 loss=0.199437 lr=0.00017
[fit] 0120m/F40k/fresh p1 step=29750/40000 loss=0.201577 lr=0.00016
[fit] 0120m/F40k/fresh p1 step=30000/40000 loss=0.194224 lr=0.00015
[fit] 0120m/F40k/fresh p1 step=30250/40000 loss=0.19901 lr=0.00015
[fit] 0120m/F40k/fresh p1 step=30500/40000 loss=0.197508 lr=0.00014
[fit] 0120m/F40k/fresh p1 step=30750/40000 loss=0.199954 lr=0.00013
[fit] 0120m/F40k/fresh p1 step=31000/40000 loss=0.19979 lr=0.00013
[fit] 0120m/F40k/fresh p1 step=31250/40000 loss=0.198331 lr=0.00012
[fit] 0120m/F40k/fresh p1 step=31500/40000 loss=0.197897 lr=0.00012
[fit] 0120m/F40k/fresh p1 step=31750/40000 loss=0.204264 lr=0.00011
[fit] 0120m/F40k/fresh p1 step=32000/40000 loss=0.196712 lr=0.0001
[fit] 0120m/F40k/fresh p1 step=32250/40000 loss=0.19289 lr=9.9e-05
[fit] 0120m/F40k/fresh p1 step=32500/40000 loss=0.199359 lr=9.3e-05
[fit] 0120m/F40k/fresh p1 step=32750/40000 loss=0.199091 lr=8.8e-05
[fit] 0120m/F40k/fresh p1 step=33000/40000 loss=0.197375 lr=8.3e-05
[fit] 0120m/F40k/fresh p1 step=33250/40000 loss=0.193523 lr=7.8e-05
[fit] 0120m/F40k/fresh p1 step=33500/40000 loss=0.19702 lr=7.3e-05
[fit] 0120m/F40k/fresh p1 step=33750/40000 loss=0.196544 lr=6.8e-05
[fit] 0120m/F40k/fresh p1 step=34000/40000 loss=0.202837 lr=6.4e-05
[fit] 0120m/F40k/fresh p1 step=34250/40000 loss=0.200717 lr=6e-05
[fit] 0120m/F40k/fresh p1 step=34500/40000 loss=0.20319 lr=5.5e-05
[fit] 0120m/F40k/fresh p1 step=34750/40000 loss=0.198649 lr=5.1e-05
[fit] 0120m/F40k/fresh p1 step=35000/40000 loss=0.198412 lr=4.8e-05
[fit] 0120m/F40k/fresh p1 step=35250/40000 loss=0.205577 lr=4.4e-05
[fit] 0120m/F40k/fresh p1 step=35500/40000 loss=0.19976 lr=4.1e-05
[fit] 0120m/F40k/fresh p1 step=35750/40000 loss=0.197963 lr=3.7e-05
[fit] 0120m/F40k/fresh p1 step=36000/40000 loss=0.190209 lr=3.4e-05
[fit] 0120m/F40k/fresh p1 step=36250/40000 loss=0.194737 lr=3.1e-05
[fit] 0120m/F40k/fresh p1 step=36500/40000 loss=0.202362 lr=2.9e-05
[fit] 0120m/F40k/fresh p1 step=36750/40000 loss=0.195765 lr=2.6e-05
[fit] 0120m/F40k/fresh p1 step=37000/40000 loss=0.197696 lr=2.4e-05
[fit] 0120m/F40k/fresh p1 step=37250/40000 loss=0.201378 lr=2.2e-05
[fit] 0120m/F40k/fresh p1 step=37500/40000 loss=0.20111 lr=2e-05
[fit] 0120m/F40k/fresh p1 step=37750/40000 loss=0.20143 lr=1.8e-05
[fit] 0120m/F40k/fresh p1 step=38000/40000 loss=0.198167 lr=1.6e-05
[fit] 0120m/F40k/fresh p1 step=38250/40000 loss=0.202327 lr=1.5e-05
[fit] 0120m/F40k/fresh p1 step=38500/40000 loss=0.199638 lr=1.3e-05
[fit] 0120m/F40k/fresh p1 step=38750/40000 loss=0.199241 lr=1.2e-05
[fit] 0120m/F40k/fresh p1 step=39000/40000 loss=0.20256 lr=1.2e-05
[fit] 0120m/F40k/fresh p1 step=39250/40000 loss=0.206081 lr=1.1e-05
[fit] 0120m/F40k/fresh p1 step=39500/40000 loss=0.196617 lr=1e-05
[fit] 0120m/F40k/fresh p1 step=39750/40000 loss=0.20089 lr=1e-05
[fit] 0120m/F40k/fresh p1 step=40000/40000 loss=0.196833 lr=1e-05
[fit] 0120m/F40k/fresh p2 step=20250/40000 loss=0.207832 lr=0.0005
[fit] 0120m/F40k/fresh p2 step=20500/40000 loss=0.212487 lr=0.00049
[fit] 0120m/F40k/fresh p2 step=20750/40000 loss=0.208583 lr=0.00048
[fit] 0120m/F40k/fresh p2 step=21000/40000 loss=0.204905 lr=0.00047
[fit] 0120m/F40k/fresh p2 step=21250/40000 loss=0.199374 lr=0.00046
[fit] 0120m/F40k/fresh p2 step=21500/40000 loss=0.200642 lr=0.00045
[fit] 0120m/F40k/fresh p2 step=21750/40000 loss=0.207606 lr=0.00044
[fit] 0120m/F40k/fresh p2 step=22000/40000 loss=0.209194 lr=0.00043
[fit] 0120m/F40k/fresh p2 step=22250/40000 loss=0.209271 lr=0.00042
[fit] 0120m/F40k/fresh p2 step=22500/40000 loss=0.212934 lr=0.00041
[fit] 0120m/F40k/fresh p2 step=22750/40000 loss=0.209634 lr=0.0004
[fit] 0120m/F40k/fresh p2 step=23000/40000 loss=0.215451 lr=0.00039
[fit] 0120m/F40k/fresh p2 step=23250/40000 loss=0.212159 lr=0.00038
[fit] 0120m/F40k/fresh p2 step=23500/40000 loss=0.206328 lr=0.00037
[fit] 0120m/F40k/fresh p2 step=23750/40000 loss=0.203897 lr=0.00036
[fit] 0120m/F40k/fresh p2 step=24000/40000 loss=0.20328 lr=0.00035
[fit] 0120m/F40k/fresh p2 step=24250/40000 loss=0.210097 lr=0.00034
[fit] 0120m/F40k/fresh p2 step=24500/40000 loss=0.207452 lr=0.00033
[fit] 0120m/F40k/fresh p2 step=24750/40000 loss=0.210842 lr=0.00032
[fit] 0120m/F40k/fresh p2 step=25000/40000 loss=0.207239 lr=0.00032
[fit] 0120m/F40k/fresh p2 step=25250/40000 loss=0.211198 lr=0.00031
[fit] 0120m/F40k/fresh p2 step=25500/40000 loss=0.210339 lr=0.0003
[fit] 0120m/F40k/fresh p2 step=25750/40000 loss=0.208765 lr=0.00029
[fit] 0120m/F40k/fresh p2 step=26000/40000 loss=0.211151 lr=0.00028
[fit] 0120m/F40k/fresh p2 step=26250/40000 loss=0.207856 lr=0.00027
[fit] 0120m/F40k/fresh p2 step=26500/40000 loss=0.20926 lr=0.00026
[fit] 0120m/F40k/fresh p2 step=26750/40000 loss=0.211095 lr=0.00025
[fit] 0120m/F40k/fresh p2 step=27000/40000 loss=0.205626 lr=0.00025
[fit] 0120m/F40k/fresh p2 step=27250/40000 loss=0.206444 lr=0.00024
[fit] 0120m/F40k/fresh p2 step=27500/40000 loss=0.212149 lr=0.00023
[fit] 0120m/F40k/fresh p2 step=27750/40000 loss=0.207911 lr=0.00022
[fit] 0120m/F40k/fresh p2 step=28000/40000 loss=0.207966 lr=0.00021
[fit] 0120m/F40k/fresh p2 step=28250/40000 loss=0.207222 lr=0.00021
[fit] 0120m/F40k/fresh p2 step=28500/40000 loss=0.20417 lr=0.0002
[fit] 0120m/F40k/fresh p2 step=28750/40000 loss=0.208968 lr=0.00019
[fit] 0120m/F40k/fresh p2 step=29000/40000 loss=0.21331 lr=0.00018
[fit] 0120m/F40k/fresh p2 step=29250/40000 loss=0.210486 lr=0.00018
[fit] 0120m/F40k/fresh p2 step=29500/40000 loss=0.206378 lr=0.00017
[fit] 0120m/F40k/fresh p2 step=29750/40000 loss=0.21393 lr=0.00016
[fit] 0120m/F40k/fresh p2 step=30000/40000 loss=0.213096 lr=0.00015
[fit] 0120m/F40k/fresh p2 step=30250/40000 loss=0.211013 lr=0.00015
[fit] 0120m/F40k/fresh p2 step=30500/40000 loss=0.207499 lr=0.00014
[fit] 0120m/F40k/fresh p2 step=30750/40000 loss=0.213208 lr=0.00013
[fit] 0120m/F40k/fresh p2 step=31000/40000 loss=0.204849 lr=0.00013
[fit] 0120m/F40k/fresh p2 step=31250/40000 loss=0.208341 lr=0.00012
[fit] 0120m/F40k/fresh p2 step=31500/40000 loss=0.209135 lr=0.00012
[fit] 0120m/F40k/fresh p2 step=31750/40000 loss=0.209072 lr=0.00011
[fit] 0120m/F40k/fresh p2 step=32000/40000 loss=0.209492 lr=0.0001
[fit] 0120m/F40k/fresh p2 step=32250/40000 loss=0.203522 lr=9.9e-05
[fit] 0120m/F40k/fresh p2 step=32500/40000 loss=0.208228 lr=9.3e-05
[fit] 0120m/F40k/fresh p2 step=32750/40000 loss=0.203893 lr=8.8e-05
[fit] 0120m/F40k/fresh p2 step=33000/40000 loss=0.206377 lr=8.3e-05
[fit] 0120m/F40k/fresh p2 step=33250/40000 loss=0.214819 lr=7.8e-05
[fit] 0120m/F40k/fresh p2 step=33500/40000 loss=0.210267 lr=7.3e-05
[fit] 0120m/F40k/fresh p2 step=33750/40000 loss=0.205543 lr=6.8e-05
[fit] 0120m/F40k/fresh p2 step=34000/40000 loss=0.208701 lr=6.4e-05
[fit] 0120m/F40k/fresh p2 step=34250/40000 loss=0.207386 lr=6e-05
[fit] 0120m/F40k/fresh p2 step=34500/40000 loss=0.20719 lr=5.5e-05
[fit] 0120m/F40k/fresh p2 step=34750/40000 loss=0.209207 lr=5.1e-05
[fit] 0120m/F40k/fresh p2 step=35000/40000 loss=0.216041 lr=4.8e-05
[fit] 0120m/F40k/fresh p2 step=35250/40000 loss=0.203977 lr=4.4e-05
[fit] 0120m/F40k/fresh p2 step=35500/40000 loss=0.210354 lr=4.1e-05
[fit] 0120m/F40k/fresh p2 step=35750/40000 loss=0.209292 lr=3.7e-05
[fit] 0120m/F40k/fresh p2 step=36000/40000 loss=0.207973 lr=3.4e-05
[fit] 0120m/F40k/fresh p2 step=36250/40000 loss=0.211085 lr=3.1e-05
[fit] 0120m/F40k/fresh p2 step=36500/40000 loss=0.208628 lr=2.9e-05
[fit] 0120m/F40k/fresh p2 step=36750/40000 loss=0.207771 lr=2.6e-05
[fit] 0120m/F40k/fresh p2 step=37000/40000 loss=0.204237 lr=2.4e-05
[fit] 0120m/F40k/fresh p2 step=37250/40000 loss=0.209563 lr=2.2e-05
[fit] 0120m/F40k/fresh p2 step=37500/40000 loss=0.211502 lr=2e-05
[fit] 0120m/F40k/fresh p2 step=37750/40000 loss=0.206832 lr=1.8e-05
[fit] 0120m/F40k/fresh p2 step=38000/40000 loss=0.207091 lr=1.6e-05
[fit] 0120m/F40k/fresh p2 step=38250/40000 loss=0.204416 lr=1.5e-05
[fit] 0120m/F40k/fresh p2 step=38500/40000 loss=0.207844 lr=1.3e-05
[fit] 0120m/F40k/fresh p2 step=38750/40000 loss=0.208075 lr=1.2e-05
[fit] 0120m/F40k/fresh p2 step=39000/40000 loss=0.209474 lr=1.2e-05
[fit] 0120m/F40k/fresh p2 step=39250/40000 loss=0.207046 lr=1.1e-05
[fit] 0120m/F40k/fresh p2 step=39500/40000 loss=0.208492 lr=1e-05
[fit] 0120m/F40k/fresh p2 step=39750/40000 loss=0.203997 lr=1e-05
[fit] 0120m/F40k/fresh p2 step=40000/40000 loss=0.210192 lr=1e-05
[eval] 0120m/F40k/fresh/40000 exploitability=0.00333915 eval_s=19.7
[arm] 0120m/F80k/fresh seed=17031 batch=16384 loss=cross_entropy fitted=0 cuda_free_gib=2.21
[fit] 0120m/F80k/fresh p1 step=250/80000 loss=0.269461 lr=0.001
[fit] 0120m/F80k/fresh p1 step=500/80000 loss=0.224603 lr=0.001
[fit] 0120m/F80k/fresh p1 step=750/80000 loss=0.205298 lr=0.001
[fit] 0120m/F80k/fresh p1 step=1000/80000 loss=0.204531 lr=0.001
[fit] 0120m/F80k/fresh p1 step=1250/80000 loss=0.205314 lr=0.001
[fit] 0120m/F80k/fresh p1 step=1500/80000 loss=0.211576 lr=0.001
[fit] 0120m/F80k/fresh p1 step=1750/80000 loss=0.204156 lr=0.001
[fit] 0120m/F80k/fresh p1 step=2000/80000 loss=0.199909 lr=0.001
[fit] 0120m/F80k/fresh p1 step=2250/80000 loss=0.207263 lr=0.001
[fit] 0120m/F80k/fresh p1 step=2500/80000 loss=0.202904 lr=0.001
[fit] 0120m/F80k/fresh p1 step=2750/80000 loss=0.198782 lr=0.001
[fit] 0120m/F80k/fresh p1 step=3000/80000 loss=0.197911 lr=0.001
[fit] 0120m/F80k/fresh p1 step=3250/80000 loss=0.204059 lr=0.001
[fit] 0120m/F80k/fresh p1 step=3500/80000 loss=0.195592 lr=0.001
[fit] 0120m/F80k/fresh p1 step=3750/80000 loss=0.19886 lr=0.00099
[fit] 0120m/F80k/fresh p1 step=4000/80000 loss=0.19424 lr=0.00099
[fit] 0120m/F80k/fresh p1 step=4250/80000 loss=0.19779 lr=0.00099
[fit] 0120m/F80k/fresh p1 step=4500/80000 loss=0.205541 lr=0.00099
[fit] 0120m/F80k/fresh p1 step=4750/80000 loss=0.203139 lr=0.00099
[fit] 0120m/F80k/fresh p1 step=5000/80000 loss=0.196154 lr=0.00099
[fit] 0120m/F80k/fresh p1 step=5250/80000 loss=0.204146 lr=0.00099
[fit] 0120m/F80k/fresh p1 step=5500/80000 loss=0.203077 lr=0.00099
[fit] 0120m/F80k/fresh p1 step=5750/80000 loss=0.197036 lr=0.00099
[fit] 0120m/F80k/fresh p1 step=6000/80000 loss=0.204556 lr=0.00099
[fit] 0120m/F80k/fresh p1 step=6250/80000 loss=0.201112 lr=0.00099
[fit] 0120m/F80k/fresh p1 step=6500/80000 loss=0.198193 lr=0.00098
[fit] 0120m/F80k/fresh p1 step=6750/80000 loss=0.204546 lr=0.00098
[fit] 0120m/F80k/fresh p1 step=7000/80000 loss=0.201542 lr=0.00098
[fit] 0120m/F80k/fresh p1 step=7250/80000 loss=0.202939 lr=0.00098
[fit] 0120m/F80k/fresh p1 step=7500/80000 loss=0.194221 lr=0.00098
[fit] 0120m/F80k/fresh p1 step=7750/80000 loss=0.200275 lr=0.00098
[fit] 0120m/F80k/fresh p1 step=8000/80000 loss=0.199051 lr=0.00098
[fit] 0120m/F80k/fresh p1 step=8250/80000 loss=0.198102 lr=0.00097
[fit] 0120m/F80k/fresh p1 step=8500/80000 loss=0.198951 lr=0.00097
[fit] 0120m/F80k/fresh p1 step=8750/80000 loss=0.200001 lr=0.00097
[fit] 0120m/F80k/fresh p1 step=9000/80000 loss=0.196699 lr=0.00097
[fit] 0120m/F80k/fresh p1 step=9250/80000 loss=0.195741 lr=0.00097
[fit] 0120m/F80k/fresh p1 step=9500/80000 loss=0.202276 lr=0.00097
[fit] 0120m/F80k/fresh p1 step=9750/80000 loss=0.198915 lr=0.00096
[fit] 0120m/F80k/fresh p1 step=10000/80000 loss=0.199231 lr=0.00096
[fit] 0120m/F80k/fresh p2 step=250/80000 loss=0.308701 lr=0.001
[fit] 0120m/F80k/fresh p2 step=500/80000 loss=0.271844 lr=0.001
[fit] 0120m/F80k/fresh p2 step=750/80000 loss=0.249074 lr=0.001
[fit] 0120m/F80k/fresh p2 step=1000/80000 loss=0.242635 lr=0.001
[fit] 0120m/F80k/fresh p2 step=1250/80000 loss=0.232284 lr=0.001
[fit] 0120m/F80k/fresh p2 step=1500/80000 loss=0.221879 lr=0.001
[fit] 0120m/F80k/fresh p2 step=1750/80000 loss=0.225038 lr=0.001
[fit] 0120m/F80k/fresh p2 step=2000/80000 loss=0.223398 lr=0.001
[fit] 0120m/F80k/fresh p2 step=2250/80000 loss=0.22258 lr=0.001
[fit] 0120m/F80k/fresh p2 step=2500/80000 loss=0.220727 lr=0.001
[fit] 0120m/F80k/fresh p2 step=2750/80000 loss=0.218311 lr=0.001
[fit] 0120m/F80k/fresh p2 step=3000/80000 loss=0.215701 lr=0.001
[fit] 0120m/F80k/fresh p2 step=3250/80000 loss=0.218808 lr=0.001
[fit] 0120m/F80k/fresh p2 step=3500/80000 loss=0.224487 lr=0.001
[fit] 0120m/F80k/fresh p2 step=3750/80000 loss=0.218247 lr=0.00099
[fit] 0120m/F80k/fresh p2 step=4000/80000 loss=0.216305 lr=0.00099
[fit] 0120m/F80k/fresh p2 step=4250/80000 loss=0.212205 lr=0.00099
[fit] 0120m/F80k/fresh p2 step=4500/80000 loss=0.219874 lr=0.00099
[fit] 0120m/F80k/fresh p2 step=4750/80000 loss=0.22143 lr=0.00099
[fit] 0120m/F80k/fresh p2 step=5000/80000 loss=0.216815 lr=0.00099
[fit] 0120m/F80k/fresh p2 step=5250/80000 loss=0.217159 lr=0.00099
[fit] 0120m/F80k/fresh p2 step=5500/80000 loss=0.214149 lr=0.00099
[fit] 0120m/F80k/fresh p2 step=5750/80000 loss=0.216265 lr=0.00099
[fit] 0120m/F80k/fresh p2 step=6000/80000 loss=0.20963 lr=0.00099
[fit] 0120m/F80k/fresh p2 step=6250/80000 loss=0.207993 lr=0.00099
[fit] 0120m/F80k/fresh p2 step=6500/80000 loss=0.216279 lr=0.00098
[fit] 0120m/F80k/fresh p2 step=6750/80000 loss=0.214797 lr=0.00098
[fit] 0120m/F80k/fresh p2 step=7000/80000 loss=0.209036 lr=0.00098
[fit] 0120m/F80k/fresh p2 step=7250/80000 loss=0.214246 lr=0.00098
[fit] 0120m/F80k/fresh p2 step=7500/80000 loss=0.213124 lr=0.00098
[fit] 0120m/F80k/fresh p2 step=7750/80000 loss=0.216243 lr=0.00098
[fit] 0120m/F80k/fresh p2 step=8000/80000 loss=0.216735 lr=0.00098
[fit] 0120m/F80k/fresh p2 step=8250/80000 loss=0.212603 lr=0.00097
[fit] 0120m/F80k/fresh p2 step=8500/80000 loss=0.210517 lr=0.00097
[fit] 0120m/F80k/fresh p2 step=8750/80000 loss=0.208219 lr=0.00097
[fit] 0120m/F80k/fresh p2 step=9000/80000 loss=0.20764 lr=0.00097
[fit] 0120m/F80k/fresh p2 step=9250/80000 loss=0.206891 lr=0.00097
[fit] 0120m/F80k/fresh p2 step=9500/80000 loss=0.210998 lr=0.00097
[fit] 0120m/F80k/fresh p2 step=9750/80000 loss=0.215977 lr=0.00096
[fit] 0120m/F80k/fresh p2 step=10000/80000 loss=0.210126 lr=0.00096
[eval] 0120m/F80k/fresh/10000 exploitability=0.01280407 eval_s=19.9
[fit] 0120m/F80k/fresh p1 step=10250/80000 loss=0.199875 lr=0.00096
[fit] 0120m/F80k/fresh p1 step=10500/80000 loss=0.194742 lr=0.00096
[fit] 0120m/F80k/fresh p1 step=10750/80000 loss=0.198907 lr=0.00096
[fit] 0120m/F80k/fresh p1 step=11000/80000 loss=0.199561 lr=0.00095
[fit] 0120m/F80k/fresh p1 step=11250/80000 loss=0.198497 lr=0.00095
[fit] 0120m/F80k/fresh p1 step=11500/80000 loss=0.200367 lr=0.00095
[fit] 0120m/F80k/fresh p1 step=11750/80000 loss=0.196672 lr=0.00095
[fit] 0120m/F80k/fresh p1 step=12000/80000 loss=0.200284 lr=0.00095
[fit] 0120m/F80k/fresh p1 step=12250/80000 loss=0.203153 lr=0.00094
[fit] 0120m/F80k/fresh p1 step=12500/80000 loss=0.19416 lr=0.00094
[fit] 0120m/F80k/fresh p1 step=12750/80000 loss=0.202773 lr=0.00094
[fit] 0120m/F80k/fresh p1 step=13000/80000 loss=0.197826 lr=0.00094
[fit] 0120m/F80k/fresh p1 step=13250/80000 loss=0.199361 lr=0.00093
[fit] 0120m/F80k/fresh p1 step=13500/80000 loss=0.195885 lr=0.00093
[fit] 0120m/F80k/fresh p1 step=13750/80000 loss=0.202742 lr=0.00093
[fit] 0120m/F80k/fresh p1 step=14000/80000 loss=0.196473 lr=0.00093
[fit] 0120m/F80k/fresh p1 step=14250/80000 loss=0.19557 lr=0.00092
[fit] 0120m/F80k/fresh p1 step=14500/80000 loss=0.203843 lr=0.00092
[fit] 0120m/F80k/fresh p1 step=14750/80000 loss=0.19488 lr=0.00092
[fit] 0120m/F80k/fresh p1 step=15000/80000 loss=0.203145 lr=0.00092
[fit] 0120m/F80k/fresh p1 step=15250/80000 loss=0.193314 lr=0.00091
[fit] 0120m/F80k/fresh p1 step=15500/80000 loss=0.199294 lr=0.00091
[fit] 0120m/F80k/fresh p1 step=15750/80000 loss=0.200921 lr=0.00091
[fit] 0120m/F80k/fresh p1 step=16000/80000 loss=0.193532 lr=0.00091
[fit] 0120m/F80k/fresh p1 step=16250/80000 loss=0.197026 lr=0.0009
[fit] 0120m/F80k/fresh p1 step=16500/80000 loss=0.199551 lr=0.0009
[fit] 0120m/F80k/fresh p1 step=16750/80000 loss=0.200618 lr=0.0009
[fit] 0120m/F80k/fresh p1 step=17000/80000 loss=0.20266 lr=0.00089
[fit] 0120m/F80k/fresh p1 step=17250/80000 loss=0.203964 lr=0.00089
[fit] 0120m/F80k/fresh p1 step=17500/80000 loss=0.198009 lr=0.00089
[fit] 0120m/F80k/fresh p1 step=17750/80000 loss=0.196694 lr=0.00088
[fit] 0120m/F80k/fresh p1 step=18000/80000 loss=0.195608 lr=0.00088
[fit] 0120m/F80k/fresh p1 step=18250/80000 loss=0.200679 lr=0.00088
[fit] 0120m/F80k/fresh p1 step=18500/80000 loss=0.202112 lr=0.00088
[fit] 0120m/F80k/fresh p1 step=18750/80000 loss=0.200245 lr=0.00087
[fit] 0120m/F80k/fresh p1 step=19000/80000 loss=0.199742 lr=0.00087
[fit] 0120m/F80k/fresh p1 step=19250/80000 loss=0.198335 lr=0.00087
[fit] 0120m/F80k/fresh p1 step=19500/80000 loss=0.197553 lr=0.00086
[fit] 0120m/F80k/fresh p1 step=19750/80000 loss=0.198128 lr=0.00086
[fit] 0120m/F80k/fresh p1 step=20000/80000 loss=0.197158 lr=0.00086
[fit] 0120m/F80k/fresh p2 step=10250/80000 loss=0.211067 lr=0.00096
[fit] 0120m/F80k/fresh p2 step=10500/80000 loss=0.211935 lr=0.00096
[fit] 0120m/F80k/fresh p2 step=10750/80000 loss=0.214415 lr=0.00096
[fit] 0120m/F80k/fresh p2 step=11000/80000 loss=0.207663 lr=0.00095
[fit] 0120m/F80k/fresh p2 step=11250/80000 loss=0.211003 lr=0.00095
[fit] 0120m/F80k/fresh p2 step=11500/80000 loss=0.212274 lr=0.00095
[fit] 0120m/F80k/fresh p2 step=11750/80000 loss=0.215125 lr=0.00095
[fit] 0120m/F80k/fresh p2 step=12000/80000 loss=0.2099 lr=0.00095
[fit] 0120m/F80k/fresh p2 step=12250/80000 loss=0.214716 lr=0.00094
[fit] 0120m/F80k/fresh p2 step=12500/80000 loss=0.204703 lr=0.00094
[fit] 0120m/F80k/fresh p2 step=12750/80000 loss=0.211002 lr=0.00094
[fit] 0120m/F80k/fresh p2 step=13000/80000 loss=0.212082 lr=0.00094
[fit] 0120m/F80k/fresh p2 step=13250/80000 loss=0.211598 lr=0.00093
[fit] 0120m/F80k/fresh p2 step=13500/80000 loss=0.214177 lr=0.00093
[fit] 0120m/F80k/fresh p2 step=13750/80000 loss=0.21288 lr=0.00093
[fit] 0120m/F80k/fresh p2 step=14000/80000 loss=0.210869 lr=0.00093
[fit] 0120m/F80k/fresh p2 step=14250/80000 loss=0.205529 lr=0.00092
[fit] 0120m/F80k/fresh p2 step=14500/80000 loss=0.21334 lr=0.00092
[fit] 0120m/F80k/fresh p2 step=14750/80000 loss=0.209843 lr=0.00092
[fit] 0120m/F80k/fresh p2 step=15000/80000 loss=0.210718 lr=0.00092
[fit] 0120m/F80k/fresh p2 step=15250/80000 loss=0.211648 lr=0.00091
[fit] 0120m/F80k/fresh p2 step=15500/80000 loss=0.22091 lr=0.00091
[fit] 0120m/F80k/fresh p2 step=15750/80000 loss=0.206566 lr=0.00091
[fit] 0120m/F80k/fresh p2 step=16000/80000 loss=0.207443 lr=0.00091
[fit] 0120m/F80k/fresh p2 step=16250/80000 loss=0.208984 lr=0.0009
[fit] 0120m/F80k/fresh p2 step=16500/80000 loss=0.209766 lr=0.0009
[fit] 0120m/F80k/fresh p2 step=16750/80000 loss=0.21714 lr=0.0009
[fit] 0120m/F80k/fresh p2 step=17000/80000 loss=0.206698 lr=0.00089
[fit] 0120m/F80k/fresh p2 step=17250/80000 loss=0.215218 lr=0.00089
[fit] 0120m/F80k/fresh p2 step=17500/80000 loss=0.215685 lr=0.00089
[fit] 0120m/F80k/fresh p2 step=17750/80000 loss=0.210532 lr=0.00088
[fit] 0120m/F80k/fresh p2 step=18000/80000 loss=0.211075 lr=0.00088
[fit] 0120m/F80k/fresh p2 step=18250/80000 loss=0.207369 lr=0.00088
[fit] 0120m/F80k/fresh p2 step=18500/80000 loss=0.207676 lr=0.00088
[fit] 0120m/F80k/fresh p2 step=18750/80000 loss=0.20721 lr=0.00087
[fit] 0120m/F80k/fresh p2 step=19000/80000 loss=0.212339 lr=0.00087
[fit] 0120m/F80k/fresh p2 step=19250/80000 loss=0.204597 lr=0.00087
[fit] 0120m/F80k/fresh p2 step=19500/80000 loss=0.210609 lr=0.00086
[fit] 0120m/F80k/fresh p2 step=19750/80000 loss=0.206996 lr=0.00086
[fit] 0120m/F80k/fresh p2 step=20000/80000 loss=0.205863 lr=0.00086
[eval] 0120m/F80k/fresh/20000 exploitability=0.01281245 eval_s=18.9
[fit] 0120m/F80k/fresh p1 step=20250/80000 loss=0.198394 lr=0.00085
[fit] 0120m/F80k/fresh p1 step=20500/80000 loss=0.204266 lr=0.00085
[fit] 0120m/F80k/fresh p1 step=20750/80000 loss=0.198693 lr=0.00084
[fit] 0120m/F80k/fresh p1 step=21000/80000 loss=0.199872 lr=0.00084
[fit] 0120m/F80k/fresh p1 step=21250/80000 loss=0.203477 lr=0.00084
[fit] 0120m/F80k/fresh p1 step=21500/80000 loss=0.194605 lr=0.00083
[fit] 0120m/F80k/fresh p1 step=21750/80000 loss=0.192064 lr=0.00083
[fit] 0120m/F80k/fresh p1 step=22000/80000 loss=0.193844 lr=0.00083
[fit] 0120m/F80k/fresh p1 step=22250/80000 loss=0.200123 lr=0.00082
[fit] 0120m/F80k/fresh p1 step=22500/80000 loss=0.197615 lr=0.00082
[fit] 0120m/F80k/fresh p1 step=22750/80000 loss=0.195691 lr=0.00082
[fit] 0120m/F80k/fresh p1 step=23000/80000 loss=0.198934 lr=0.00081
[fit] 0120m/F80k/fresh p1 step=23250/80000 loss=0.200277 lr=0.00081
[fit] 0120m/F80k/fresh p1 step=23500/80000 loss=0.195269 lr=0.0008
[fit] 0120m/F80k/fresh p1 step=23750/80000 loss=0.191072 lr=0.0008
[fit] 0120m/F80k/fresh p1 step=24000/80000 loss=0.196417 lr=0.0008
[fit] 0120m/F80k/fresh p1 step=24250/80000 loss=0.197386 lr=0.00079
[fit] 0120m/F80k/fresh p1 step=24500/80000 loss=0.198063 lr=0.00079
[fit] 0120m/F80k/fresh p1 step=24750/80000 loss=0.198776 lr=0.00078
[fit] 0120m/F80k/fresh p1 step=25000/80000 loss=0.199491 lr=0.00078
[fit] 0120m/F80k/fresh p1 step=25250/80000 loss=0.19653 lr=0.00078
[fit] 0120m/F80k/fresh p1 step=25500/80000 loss=0.20203 lr=0.00077
[fit] 0120m/F80k/fresh p1 step=25750/80000 loss=0.199096 lr=0.00077
[fit] 0120m/F80k/fresh p1 step=26000/80000 loss=0.201156 lr=0.00076
[fit] 0120m/F80k/fresh p1 step=26250/80000 loss=0.198475 lr=0.00076
[fit] 0120m/F80k/fresh p1 step=26500/80000 loss=0.201927 lr=0.00076
[fit] 0120m/F80k/fresh p1 step=26750/80000 loss=0.197467 lr=0.00075
[fit] 0120m/F80k/fresh p1 step=27000/80000 loss=0.202362 lr=0.00075
[fit] 0120m/F80k/fresh p1 step=27250/80000 loss=0.196188 lr=0.00074
[fit] 0120m/F80k/fresh p1 step=27500/80000 loss=0.199289 lr=0.00074
[fit] 0120m/F80k/fresh p1 step=27750/80000 loss=0.197631 lr=0.00073
[fit] 0120m/F80k/fresh p1 step=28000/80000 loss=0.202365 lr=0.00073
[fit] 0120m/F80k/fresh p1 step=28250/80000 loss=0.203289 lr=0.00073
[fit] 0120m/F80k/fresh p1 step=28500/80000 loss=0.194784 lr=0.00072
[fit] 0120m/F80k/fresh p1 step=28750/80000 loss=0.197313 lr=0.00072
[fit] 0120m/F80k/fresh p1 step=29000/80000 loss=0.198301 lr=0.00071
[fit] 0120m/F80k/fresh p1 step=29250/80000 loss=0.194903 lr=0.00071
[fit] 0120m/F80k/fresh p1 step=29500/80000 loss=0.199474 lr=0.0007
[fit] 0120m/F80k/fresh p1 step=29750/80000 loss=0.201601 lr=0.0007
[fit] 0120m/F80k/fresh p1 step=30000/80000 loss=0.194172 lr=0.00069
[fit] 0120m/F80k/fresh p1 step=30250/80000 loss=0.199041 lr=0.00069
[fit] 0120m/F80k/fresh p1 step=30500/80000 loss=0.19747 lr=0.00069
[fit] 0120m/F80k/fresh p1 step=30750/80000 loss=0.199994 lr=0.00068
[fit] 0120m/F80k/fresh p1 step=31000/80000 loss=0.199792 lr=0.00068
[fit] 0120m/F80k/fresh p1 step=31250/80000 loss=0.198381 lr=0.00067
[fit] 0120m/F80k/fresh p1 step=31500/80000 loss=0.197968 lr=0.00067
[fit] 0120m/F80k/fresh p1 step=31750/80000 loss=0.204187 lr=0.00066
[fit] 0120m/F80k/fresh p1 step=32000/80000 loss=0.196662 lr=0.00066
[fit] 0120m/F80k/fresh p1 step=32250/80000 loss=0.192998 lr=0.00065
[fit] 0120m/F80k/fresh p1 step=32500/80000 loss=0.199426 lr=0.00065
[fit] 0120m/F80k/fresh p1 step=32750/80000 loss=0.198993 lr=0.00064
[fit] 0120m/F80k/fresh p1 step=33000/80000 loss=0.197452 lr=0.00064
[fit] 0120m/F80k/fresh p1 step=33250/80000 loss=0.193481 lr=0.00063
[fit] 0120m/F80k/fresh p1 step=33500/80000 loss=0.197001 lr=0.00063
[fit] 0120m/F80k/fresh p1 step=33750/80000 loss=0.196623 lr=0.00063
[fit] 0120m/F80k/fresh p1 step=34000/80000 loss=0.202969 lr=0.00062
[fit] 0120m/F80k/fresh p1 step=34250/80000 loss=0.200787 lr=0.00062
[fit] 0120m/F80k/fresh p1 step=34500/80000 loss=0.20318 lr=0.00061
[fit] 0120m/F80k/fresh p1 step=34750/80000 loss=0.198646 lr=0.00061
[fit] 0120m/F80k/fresh p1 step=35000/80000 loss=0.198485 lr=0.0006
[fit] 0120m/F80k/fresh p1 step=35250/80000 loss=0.205558 lr=0.0006
[fit] 0120m/F80k/fresh p1 step=35500/80000 loss=0.199901 lr=0.00059
[fit] 0120m/F80k/fresh p1 step=35750/80000 loss=0.197916 lr=0.00059
[fit] 0120m/F80k/fresh p1 step=36000/80000 loss=0.19026 lr=0.00058
[fit] 0120m/F80k/fresh p1 step=36250/80000 loss=0.194777 lr=0.00058
[fit] 0120m/F80k/fresh p1 step=36500/80000 loss=0.202402 lr=0.00057
[fit] 0120m/F80k/fresh p1 step=36750/80000 loss=0.195801 lr=0.00057
[fit] 0120m/F80k/fresh p1 step=37000/80000 loss=0.197677 lr=0.00056
[fit] 0120m/F80k/fresh p1 step=37250/80000 loss=0.201415 lr=0.00056
[fit] 0120m/F80k/fresh p1 step=37500/80000 loss=0.201117 lr=0.00055
[fit] 0120m/F80k/fresh p1 step=37750/80000 loss=0.201492 lr=0.00055
[fit] 0120m/F80k/fresh p1 step=38000/80000 loss=0.198274 lr=0.00054
[fit] 0120m/F80k/fresh p1 step=38250/80000 loss=0.202329 lr=0.00054
[fit] 0120m/F80k/fresh p1 step=38500/80000 loss=0.199706 lr=0.00053
[fit] 0120m/F80k/fresh p1 step=38750/80000 loss=0.199257 lr=0.00053
[fit] 0120m/F80k/fresh p1 step=39000/80000 loss=0.20271 lr=0.00052
[fit] 0120m/F80k/fresh p1 step=39250/80000 loss=0.206077 lr=0.00052
[fit] 0120m/F80k/fresh p1 step=39500/80000 loss=0.196608 lr=0.00051
[fit] 0120m/F80k/fresh p1 step=39750/80000 loss=0.200841 lr=0.00051
[fit] 0120m/F80k/fresh p1 step=40000/80000 loss=0.196866 lr=0.00051
[fit] 0120m/F80k/fresh p2 step=20250/80000 loss=0.207907 lr=0.00085
[fit] 0120m/F80k/fresh p2 step=20500/80000 loss=0.21341 lr=0.00085
[fit] 0120m/F80k/fresh p2 step=20750/80000 loss=0.208543 lr=0.00084
[fit] 0120m/F80k/fresh p2 step=21000/80000 loss=0.204834 lr=0.00084
[fit] 0120m/F80k/fresh p2 step=21250/80000 loss=0.199565 lr=0.00084
[fit] 0120m/F80k/fresh p2 step=21500/80000 loss=0.200701 lr=0.00083
[fit] 0120m/F80k/fresh p2 step=21750/80000 loss=0.207186 lr=0.00083
[fit] 0120m/F80k/fresh p2 step=22000/80000 loss=0.209269 lr=0.00083
[fit] 0120m/F80k/fresh p2 step=22250/80000 loss=0.20933 lr=0.00082
[fit] 0120m/F80k/fresh p2 step=22500/80000 loss=0.212759 lr=0.00082
[fit] 0120m/F80k/fresh p2 step=22750/80000 loss=0.209481 lr=0.00082
[fit] 0120m/F80k/fresh p2 step=23000/80000 loss=0.215589 lr=0.00081
[fit] 0120m/F80k/fresh p2 step=23250/80000 loss=0.212156 lr=0.00081
[fit] 0120m/F80k/fresh p2 step=23500/80000 loss=0.207112 lr=0.0008
[fit] 0120m/F80k/fresh p2 step=23750/80000 loss=0.203894 lr=0.0008
[fit] 0120m/F80k/fresh p2 step=24000/80000 loss=0.203403 lr=0.0008
[fit] 0120m/F80k/fresh p2 step=24250/80000 loss=0.210051 lr=0.00079
[fit] 0120m/F80k/fresh p2 step=24500/80000 loss=0.207555 lr=0.00079
[fit] 0120m/F80k/fresh p2 step=24750/80000 loss=0.210769 lr=0.00078
[fit] 0120m/F80k/fresh p2 step=25000/80000 loss=0.207332 lr=0.00078
[fit] 0120m/F80k/fresh p2 step=25250/80000 loss=0.211333 lr=0.00078
[fit] 0120m/F80k/fresh p2 step=25500/80000 loss=0.210509 lr=0.00077
[fit] 0120m/F80k/fresh p2 step=25750/80000 loss=0.208814 lr=0.00077
[fit] 0120m/F80k/fresh p2 step=26000/80000 loss=0.211194 lr=0.00076
[fit] 0120m/F80k/fresh p2 step=26250/80000 loss=0.207661 lr=0.00076
[fit] 0120m/F80k/fresh p2 step=26500/80000 loss=0.209379 lr=0.00076
[fit] 0120m/F80k/fresh p2 step=26750/80000 loss=0.21115 lr=0.00075
[fit] 0120m/F80k/fresh p2 step=27000/80000 loss=0.205539 lr=0.00075
[fit] 0120m/F80k/fresh p2 step=27250/80000 loss=0.206539 lr=0.00074
[fit] 0120m/F80k/fresh p2 step=27500/80000 loss=0.212459 lr=0.00074
[fit] 0120m/F80k/fresh p2 step=27750/80000 loss=0.207726 lr=0.00073
[fit] 0120m/F80k/fresh p2 step=28000/80000 loss=0.207878 lr=0.00073
[fit] 0120m/F80k/fresh p2 step=28250/80000 loss=0.207247 lr=0.00073
[fit] 0120m/F80k/fresh p2 step=28500/80000 loss=0.204169 lr=0.00072
[fit] 0120m/F80k/fresh p2 step=28750/80000 loss=0.209003 lr=0.00072
[fit] 0120m/F80k/fresh p2 step=29000/80000 loss=0.213353 lr=0.00071
[fit] 0120m/F80k/fresh p2 step=29250/80000 loss=0.210442 lr=0.00071
[fit] 0120m/F80k/fresh p2 step=29500/80000 loss=0.206206 lr=0.0007
[fit] 0120m/F80k/fresh p2 step=29750/80000 loss=0.214118 lr=0.0007
[fit] 0120m/F80k/fresh p2 step=30000/80000 loss=0.213181 lr=0.00069
[fit] 0120m/F80k/fresh p2 step=30250/80000 loss=0.211216 lr=0.00069
[fit] 0120m/F80k/fresh p2 step=30500/80000 loss=0.207756 lr=0.00069
[fit] 0120m/F80k/fresh p2 step=30750/80000 loss=0.213207 lr=0.00068
[fit] 0120m/F80k/fresh p2 step=31000/80000 loss=0.204908 lr=0.00068
[fit] 0120m/F80k/fresh p2 step=31250/80000 loss=0.20839 lr=0.00067
[fit] 0120m/F80k/fresh p2 step=31500/80000 loss=0.209359 lr=0.00067
[fit] 0120m/F80k/fresh p2 step=31750/80000 loss=0.208934 lr=0.00066
[fit] 0120m/F80k/fresh p2 step=32000/80000 loss=0.209729 lr=0.00066
[fit] 0120m/F80k/fresh p2 step=32250/80000 loss=0.203572 lr=0.00065
[fit] 0120m/F80k/fresh p2 step=32500/80000 loss=0.208352 lr=0.00065
[fit] 0120m/F80k/fresh p2 step=32750/80000 loss=0.203747 lr=0.00064
[fit] 0120m/F80k/fresh p2 step=33000/80000 loss=0.206185 lr=0.00064
[fit] 0120m/F80k/fresh p2 step=33250/80000 loss=0.215142 lr=0.00063
[fit] 0120m/F80k/fresh p2 step=33500/80000 loss=0.210201 lr=0.00063
[fit] 0120m/F80k/fresh p2 step=33750/80000 loss=0.205542 lr=0.00063
[fit] 0120m/F80k/fresh p2 step=34000/80000 loss=0.208726 lr=0.00062
[fit] 0120m/F80k/fresh p2 step=34250/80000 loss=0.207352 lr=0.00062
[fit] 0120m/F80k/fresh p2 step=34500/80000 loss=0.207231 lr=0.00061
[fit] 0120m/F80k/fresh p2 step=34750/80000 loss=0.209166 lr=0.00061
[fit] 0120m/F80k/fresh p2 step=35000/80000 loss=0.216083 lr=0.0006
[fit] 0120m/F80k/fresh p2 step=35250/80000 loss=0.203986 lr=0.0006
[fit] 0120m/F80k/fresh p2 step=35500/80000 loss=0.210199 lr=0.00059
[fit] 0120m/F80k/fresh p2 step=35750/80000 loss=0.209279 lr=0.00059
[fit] 0120m/F80k/fresh p2 step=36000/80000 loss=0.207954 lr=0.00058
[fit] 0120m/F80k/fresh p2 step=36250/80000 loss=0.211082 lr=0.00058
[fit] 0120m/F80k/fresh p2 step=36500/80000 loss=0.208428 lr=0.00057
[fit] 0120m/F80k/fresh p2 step=36750/80000 loss=0.207915 lr=0.00057
[fit] 0120m/F80k/fresh p2 step=37000/80000 loss=0.204366 lr=0.00056
[fit] 0120m/F80k/fresh p2 step=37250/80000 loss=0.209422 lr=0.00056
[fit] 0120m/F80k/fresh p2 step=37500/80000 loss=0.211438 lr=0.00055
[fit] 0120m/F80k/fresh p2 step=37750/80000 loss=0.206765 lr=0.00055
[fit] 0120m/F80k/fresh p2 step=38000/80000 loss=0.206939 lr=0.00054
[fit] 0120m/F80k/fresh p2 step=38250/80000 loss=0.204275 lr=0.00054
[fit] 0120m/F80k/fresh p2 step=38500/80000 loss=0.207878 lr=0.00053
[fit] 0120m/F80k/fresh p2 step=38750/80000 loss=0.208039 lr=0.00053
[fit] 0120m/F80k/fresh p2 step=39000/80000 loss=0.209192 lr=0.00052
[fit] 0120m/F80k/fresh p2 step=39250/80000 loss=0.207051 lr=0.00052
[fit] 0120m/F80k/fresh p2 step=39500/80000 loss=0.208382 lr=0.00051
[fit] 0120m/F80k/fresh p2 step=39750/80000 loss=0.203698 lr=0.00051
[fit] 0120m/F80k/fresh p2 step=40000/80000 loss=0.210119 lr=0.00051
[eval] 0120m/F80k/fresh/40000 exploitability=0.01597573 eval_s=19.0
[fit] 0120m/F80k/fresh p1 step=40250/80000 loss=0.201603 lr=0.0005
[fit] 0120m/F80k/fresh p1 step=40500/80000 loss=0.194992 lr=0.0005
[fit] 0120m/F80k/fresh p1 step=40750/80000 loss=0.195136 lr=0.00049
[fit] 0120m/F80k/fresh p1 step=41000/80000 loss=0.193967 lr=0.00049
[fit] 0120m/F80k/fresh p1 step=41250/80000 loss=0.201278 lr=0.00048
[fit] 0120m/F80k/fresh p1 step=41500/80000 loss=0.202015 lr=0.00048
[fit] 0120m/F80k/fresh p1 step=41750/80000 loss=0.195569 lr=0.00047
[fit] 0120m/F80k/fresh p1 step=42000/80000 loss=0.199051 lr=0.00047
[fit] 0120m/F80k/fresh p1 step=42250/80000 loss=0.197127 lr=0.00046
[fit] 0120m/F80k/fresh p1 step=42500/80000 loss=0.197005 lr=0.00046
[fit] 0120m/F80k/fresh p1 step=42750/80000 loss=0.198064 lr=0.00045
[fit] 0120m/F80k/fresh p1 step=43000/80000 loss=0.198302 lr=0.00045
[fit] 0120m/F80k/fresh p1 step=43250/80000 loss=0.196475 lr=0.00044
[fit] 0120m/F80k/fresh p1 step=43500/80000 loss=0.198505 lr=0.00044
[fit] 0120m/F80k/fresh p1 step=43750/80000 loss=0.19313 lr=0.00043
[fit] 0120m/F80k/fresh p1 step=44000/80000 loss=0.196574 lr=0.00043
[fit] 0120m/F80k/fresh p1 step=44250/80000 loss=0.199631 lr=0.00042
[fit] 0120m/F80k/fresh p1 step=44500/80000 loss=0.197248 lr=0.00042
[fit] 0120m/F80k/fresh p1 step=44750/80000 loss=0.192852 lr=0.00041
[fit] 0120m/F80k/fresh p1 step=45000/80000 loss=0.199825 lr=0.00041
[fit] 0120m/F80k/fresh p1 step=45250/80000 loss=0.193065 lr=0.0004
[fit] 0120m/F80k/fresh p1 step=45500/80000 loss=0.197101 lr=0.0004
[fit] 0120m/F80k/fresh p1 step=45750/80000 loss=0.196736 lr=0.00039
[fit] 0120m/F80k/fresh p1 step=46000/80000 loss=0.201252 lr=0.00039
[fit] 0120m/F80k/fresh p1 step=46250/80000 loss=0.202397 lr=0.00038
[fit] 0120m/F80k/fresh p1 step=46500/80000 loss=0.198227 lr=0.00038
[fit] 0120m/F80k/fresh p1 step=46750/80000 loss=0.197812 lr=0.00038
[fit] 0120m/F80k/fresh p1 step=47000/80000 loss=0.200076 lr=0.00037
[fit] 0120m/F80k/fresh p1 step=47250/80000 loss=0.198916 lr=0.00037
[fit] 0120m/F80k/fresh p1 step=47500/80000 loss=0.202681 lr=0.00036
[fit] 0120m/F80k/fresh p1 step=47750/80000 loss=0.198279 lr=0.00036
[fit] 0120m/F80k/fresh p1 step=48000/80000 loss=0.197716 lr=0.00035
[fit] 0120m/F80k/fresh p1 step=48250/80000 loss=0.19717 lr=0.00035
[fit] 0120m/F80k/fresh p1 step=48500/80000 loss=0.197321 lr=0.00034
[fit] 0120m/F80k/fresh p1 step=48750/80000 loss=0.199826 lr=0.00034
[fit] 0120m/F80k/fresh p1 step=49000/80000 loss=0.195708 lr=0.00033
[fit] 0120m/F80k/fresh p1 step=49250/80000 loss=0.196142 lr=0.00033
[fit] 0120m/F80k/fresh p1 step=49500/80000 loss=0.198979 lr=0.00032
[fit] 0120m/F80k/fresh p1 step=49750/80000 loss=0.193741 lr=0.00032
[fit] 0120m/F80k/fresh p1 step=50000/80000 loss=0.199935 lr=0.00032
[fit] 0120m/F80k/fresh p1 step=50250/80000 loss=0.20015 lr=0.00031
[fit] 0120m/F80k/fresh p1 step=50500/80000 loss=0.198721 lr=0.00031
[fit] 0120m/F80k/fresh p1 step=50750/80000 loss=0.20184 lr=0.0003
[fit] 0120m/F80k/fresh p1 step=51000/80000 loss=0.19985 lr=0.0003
[fit] 0120m/F80k/fresh p1 step=51250/80000 loss=0.199842 lr=0.00029
[fit] 0120m/F80k/fresh p1 step=51500/80000 loss=0.191843 lr=0.00029
[fit] 0120m/F80k/fresh p1 step=51750/80000 loss=0.195486 lr=0.00028
[fit] 0120m/F80k/fresh p1 step=52000/80000 loss=0.198422 lr=0.00028
[fit] 0120m/F80k/fresh p1 step=52250/80000 loss=0.195943 lr=0.00028
[fit] 0120m/F80k/fresh p1 step=52500/80000 loss=0.200187 lr=0.00027
[fit] 0120m/F80k/fresh p1 step=52750/80000 loss=0.200094 lr=0.00027
[fit] 0120m/F80k/fresh p1 step=53000/80000 loss=0.197572 lr=0.00026
[fit] 0120m/F80k/fresh p1 step=53250/80000 loss=0.196863 lr=0.00026
[fit] 0120m/F80k/fresh p1 step=53500/80000 loss=0.197556 lr=0.00025
[fit] 0120m/F80k/fresh p1 step=53750/80000 loss=0.202343 lr=0.00025
[fit] 0120m/F80k/fresh p1 step=54000/80000 loss=0.197998 lr=0.00025
[fit] 0120m/F80k/fresh p1 step=54250/80000 loss=0.201837 lr=0.00024
[fit] 0120m/F80k/fresh p1 step=54500/80000 loss=0.19704 lr=0.00024
[fit] 0120m/F80k/fresh p1 step=54750/80000 loss=0.199973 lr=0.00023
[fit] 0120m/F80k/fresh p1 step=55000/80000 loss=0.196765 lr=0.00023
[fit] 0120m/F80k/fresh p1 step=55250/80000 loss=0.196676 lr=0.00023
[fit] 0120m/F80k/fresh p1 step=55500/80000 loss=0.196606 lr=0.00022
[fit] 0120m/F80k/fresh p1 step=55750/80000 loss=0.197862 lr=0.00022
[fit] 0120m/F80k/fresh p1 step=56000/80000 loss=0.195287 lr=0.00021
[fit] 0120m/F80k/fresh p1 step=56250/80000 loss=0.202247 lr=0.00021
[fit] 0120m/F80k/fresh p1 step=56500/80000 loss=0.201823 lr=0.00021
[fit] 0120m/F80k/fresh p1 step=56750/80000 loss=0.198156 lr=0.0002
[fit] 0120m/F80k/fresh p1 step=57000/80000 loss=0.194895 lr=0.0002
[fit] 0120m/F80k/fresh p1 step=57250/80000 loss=0.195782 lr=0.00019
[fit] 0120m/F80k/fresh p1 step=57500/80000 loss=0.19429 lr=0.00019
[fit] 0120m/F80k/fresh p1 step=57750/80000 loss=0.199869 lr=0.00019
[fit] 0120m/F80k/fresh p1 step=58000/80000 loss=0.198667 lr=0.00018
[fit] 0120m/F80k/fresh p1 step=58250/80000 loss=0.196651 lr=0.00018
[fit] 0120m/F80k/fresh p1 step=58500/80000 loss=0.196703 lr=0.00018
[fit] 0120m/F80k/fresh p1 step=58750/80000 loss=0.196773 lr=0.00017
[fit] 0120m/F80k/fresh p1 step=59000/80000 loss=0.202608 lr=0.00017
[fit] 0120m/F80k/fresh p1 step=59250/80000 loss=0.198269 lr=0.00017
[fit] 0120m/F80k/fresh p1 step=59500/80000 loss=0.192725 lr=0.00016
[fit] 0120m/F80k/fresh p1 step=59750/80000 loss=0.19569 lr=0.00016
[fit] 0120m/F80k/fresh p1 step=60000/80000 loss=0.19766 lr=0.00015
[fit] 0120m/F80k/fresh p1 step=60250/80000 loss=0.19687 lr=0.00015
[fit] 0120m/F80k/fresh p1 step=60500/80000 loss=0.197989 lr=0.00015
[fit] 0120m/F80k/fresh p1 step=60750/80000 loss=0.198451 lr=0.00014
[fit] 0120m/F80k/fresh p1 step=61000/80000 loss=0.201955 lr=0.00014
[fit] 0120m/F80k/fresh p1 step=61250/80000 loss=0.197006 lr=0.00014
[fit] 0120m/F80k/fresh p1 step=61500/80000 loss=0.195281 lr=0.00013
[fit] 0120m/F80k/fresh p1 step=61750/80000 loss=0.192032 lr=0.00013
[fit] 0120m/F80k/fresh p1 step=62000/80000 loss=0.195486 lr=0.00013
[fit] 0120m/F80k/fresh p1 step=62250/80000 loss=0.197663 lr=0.00013
[fit] 0120m/F80k/fresh p1 step=62500/80000 loss=0.193675 lr=0.00012
[fit] 0120m/F80k/fresh p1 step=62750/80000 loss=0.200819 lr=0.00012
[fit] 0120m/F80k/fresh p1 step=63000/80000 loss=0.200753 lr=0.00012
[fit] 0120m/F80k/fresh p1 step=63250/80000 loss=0.20039 lr=0.00011
[fit] 0120m/F80k/fresh p1 step=63500/80000 loss=0.194735 lr=0.00011
[fit] 0120m/F80k/fresh p1 step=63750/80000 loss=0.199115 lr=0.00011
[fit] 0120m/F80k/fresh p1 step=64000/80000 loss=0.194081 lr=0.0001
[fit] 0120m/F80k/fresh p1 step=64250/80000 loss=0.194913 lr=0.0001
[fit] 0120m/F80k/fresh p1 step=64500/80000 loss=0.197505 lr=9.9e-05
[fit] 0120m/F80k/fresh p1 step=64750/80000 loss=0.198292 lr=9.6e-05
[fit] 0120m/F80k/fresh p1 step=65000/80000 loss=0.204747 lr=9.3e-05
[fit] 0120m/F80k/fresh p1 step=65250/80000 loss=0.200405 lr=9.1e-05
[fit] 0120m/F80k/fresh p1 step=65500/80000 loss=0.198779 lr=8.8e-05
[fit] 0120m/F80k/fresh p1 step=65750/80000 loss=0.200364 lr=8.6e-05
[fit] 0120m/F80k/fresh p1 step=66000/80000 loss=0.198592 lr=8.3e-05
[fit] 0120m/F80k/fresh p1 step=66250/80000 loss=0.202731 lr=8e-05
[fit] 0120m/F80k/fresh p1 step=66500/80000 loss=0.20397 lr=7.8e-05
[fit] 0120m/F80k/fresh p1 step=66750/80000 loss=0.20085 lr=7.6e-05
[fit] 0120m/F80k/fresh p1 step=67000/80000 loss=0.201615 lr=7.3e-05
[fit] 0120m/F80k/fresh p1 step=67250/80000 loss=0.200068 lr=7.1e-05
[fit] 0120m/F80k/fresh p1 step=67500/80000 loss=0.194256 lr=6.8e-05
[fit] 0120m/F80k/fresh p1 step=67750/80000 loss=0.1998 lr=6.6e-05
[fit] 0120m/F80k/fresh p1 step=68000/80000 loss=0.198878 lr=6.4e-05
[fit] 0120m/F80k/fresh p1 step=68250/80000 loss=0.197155 lr=6.2e-05
[fit] 0120m/F80k/fresh p1 step=68500/80000 loss=0.195472 lr=6e-05
[fit] 0120m/F80k/fresh p1 step=68750/80000 loss=0.200883 lr=5.8e-05
[fit] 0120m/F80k/fresh p1 step=69000/80000 loss=0.200318 lr=5.5e-05
[fit] 0120m/F80k/fresh p1 step=69250/80000 loss=0.20091 lr=5.3e-05
[fit] 0120m/F80k/fresh p1 step=69500/80000 loss=0.20277 lr=5.1e-05
[fit] 0120m/F80k/fresh p1 step=69750/80000 loss=0.198816 lr=5e-05
[fit] 0120m/F80k/fresh p1 step=70000/80000 loss=0.196555 lr=4.8e-05
[fit] 0120m/F80k/fresh p1 step=70250/80000 loss=0.201679 lr=4.6e-05
[fit] 0120m/F80k/fresh p1 step=70500/80000 loss=0.198918 lr=4.4e-05
[fit] 0120m/F80k/fresh p1 step=70750/80000 loss=0.196716 lr=4.2e-05
[fit] 0120m/F80k/fresh p1 step=71000/80000 loss=0.200318 lr=4.1e-05
[fit] 0120m/F80k/fresh p1 step=71250/80000 loss=0.195685 lr=3.9e-05
[fit] 0120m/F80k/fresh p1 step=71500/80000 loss=0.195403 lr=3.7e-05
[fit] 0120m/F80k/fresh p1 step=71750/80000 loss=0.202333 lr=3.6e-05
[fit] 0120m/F80k/fresh p1 step=72000/80000 loss=0.200239 lr=3.4e-05
[fit] 0120m/F80k/fresh p1 step=72250/80000 loss=0.202137 lr=3.3e-05
[fit] 0120m/F80k/fresh p1 step=72500/80000 loss=0.195885 lr=3.1e-05
[fit] 0120m/F80k/fresh p1 step=72750/80000 loss=0.198767 lr=3e-05
[fit] 0120m/F80k/fresh p1 step=73000/80000 loss=0.195148 lr=2.9e-05
[fit] 0120m/F80k/fresh p1 step=73250/80000 loss=0.195606 lr=2.7e-05
[fit] 0120m/F80k/fresh p1 step=73500/80000 loss=0.200435 lr=2.6e-05
[fit] 0120m/F80k/fresh p1 step=73750/80000 loss=0.19868 lr=2.5e-05
[fit] 0120m/F80k/fresh p1 step=74000/80000 loss=0.198986 lr=2.4e-05
[fit] 0120m/F80k/fresh p1 step=74250/80000 loss=0.199708 lr=2.3e-05
[fit] 0120m/F80k/fresh p1 step=74500/80000 loss=0.198033 lr=2.2e-05
[fit] 0120m/F80k/fresh p1 step=74750/80000 loss=0.199404 lr=2e-05
[fit] 0120m/F80k/fresh p1 step=75000/80000 loss=0.203598 lr=2e-05
[fit] 0120m/F80k/fresh p1 step=75250/80000 loss=0.200122 lr=1.9e-05
[fit] 0120m/F80k/fresh p1 step=75500/80000 loss=0.200214 lr=1.8e-05
[fit] 0120m/F80k/fresh p1 step=75750/80000 loss=0.199754 lr=1.7e-05
[fit] 0120m/F80k/fresh p1 step=76000/80000 loss=0.207392 lr=1.6e-05
[fit] 0120m/F80k/fresh p1 step=76250/80000 loss=0.196355 lr=1.5e-05
[fit] 0120m/F80k/fresh p1 step=76500/80000 loss=0.199346 lr=1.5e-05
[fit] 0120m/F80k/fresh p1 step=76750/80000 loss=0.199216 lr=1.4e-05
[fit] 0120m/F80k/fresh p1 step=77000/80000 loss=0.198972 lr=1.3e-05
[fit] 0120m/F80k/fresh p1 step=77250/80000 loss=0.192402 lr=1.3e-05
[fit] 0120m/F80k/fresh p1 step=77500/80000 loss=0.194364 lr=1.2e-05
[fit] 0120m/F80k/fresh p1 step=77750/80000 loss=0.199099 lr=1.2e-05
[fit] 0120m/F80k/fresh p1 step=78000/80000 loss=0.197392 lr=1.2e-05
[fit] 0120m/F80k/fresh p1 step=78250/80000 loss=0.201531 lr=1.1e-05
[fit] 0120m/F80k/fresh p1 step=78500/80000 loss=0.193716 lr=1.1e-05
[fit] 0120m/F80k/fresh p1 step=78750/80000 loss=0.20207 lr=1.1e-05
[fit] 0120m/F80k/fresh p1 step=79000/80000 loss=0.192667 lr=1e-05
[fit] 0120m/F80k/fresh p1 step=79250/80000 loss=0.200725 lr=1e-05
[fit] 0120m/F80k/fresh p1 step=79500/80000 loss=0.197971 lr=1e-05
[fit] 0120m/F80k/fresh p1 step=79750/80000 loss=0.198176 lr=1e-05
[fit] 0120m/F80k/fresh p1 step=80000/80000 loss=0.20094 lr=1e-05
[fit] 0120m/F80k/fresh p2 step=40250/80000 loss=0.209675 lr=0.0005
[fit] 0120m/F80k/fresh p2 step=40500/80000 loss=0.212444 lr=0.0005
[fit] 0120m/F80k/fresh p2 step=40750/80000 loss=0.210254 lr=0.00049
[fit] 0120m/F80k/fresh p2 step=41000/80000 loss=0.213377 lr=0.00049
[fit] 0120m/F80k/fresh p2 step=41250/80000 loss=0.20824 lr=0.00048
[fit] 0120m/F80k/fresh p2 step=41500/80000 loss=0.210775 lr=0.00048
[fit] 0120m/F80k/fresh p2 step=41750/80000 loss=0.213026 lr=0.00047
[fit] 0120m/F80k/fresh p2 step=42000/80000 loss=0.210193 lr=0.00047
[fit] 0120m/F80k/fresh p2 step=42250/80000 loss=0.209428 lr=0.00046
[fit] 0120m/F80k/fresh p2 step=42500/80000 loss=0.210104 lr=0.00046
[fit] 0120m/F80k/fresh p2 step=42750/80000 loss=0.206099 lr=0.00045
[fit] 0120m/F80k/fresh p2 step=43000/80000 loss=0.210163 lr=0.00045
[fit] 0120m/F80k/fresh p2 step=43250/80000 loss=0.208654 lr=0.00044
[fit] 0120m/F80k/fresh p2 step=43500/80000 loss=0.208416 lr=0.00044
[fit] 0120m/F80k/fresh p2 step=43750/80000 loss=0.211413 lr=0.00043
[fit] 0120m/F80k/fresh p2 step=44000/80000 loss=0.211264 lr=0.00043
[fit] 0120m/F80k/fresh p2 step=44250/80000 loss=0.209883 lr=0.00042
[fit] 0120m/F80k/fresh p2 step=44500/80000 loss=0.206478 lr=0.00042
[fit] 0120m/F80k/fresh p2 step=44750/80000 loss=0.2067 lr=0.00041
[fit] 0120m/F80k/fresh p2 step=45000/80000 loss=0.212862 lr=0.00041
[fit] 0120m/F80k/fresh p2 step=45250/80000 loss=0.205582 lr=0.0004
[fit] 0120m/F80k/fresh p2 step=45500/80000 loss=0.209117 lr=0.0004
[fit] 0120m/F80k/fresh p2 step=45750/80000 loss=0.215389 lr=0.00039
[fit] 0120m/F80k/fresh p2 step=46000/80000 loss=0.212255 lr=0.00039
[fit] 0120m/F80k/fresh p2 step=46250/80000 loss=0.209061 lr=0.00038
[fit] 0120m/F80k/fresh p2 step=46500/80000 loss=0.205342 lr=0.00038
[fit] 0120m/F80k/fresh p2 step=46750/80000 loss=0.208675 lr=0.00038
[fit] 0120m/F80k/fresh p2 step=47000/80000 loss=0.212168 lr=0.00037
[fit] 0120m/F80k/fresh p2 step=47250/80000 loss=0.209098 lr=0.00037
[fit] 0120m/F80k/fresh p2 step=47500/80000 loss=0.204856 lr=0.00036
[fit] 0120m/F80k/fresh p2 step=47750/80000 loss=0.211835 lr=0.00036
[fit] 0120m/F80k/fresh p2 step=48000/80000 loss=0.207118 lr=0.00035
[fit] 0120m/F80k/fresh p2 step=48250/80000 loss=0.20863 lr=0.00035
[fit] 0120m/F80k/fresh p2 step=48500/80000 loss=0.206035 lr=0.00034
[fit] 0120m/F80k/fresh p2 step=48750/80000 loss=0.206814 lr=0.00034
[fit] 0120m/F80k/fresh p2 step=49000/80000 loss=0.210952 lr=0.00033
[fit] 0120m/F80k/fresh p2 step=49250/80000 loss=0.207215 lr=0.00033
[fit] 0120m/F80k/fresh p2 step=49500/80000 loss=0.203495 lr=0.00032
[fit] 0120m/F80k/fresh p2 step=49750/80000 loss=0.209305 lr=0.00032
[fit] 0120m/F80k/fresh p2 step=50000/80000 loss=0.214526 lr=0.00032
[fit] 0120m/F80k/fresh p2 step=50250/80000 loss=0.21233 lr=0.00031
[fit] 0120m/F80k/fresh p2 step=50500/80000 loss=0.209803 lr=0.00031
[fit] 0120m/F80k/fresh p2 step=50750/80000 loss=0.20454 lr=0.0003
[fit] 0120m/F80k/fresh p2 step=51000/80000 loss=0.209209 lr=0.0003
[fit] 0120m/F80k/fresh p2 step=51250/80000 loss=0.207783 lr=0.00029
[fit] 0120m/F80k/fresh p2 step=51500/80000 loss=0.198485 lr=0.00029
[fit] 0120m/F80k/fresh p2 step=51750/80000 loss=0.211193 lr=0.00028
[fit] 0120m/F80k/fresh p2 step=52000/80000 loss=0.20775 lr=0.00028
[fit] 0120m/F80k/fresh p2 step=52250/80000 loss=0.210936 lr=0.00028
[fit] 0120m/F80k/fresh p2 step=52500/80000 loss=0.2121 lr=0.00027
[fit] 0120m/F80k/fresh p2 step=52750/80000 loss=0.207723 lr=0.00027
[fit] 0120m/F80k/fresh p2 step=53000/80000 loss=0.207399 lr=0.00026
[fit] 0120m/F80k/fresh p2 step=53250/80000 loss=0.214109 lr=0.00026
[fit] 0120m/F80k/fresh p2 step=53500/80000 loss=0.212348 lr=0.00025
[fit] 0120m/F80k/fresh p2 step=53750/80000 loss=0.209029 lr=0.00025
[fit] 0120m/F80k/fresh p2 step=54000/80000 loss=0.208198 lr=0.00025
[fit] 0120m/F80k/fresh p2 step=54250/80000 loss=0.207267 lr=0.00024
[fit] 0120m/F80k/fresh p2 step=54500/80000 loss=0.213161 lr=0.00024
[fit] 0120m/F80k/fresh p2 step=54750/80000 loss=0.205742 lr=0.00023
[fit] 0120m/F80k/fresh p2 step=55000/80000 loss=0.206448 lr=0.00023
[fit] 0120m/F80k/fresh p2 step=55250/80000 loss=0.202499 lr=0.00023
[fit] 0120m/F80k/fresh p2 step=55500/80000 loss=0.207528 lr=0.00022
[fit] 0120m/F80k/fresh p2 step=55750/80000 loss=0.208565 lr=0.00022
[fit] 0120m/F80k/fresh p2 step=56000/80000 loss=0.205096 lr=0.00021
[fit] 0120m/F80k/fresh p2 step=56250/80000 loss=0.21059 lr=0.00021
[fit] 0120m/F80k/fresh p2 step=56500/80000 loss=0.207817 lr=0.00021
[fit] 0120m/F80k/fresh p2 step=56750/80000 loss=0.204823 lr=0.0002
[fit] 0120m/F80k/fresh p2 step=57000/80000 loss=0.212026 lr=0.0002
[fit] 0120m/F80k/fresh p2 step=57250/80000 loss=0.206838 lr=0.00019
[fit] 0120m/F80k/fresh p2 step=57500/80000 loss=0.203004 lr=0.00019
[fit] 0120m/F80k/fresh p2 step=57750/80000 loss=0.206024 lr=0.00019
[fit] 0120m/F80k/fresh p2 step=58000/80000 loss=0.209049 lr=0.00018
[fit] 0120m/F80k/fresh p2 step=58250/80000 loss=0.207243 lr=0.00018
[fit] 0120m/F80k/fresh p2 step=58500/80000 loss=0.202163 lr=0.00018
[fit] 0120m/F80k/fresh p2 step=58750/80000 loss=0.208677 lr=0.00017
[fit] 0120m/F80k/fresh p2 step=59000/80000 loss=0.204573 lr=0.00017
[fit] 0120m/F80k/fresh p2 step=59250/80000 loss=0.211665 lr=0.00017
[fit] 0120m/F80k/fresh p2 step=59500/80000 loss=0.200489 lr=0.00016
[fit] 0120m/F80k/fresh p2 step=59750/80000 loss=0.21308 lr=0.00016
[fit] 0120m/F80k/fresh p2 step=60000/80000 loss=0.201814 lr=0.00015
[fit] 0120m/F80k/fresh p2 step=60250/80000 loss=0.20779 lr=0.00015
[fit] 0120m/F80k/fresh p2 step=60500/80000 loss=0.204656 lr=0.00015
[fit] 0120m/F80k/fresh p2 step=60750/80000 loss=0.202524 lr=0.00014
[fit] 0120m/F80k/fresh p2 step=61000/80000 loss=0.209881 lr=0.00014
[fit] 0120m/F80k/fresh p2 step=61250/80000 loss=0.209651 lr=0.00014
[fit] 0120m/F80k/fresh p2 step=61500/80000 loss=0.20967 lr=0.00013
[fit] 0120m/F80k/fresh p2 step=61750/80000 loss=0.205876 lr=0.00013
[fit] 0120m/F80k/fresh p2 step=62000/80000 loss=0.209672 lr=0.00013
[fit] 0120m/F80k/fresh p2 step=62250/80000 loss=0.209106 lr=0.00013
[fit] 0120m/F80k/fresh p2 step=62500/80000 loss=0.209496 lr=0.00012
[fit] 0120m/F80k/fresh p2 step=62750/80000 loss=0.215639 lr=0.00012
[fit] 0120m/F80k/fresh p2 step=63000/80000 loss=0.212142 lr=0.00012
[fit] 0120m/F80k/fresh p2 step=63250/80000 loss=0.209761 lr=0.00011
[fit] 0120m/F80k/fresh p2 step=63500/80000 loss=0.210087 lr=0.00011
[fit] 0120m/F80k/fresh p2 step=63750/80000 loss=0.206819 lr=0.00011
[fit] 0120m/F80k/fresh p2 step=64000/80000 loss=0.205224 lr=0.0001
[fit] 0120m/F80k/fresh p2 step=64250/80000 loss=0.204505 lr=0.0001
[fit] 0120m/F80k/fresh p2 step=64500/80000 loss=0.209631 lr=9.9e-05
[fit] 0120m/F80k/fresh p2 step=64750/80000 loss=0.205612 lr=9.6e-05
[fit] 0120m/F80k/fresh p2 step=65000/80000 loss=0.20896 lr=9.3e-05
[fit] 0120m/F80k/fresh p2 step=65250/80000 loss=0.208952 lr=9.1e-05
[fit] 0120m/F80k/fresh p2 step=65500/80000 loss=0.211032 lr=8.8e-05
[fit] 0120m/F80k/fresh p2 step=65750/80000 loss=0.210665 lr=8.6e-05
[fit] 0120m/F80k/fresh p2 step=66000/80000 loss=0.203217 lr=8.3e-05
[fit] 0120m/F80k/fresh p2 step=66250/80000 loss=0.204094 lr=8e-05
[fit] 0120m/F80k/fresh p2 step=66500/80000 loss=0.211331 lr=7.8e-05
[fit] 0120m/F80k/fresh p2 step=66750/80000 loss=0.210251 lr=7.6e-05
[fit] 0120m/F80k/fresh p2 step=67000/80000 loss=0.20664 lr=7.3e-05
[fit] 0120m/F80k/fresh p2 step=67250/80000 loss=0.206051 lr=7.1e-05
[fit] 0120m/F80k/fresh p2 step=67500/80000 loss=0.212252 lr=6.8e-05
[fit] 0120m/F80k/fresh p2 step=67750/80000 loss=0.217541 lr=6.6e-05
[fit] 0120m/F80k/fresh p2 step=68000/80000 loss=0.205994 lr=6.4e-05
[fit] 0120m/F80k/fresh p2 step=68250/80000 loss=0.208119 lr=6.2e-05
[fit] 0120m/F80k/fresh p2 step=68500/80000 loss=0.204798 lr=6e-05
[fit] 0120m/F80k/fresh p2 step=68750/80000 loss=0.210803 lr=5.8e-05
[fit] 0120m/F80k/fresh p2 step=69000/80000 loss=0.21257 lr=5.5e-05
[fit] 0120m/F80k/fresh p2 step=69250/80000 loss=0.206677 lr=5.3e-05
[fit] 0120m/F80k/fresh p2 step=69500/80000 loss=0.210899 lr=5.1e-05
[fit] 0120m/F80k/fresh p2 step=69750/80000 loss=0.206773 lr=5e-05
[fit] 0120m/F80k/fresh p2 step=70000/80000 loss=0.208842 lr=4.8e-05
[fit] 0120m/F80k/fresh p2 step=70250/80000 loss=0.201197 lr=4.6e-05
[fit] 0120m/F80k/fresh p2 step=70500/80000 loss=0.20699 lr=4.4e-05
[fit] 0120m/F80k/fresh p2 step=70750/80000 loss=0.213372 lr=4.2e-05
[fit] 0120m/F80k/fresh p2 step=71000/80000 loss=0.206153 lr=4.1e-05
[fit] 0120m/F80k/fresh p2 step=71250/80000 loss=0.211594 lr=3.9e-05
[fit] 0120m/F80k/fresh p2 step=71500/80000 loss=0.206848 lr=3.7e-05
[fit] 0120m/F80k/fresh p2 step=71750/80000 loss=0.209833 lr=3.6e-05
[fit] 0120m/F80k/fresh p2 step=72000/80000 loss=0.209754 lr=3.4e-05
[fit] 0120m/F80k/fresh p2 step=72250/80000 loss=0.21301 lr=3.3e-05
[fit] 0120m/F80k/fresh p2 step=72500/80000 loss=0.202508 lr=3.1e-05
[fit] 0120m/F80k/fresh p2 step=72750/80000 loss=0.205721 lr=3e-05
[fit] 0120m/F80k/fresh p2 step=73000/80000 loss=0.210502 lr=2.9e-05
[fit] 0120m/F80k/fresh p2 step=73250/80000 loss=0.204866 lr=2.7e-05
[fit] 0120m/F80k/fresh p2 step=73500/80000 loss=0.212899 lr=2.6e-05
[fit] 0120m/F80k/fresh p2 step=73750/80000 loss=0.211862 lr=2.5e-05
[fit] 0120m/F80k/fresh p2 step=74000/80000 loss=0.21125 lr=2.4e-05
[fit] 0120m/F80k/fresh p2 step=74250/80000 loss=0.208867 lr=2.3e-05
[fit] 0120m/F80k/fresh p2 step=74500/80000 loss=0.197 lr=2.2e-05
[fit] 0120m/F80k/fresh p2 step=74750/80000 loss=0.203361 lr=2e-05
[fit] 0120m/F80k/fresh p2 step=75000/80000 loss=0.210599 lr=2e-05
[fit] 0120m/F80k/fresh p2 step=75250/80000 loss=0.208491 lr=1.9e-05
[fit] 0120m/F80k/fresh p2 step=75500/80000 loss=0.204246 lr=1.8e-05
[fit] 0120m/F80k/fresh p2 step=75750/80000 loss=0.208439 lr=1.7e-05
[fit] 0120m/F80k/fresh p2 step=76000/80000 loss=0.20757 lr=1.6e-05
[fit] 0120m/F80k/fresh p2 step=76250/80000 loss=0.205823 lr=1.5e-05
[fit] 0120m/F80k/fresh p2 step=76500/80000 loss=0.211284 lr=1.5e-05
[fit] 0120m/F80k/fresh p2 step=76750/80000 loss=0.207824 lr=1.4e-05
[fit] 0120m/F80k/fresh p2 step=77000/80000 loss=0.206419 lr=1.3e-05
[fit] 0120m/F80k/fresh p2 step=77250/80000 loss=0.211197 lr=1.3e-05
[fit] 0120m/F80k/fresh p2 step=77500/80000 loss=0.202881 lr=1.2e-05
[fit] 0120m/F80k/fresh p2 step=77750/80000 loss=0.202333 lr=1.2e-05
[fit] 0120m/F80k/fresh p2 step=78000/80000 loss=0.203088 lr=1.2e-05
[fit] 0120m/F80k/fresh p2 step=78250/80000 loss=0.208026 lr=1.1e-05
[fit] 0120m/F80k/fresh p2 step=78500/80000 loss=0.21498 lr=1.1e-05
[fit] 0120m/F80k/fresh p2 step=78750/80000 loss=0.216583 lr=1.1e-05
[fit] 0120m/F80k/fresh p2 step=79000/80000 loss=0.203932 lr=1e-05
[fit] 0120m/F80k/fresh p2 step=79250/80000 loss=0.205026 lr=1e-05
[fit] 0120m/F80k/fresh p2 step=79500/80000 loss=0.208558 lr=1e-05
[fit] 0120m/F80k/fresh p2 step=79750/80000 loss=0.211996 lr=1e-05
[fit] 0120m/F80k/fresh p2 step=80000/80000 loss=0.209573 lr=1e-05
[eval] 0120m/F80k/fresh/80000 exploitability=0.00347626 eval_s=18.8
[arm] 0120m/X/exact seed=17031 batch=16384 loss=cross_entropy fitted=0 cuda_free_gib=2.21
[fit] 0120m/X/exact p1 step=250/40000 loss=0.267214 lr=0.001
[fit] 0120m/X/exact p1 step=500/40000 loss=0.218804 lr=0.001
[fit] 0120m/X/exact p1 step=750/40000 loss=0.206359 lr=0.001
[fit] 0120m/X/exact p1 step=1000/40000 loss=0.196776 lr=0.001
[fit] 0120m/X/exact p1 step=1250/40000 loss=0.205688 lr=0.001
[fit] 0120m/X/exact p1 step=1500/40000 loss=0.198394 lr=0.001
[fit] 0120m/X/exact p1 step=1750/40000 loss=0.198274 lr=0.001
[fit] 0120m/X/exact p1 step=2000/40000 loss=0.198254 lr=0.00099
[fit] 0120m/X/exact p1 step=2250/40000 loss=0.200612 lr=0.00099
[fit] 0120m/X/exact p1 step=2500/40000 loss=0.195991 lr=0.00099
[fit] 0120m/X/exact p1 step=2750/40000 loss=0.189661 lr=0.00099
[fit] 0120m/X/exact p1 step=3000/40000 loss=0.198099 lr=0.00099
[fit] 0120m/X/exact p1 step=3250/40000 loss=0.196578 lr=0.00098
[fit] 0120m/X/exact p1 step=3500/40000 loss=0.19195 lr=0.00098
[fit] 0120m/X/exact p1 step=3750/40000 loss=0.19475 lr=0.00098
[fit] 0120m/X/exact p1 step=4000/40000 loss=0.192941 lr=0.00098
[fit] 0120m/X/exact p1 step=4250/40000 loss=0.194427 lr=0.00097
[fit] 0120m/X/exact p1 step=4500/40000 loss=0.195019 lr=0.00097
[fit] 0120m/X/exact p1 step=4750/40000 loss=0.195131 lr=0.00097
[fit] 0120m/X/exact p1 step=5000/40000 loss=0.194761 lr=0.00096
[fit] 0120m/X/exact p1 step=5250/40000 loss=0.197646 lr=0.00096
[fit] 0120m/X/exact p1 step=5500/40000 loss=0.193085 lr=0.00095
[fit] 0120m/X/exact p1 step=5750/40000 loss=0.195508 lr=0.00095
[fit] 0120m/X/exact p1 step=6000/40000 loss=0.192717 lr=0.00095
[fit] 0120m/X/exact p1 step=6250/40000 loss=0.190769 lr=0.00094
[fit] 0120m/X/exact p1 step=6500/40000 loss=0.194924 lr=0.00094
[fit] 0120m/X/exact p1 step=6750/40000 loss=0.193452 lr=0.00093
[fit] 0120m/X/exact p1 step=7000/40000 loss=0.192812 lr=0.00093
[fit] 0120m/X/exact p1 step=7250/40000 loss=0.193016 lr=0.00092
[fit] 0120m/X/exact p1 step=7500/40000 loss=0.200409 lr=0.00092
[fit] 0120m/X/exact p1 step=7750/40000 loss=0.191664 lr=0.00091
[fit] 0120m/X/exact p1 step=8000/40000 loss=0.191835 lr=0.00091
[fit] 0120m/X/exact p1 step=8250/40000 loss=0.192576 lr=0.0009
[fit] 0120m/X/exact p1 step=8500/40000 loss=0.190445 lr=0.00089
[fit] 0120m/X/exact p1 step=8750/40000 loss=0.19232 lr=0.00089
[fit] 0120m/X/exact p1 step=9000/40000 loss=0.194414 lr=0.00088
[fit] 0120m/X/exact p1 step=9250/40000 loss=0.195993 lr=0.00088
[fit] 0120m/X/exact p1 step=9500/40000 loss=0.19224 lr=0.00087
[fit] 0120m/X/exact p1 step=9750/40000 loss=0.191409 lr=0.00086
[fit] 0120m/X/exact p1 step=10000/40000 loss=0.197334 lr=0.00086
[fit] 0120m/X/exact p2 step=250/40000 loss=0.340184 lr=0.001
[fit] 0120m/X/exact p2 step=500/40000 loss=0.286658 lr=0.001
[fit] 0120m/X/exact p2 step=750/40000 loss=0.266587 lr=0.001
[fit] 0120m/X/exact p2 step=1000/40000 loss=0.260149 lr=0.001
[fit] 0120m/X/exact p2 step=1250/40000 loss=0.252042 lr=0.001
[fit] 0120m/X/exact p2 step=1500/40000 loss=0.245029 lr=0.001
[fit] 0120m/X/exact p2 step=1750/40000 loss=0.239916 lr=0.001
[fit] 0120m/X/exact p2 step=2000/40000 loss=0.241592 lr=0.00099
[fit] 0120m/X/exact p2 step=2250/40000 loss=0.235399 lr=0.00099
[fit] 0120m/X/exact p2 step=2500/40000 loss=0.237451 lr=0.00099
[fit] 0120m/X/exact p2 step=2750/40000 loss=0.235573 lr=0.00099
[fit] 0120m/X/exact p2 step=3000/40000 loss=0.23234 lr=0.00099
[fit] 0120m/X/exact p2 step=3250/40000 loss=0.231876 lr=0.00098
[fit] 0120m/X/exact p2 step=3500/40000 loss=0.2232 lr=0.00098
[fit] 0120m/X/exact p2 step=3750/40000 loss=0.228414 lr=0.00098
[fit] 0120m/X/exact p2 step=4000/40000 loss=0.229562 lr=0.00098
[fit] 0120m/X/exact p2 step=4250/40000 loss=0.22893 lr=0.00097
[fit] 0120m/X/exact p2 step=4500/40000 loss=0.232192 lr=0.00097
[fit] 0120m/X/exact p2 step=4750/40000 loss=0.235475 lr=0.00097
[fit] 0120m/X/exact p2 step=5000/40000 loss=0.230081 lr=0.00096
[fit] 0120m/X/exact p2 step=5250/40000 loss=0.22867 lr=0.00096
[fit] 0120m/X/exact p2 step=5500/40000 loss=0.229314 lr=0.00095
[fit] 0120m/X/exact p2 step=5750/40000 loss=0.228239 lr=0.00095
[fit] 0120m/X/exact p2 step=6000/40000 loss=0.23204 lr=0.00095
[fit] 0120m/X/exact p2 step=6250/40000 loss=0.223436 lr=0.00094
[fit] 0120m/X/exact p2 step=6500/40000 loss=0.227523 lr=0.00094
[fit] 0120m/X/exact p2 step=6750/40000 loss=0.228448 lr=0.00093
[fit] 0120m/X/exact p2 step=7000/40000 loss=0.229408 lr=0.00093
[fit] 0120m/X/exact p2 step=7250/40000 loss=0.22788 lr=0.00092
[fit] 0120m/X/exact p2 step=7500/40000 loss=0.228368 lr=0.00092
[fit] 0120m/X/exact p2 step=7750/40000 loss=0.22656 lr=0.00091
[fit] 0120m/X/exact p2 step=8000/40000 loss=0.226019 lr=0.00091
[fit] 0120m/X/exact p2 step=8250/40000 loss=0.228326 lr=0.0009
[fit] 0120m/X/exact p2 step=8500/40000 loss=0.232298 lr=0.00089
[fit] 0120m/X/exact p2 step=8750/40000 loss=0.226887 lr=0.00089
[fit] 0120m/X/exact p2 step=9000/40000 loss=0.224857 lr=0.00088
[fit] 0120m/X/exact p2 step=9250/40000 loss=0.227031 lr=0.00088
[fit] 0120m/X/exact p2 step=9500/40000 loss=0.2283 lr=0.00087
[fit] 0120m/X/exact p2 step=9750/40000 loss=0.226507 lr=0.00086
[fit] 0120m/X/exact p2 step=10000/40000 loss=0.22542 lr=0.00086
[eval] 0120m/X/exact/10000 exploitability=0.00715171 eval_s=19.6
[fit] 0120m/X/exact p1 step=10250/40000 loss=0.195737 lr=0.00085
[fit] 0120m/X/exact p1 step=10500/40000 loss=0.197281 lr=0.00084
[fit] 0120m/X/exact p1 step=10750/40000 loss=0.194088 lr=0.00083
[fit] 0120m/X/exact p1 step=11000/40000 loss=0.192151 lr=0.00083
[fit] 0120m/X/exact p1 step=11250/40000 loss=0.194649 lr=0.00082
[fit] 0120m/X/exact p1 step=11500/40000 loss=0.194553 lr=0.00081
[fit] 0120m/X/exact p1 step=11750/40000 loss=0.193656 lr=0.0008
[fit] 0120m/X/exact p1 step=12000/40000 loss=0.195106 lr=0.0008
[fit] 0120m/X/exact p1 step=12250/40000 loss=0.199913 lr=0.00079
[fit] 0120m/X/exact p1 step=12500/40000 loss=0.193115 lr=0.00078
[fit] 0120m/X/exact p1 step=12750/40000 loss=0.192439 lr=0.00077
[fit] 0120m/X/exact p1 step=13000/40000 loss=0.193869 lr=0.00076
[fit] 0120m/X/exact p1 step=13250/40000 loss=0.197248 lr=0.00076
[fit] 0120m/X/exact p1 step=13500/40000 loss=0.197542 lr=0.00075
[fit] 0120m/X/exact p1 step=13750/40000 loss=0.192629 lr=0.00074
[fit] 0120m/X/exact p1 step=14000/40000 loss=0.19234 lr=0.00073
[fit] 0120m/X/exact p1 step=14250/40000 loss=0.193575 lr=0.00072
[fit] 0120m/X/exact p1 step=14500/40000 loss=0.195018 lr=0.00071
[fit] 0120m/X/exact p1 step=14750/40000 loss=0.194555 lr=0.0007
[fit] 0120m/X/exact p1 step=15000/40000 loss=0.194866 lr=0.00069
[fit] 0120m/X/exact p1 step=15250/40000 loss=0.19605 lr=0.00069
[fit] 0120m/X/exact p1 step=15500/40000 loss=0.196751 lr=0.00068
[fit] 0120m/X/exact p1 step=15750/40000 loss=0.196084 lr=0.00067
[fit] 0120m/X/exact p1 step=16000/40000 loss=0.192411 lr=0.00066
[fit] 0120m/X/exact p1 step=16250/40000 loss=0.19774 lr=0.00065
[fit] 0120m/X/exact p1 step=16500/40000 loss=0.192364 lr=0.00064
[fit] 0120m/X/exact p1 step=16750/40000 loss=0.194642 lr=0.00063
[fit] 0120m/X/exact p1 step=17000/40000 loss=0.197201 lr=0.00062
[fit] 0120m/X/exact p1 step=17250/40000 loss=0.19628 lr=0.00061
[fit] 0120m/X/exact p1 step=17500/40000 loss=0.197176 lr=0.0006
[fit] 0120m/X/exact p1 step=17750/40000 loss=0.194618 lr=0.00059
[fit] 0120m/X/exact p1 step=18000/40000 loss=0.193359 lr=0.00058
[fit] 0120m/X/exact p1 step=18250/40000 loss=0.192473 lr=0.00057
[fit] 0120m/X/exact p1 step=18500/40000 loss=0.194223 lr=0.00056
[fit] 0120m/X/exact p1 step=18750/40000 loss=0.19229 lr=0.00055
[fit] 0120m/X/exact p1 step=19000/40000 loss=0.193744 lr=0.00054
[fit] 0120m/X/exact p1 step=19250/40000 loss=0.195375 lr=0.00053
[fit] 0120m/X/exact p1 step=19500/40000 loss=0.190396 lr=0.00052
[fit] 0120m/X/exact p1 step=19750/40000 loss=0.192939 lr=0.00051
[fit] 0120m/X/exact p1 step=20000/40000 loss=0.194542 lr=0.00051
[fit] 0120m/X/exact p2 step=10250/40000 loss=0.224241 lr=0.00085
[fit] 0120m/X/exact p2 step=10500/40000 loss=0.228932 lr=0.00084
[fit] 0120m/X/exact p2 step=10750/40000 loss=0.227979 lr=0.00083
[fit] 0120m/X/exact p2 step=11000/40000 loss=0.226967 lr=0.00083
[fit] 0120m/X/exact p2 step=11250/40000 loss=0.228672 lr=0.00082
[fit] 0120m/X/exact p2 step=11500/40000 loss=0.222444 lr=0.00081
[fit] 0120m/X/exact p2 step=11750/40000 loss=0.224379 lr=0.0008
[fit] 0120m/X/exact p2 step=12000/40000 loss=0.226143 lr=0.0008
[fit] 0120m/X/exact p2 step=12250/40000 loss=0.223583 lr=0.00079
[fit] 0120m/X/exact p2 step=12500/40000 loss=0.227089 lr=0.00078
[fit] 0120m/X/exact p2 step=12750/40000 loss=0.219874 lr=0.00077
[fit] 0120m/X/exact p2 step=13000/40000 loss=0.22618 lr=0.00076
[fit] 0120m/X/exact p2 step=13250/40000 loss=0.224721 lr=0.00076
[fit] 0120m/X/exact p2 step=13500/40000 loss=0.222441 lr=0.00075
[fit] 0120m/X/exact p2 step=13750/40000 loss=0.225618 lr=0.00074
[fit] 0120m/X/exact p2 step=14000/40000 loss=0.223338 lr=0.00073
[fit] 0120m/X/exact p2 step=14250/40000 loss=0.222574 lr=0.00072
[fit] 0120m/X/exact p2 step=14500/40000 loss=0.220694 lr=0.00071
[fit] 0120m/X/exact p2 step=14750/40000 loss=0.223712 lr=0.0007
[fit] 0120m/X/exact p2 step=15000/40000 loss=0.225788 lr=0.00069
[fit] 0120m/X/exact p2 step=15250/40000 loss=0.224401 lr=0.00069
[fit] 0120m/X/exact p2 step=15500/40000 loss=0.230522 lr=0.00068
[fit] 0120m/X/exact p2 step=15750/40000 loss=0.226661 lr=0.00067
[fit] 0120m/X/exact p2 step=16000/40000 loss=0.228398 lr=0.00066
[fit] 0120m/X/exact p2 step=16250/40000 loss=0.224037 lr=0.00065
[fit] 0120m/X/exact p2 step=16500/40000 loss=0.220933 lr=0.00064
[fit] 0120m/X/exact p2 step=16750/40000 loss=0.224002 lr=0.00063
[fit] 0120m/X/exact p2 step=17000/40000 loss=0.221698 lr=0.00062
[fit] 0120m/X/exact p2 step=17250/40000 loss=0.221713 lr=0.00061
[fit] 0120m/X/exact p2 step=17500/40000 loss=0.223589 lr=0.0006
[fit] 0120m/X/exact p2 step=17750/40000 loss=0.229709 lr=0.00059
[fit] 0120m/X/exact p2 step=18000/40000 loss=0.224661 lr=0.00058
[fit] 0120m/X/exact p2 step=18250/40000 loss=0.22403 lr=0.00057
[fit] 0120m/X/exact p2 step=18500/40000 loss=0.232984 lr=0.00056
[fit] 0120m/X/exact p2 step=18750/40000 loss=0.223092 lr=0.00055
[fit] 0120m/X/exact p2 step=19000/40000 loss=0.230638 lr=0.00054
[fit] 0120m/X/exact p2 step=19250/40000 loss=0.228231 lr=0.00053
[fit] 0120m/X/exact p2 step=19500/40000 loss=0.228109 lr=0.00052
[fit] 0120m/X/exact p2 step=19750/40000 loss=0.220738 lr=0.00051
[fit] 0120m/X/exact p2 step=20000/40000 loss=0.222426 lr=0.00051
[eval] 0120m/X/exact/20000 exploitability=0.00352884 eval_s=20.0
[fit] 0120m/X/exact p1 step=20250/40000 loss=0.191362 lr=0.0005
[fit] 0120m/X/exact p1 step=20500/40000 loss=0.189461 lr=0.00049
[fit] 0120m/X/exact p1 step=20750/40000 loss=0.192187 lr=0.00048
[fit] 0120m/X/exact p1 step=21000/40000 loss=0.197096 lr=0.00047
[fit] 0120m/X/exact p1 step=21250/40000 loss=0.18953 lr=0.00046
[fit] 0120m/X/exact p1 step=21500/40000 loss=0.196143 lr=0.00045
[fit] 0120m/X/exact p1 step=21750/40000 loss=0.192431 lr=0.00044
[fit] 0120m/X/exact p1 step=22000/40000 loss=0.193355 lr=0.00043
[fit] 0120m/X/exact p1 step=22250/40000 loss=0.193796 lr=0.00042
[fit] 0120m/X/exact p1 step=22500/40000 loss=0.194112 lr=0.00041
[fit] 0120m/X/exact p1 step=22750/40000 loss=0.195884 lr=0.0004
[fit] 0120m/X/exact p1 step=23000/40000 loss=0.192357 lr=0.00039
[fit] 0120m/X/exact p1 step=23250/40000 loss=0.193382 lr=0.00038
[fit] 0120m/X/exact p1 step=23500/40000 loss=0.195838 lr=0.00037
[fit] 0120m/X/exact p1 step=23750/40000 loss=0.194034 lr=0.00036
[fit] 0120m/X/exact p1 step=24000/40000 loss=0.193163 lr=0.00035
[fit] 0120m/X/exact p1 step=24250/40000 loss=0.192379 lr=0.00034
[fit] 0120m/X/exact p1 step=24500/40000 loss=0.188149 lr=0.00033
[fit] 0120m/X/exact p1 step=24750/40000 loss=0.192861 lr=0.00032
[fit] 0120m/X/exact p1 step=25000/40000 loss=0.19554 lr=0.00032
[fit] 0120m/X/exact p1 step=25250/40000 loss=0.1908 lr=0.00031
[fit] 0120m/X/exact p1 step=25500/40000 loss=0.193598 lr=0.0003
[fit] 0120m/X/exact p1 step=25750/40000 loss=0.192261 lr=0.00029
[fit] 0120m/X/exact p1 step=26000/40000 loss=0.19202 lr=0.00028
[fit] 0120m/X/exact p1 step=26250/40000 loss=0.195263 lr=0.00027
[fit] 0120m/X/exact p1 step=26500/40000 loss=0.200078 lr=0.00026
[fit] 0120m/X/exact p1 step=26750/40000 loss=0.189618 lr=0.00025
[fit] 0120m/X/exact p1 step=27000/40000 loss=0.190589 lr=0.00025
[fit] 0120m/X/exact p1 step=27250/40000 loss=0.195127 lr=0.00024
[fit] 0120m/X/exact p1 step=27500/40000 loss=0.19183 lr=0.00023
[fit] 0120m/X/exact p1 step=27750/40000 loss=0.192104 lr=0.00022
[fit] 0120m/X/exact p1 step=28000/40000 loss=0.191851 lr=0.00021
[fit] 0120m/X/exact p1 step=28250/40000 loss=0.192224 lr=0.00021
[fit] 0120m/X/exact p1 step=28500/40000 loss=0.189119 lr=0.0002
[fit] 0120m/X/exact p1 step=28750/40000 loss=0.194086 lr=0.00019
[fit] 0120m/X/exact p1 step=29000/40000 loss=0.195156 lr=0.00018
[fit] 0120m/X/exact p1 step=29250/40000 loss=0.191318 lr=0.00018
[fit] 0120m/X/exact p1 step=29500/40000 loss=0.192431 lr=0.00017
[fit] 0120m/X/exact p1 step=29750/40000 loss=0.194417 lr=0.00016
[fit] 0120m/X/exact p1 step=30000/40000 loss=0.192485 lr=0.00015
[fit] 0120m/X/exact p1 step=30250/40000 loss=0.19712 lr=0.00015
[fit] 0120m/X/exact p1 step=30500/40000 loss=0.196217 lr=0.00014
[fit] 0120m/X/exact p1 step=30750/40000 loss=0.194231 lr=0.00013
[fit] 0120m/X/exact p1 step=31000/40000 loss=0.193436 lr=0.00013
[fit] 0120m/X/exact p1 step=31250/40000 loss=0.196756 lr=0.00012
[fit] 0120m/X/exact p1 step=31500/40000 loss=0.1911 lr=0.00012
[fit] 0120m/X/exact p1 step=31750/40000 loss=0.191004 lr=0.00011
[fit] 0120m/X/exact p1 step=32000/40000 loss=0.196715 lr=0.0001
[fit] 0120m/X/exact p1 step=32250/40000 loss=0.195762 lr=9.9e-05
[fit] 0120m/X/exact p1 step=32500/40000 loss=0.196901 lr=9.3e-05
[fit] 0120m/X/exact p1 step=32750/40000 loss=0.190803 lr=8.8e-05
[fit] 0120m/X/exact p1 step=33000/40000 loss=0.192979 lr=8.3e-05
[fit] 0120m/X/exact p1 step=33250/40000 loss=0.192998 lr=7.8e-05
[fit] 0120m/X/exact p1 step=33500/40000 loss=0.195815 lr=7.3e-05
[fit] 0120m/X/exact p1 step=33750/40000 loss=0.194844 lr=6.8e-05
[fit] 0120m/X/exact p1 step=34000/40000 loss=0.193768 lr=6.4e-05
[fit] 0120m/X/exact p1 step=34250/40000 loss=0.191834 lr=6e-05
[fit] 0120m/X/exact p1 step=34500/40000 loss=0.195674 lr=5.5e-05
[fit] 0120m/X/exact p1 step=34750/40000 loss=0.194008 lr=5.1e-05
[fit] 0120m/X/exact p1 step=35000/40000 loss=0.191334 lr=4.8e-05
[fit] 0120m/X/exact p1 step=35250/40000 loss=0.189463 lr=4.4e-05
[fit] 0120m/X/exact p1 step=35500/40000 loss=0.195697 lr=4.1e-05
[fit] 0120m/X/exact p1 step=35750/40000 loss=0.19547 lr=3.7e-05
[fit] 0120m/X/exact p1 step=36000/40000 loss=0.193841 lr=3.4e-05
[fit] 0120m/X/exact p1 step=36250/40000 loss=0.196406 lr=3.1e-05
[fit] 0120m/X/exact p1 step=36500/40000 loss=0.19648 lr=2.9e-05
[fit] 0120m/X/exact p1 step=36750/40000 loss=0.190202 lr=2.6e-05
[fit] 0120m/X/exact p1 step=37000/40000 loss=0.199367 lr=2.4e-05
[fit] 0120m/X/exact p1 step=37250/40000 loss=0.194419 lr=2.2e-05
[fit] 0120m/X/exact p1 step=37500/40000 loss=0.191136 lr=2e-05
[fit] 0120m/X/exact p1 step=37750/40000 loss=0.19769 lr=1.8e-05
[fit] 0120m/X/exact p1 step=38000/40000 loss=0.193017 lr=1.6e-05
[fit] 0120m/X/exact p1 step=38250/40000 loss=0.194097 lr=1.5e-05
[fit] 0120m/X/exact p1 step=38500/40000 loss=0.198295 lr=1.3e-05
[fit] 0120m/X/exact p1 step=38750/40000 loss=0.197968 lr=1.2e-05
[fit] 0120m/X/exact p1 step=39000/40000 loss=0.193833 lr=1.2e-05
[fit] 0120m/X/exact p1 step=39250/40000 loss=0.194857 lr=1.1e-05
[fit] 0120m/X/exact p1 step=39500/40000 loss=0.193136 lr=1e-05
[fit] 0120m/X/exact p1 step=39750/40000 loss=0.193783 lr=1e-05
[fit] 0120m/X/exact p1 step=40000/40000 loss=0.195892 lr=1e-05
[fit] 0120m/X/exact p2 step=20250/40000 loss=0.221045 lr=0.0005
[fit] 0120m/X/exact p2 step=20500/40000 loss=0.222917 lr=0.00049
[fit] 0120m/X/exact p2 step=20750/40000 loss=0.223873 lr=0.00048
[fit] 0120m/X/exact p2 step=21000/40000 loss=0.227388 lr=0.00047
[fit] 0120m/X/exact p2 step=21250/40000 loss=0.227809 lr=0.00046
[fit] 0120m/X/exact p2 step=21500/40000 loss=0.226189 lr=0.00045
[fit] 0120m/X/exact p2 step=21750/40000 loss=0.225352 lr=0.00044
[fit] 0120m/X/exact p2 step=22000/40000 loss=0.227687 lr=0.00043
[fit] 0120m/X/exact p2 step=22250/40000 loss=0.221771 lr=0.00042
[fit] 0120m/X/exact p2 step=22500/40000 loss=0.233886 lr=0.00041
[fit] 0120m/X/exact p2 step=22750/40000 loss=0.224008 lr=0.0004
[fit] 0120m/X/exact p2 step=23000/40000 loss=0.222619 lr=0.00039
[fit] 0120m/X/exact p2 step=23250/40000 loss=0.228606 lr=0.00038
[fit] 0120m/X/exact p2 step=23500/40000 loss=0.2198 lr=0.00037
[fit] 0120m/X/exact p2 step=23750/40000 loss=0.226775 lr=0.00036
[fit] 0120m/X/exact p2 step=24000/40000 loss=0.225158 lr=0.00035
[fit] 0120m/X/exact p2 step=24250/40000 loss=0.224082 lr=0.00034
[fit] 0120m/X/exact p2 step=24500/40000 loss=0.225789 lr=0.00033
[fit] 0120m/X/exact p2 step=24750/40000 loss=0.219993 lr=0.00032
[fit] 0120m/X/exact p2 step=25000/40000 loss=0.226144 lr=0.00032
[fit] 0120m/X/exact p2 step=25250/40000 loss=0.227559 lr=0.00031
[fit] 0120m/X/exact p2 step=25500/40000 loss=0.220356 lr=0.0003
[fit] 0120m/X/exact p2 step=25750/40000 loss=0.2226 lr=0.00029
[fit] 0120m/X/exact p2 step=26000/40000 loss=0.230417 lr=0.00028
[fit] 0120m/X/exact p2 step=26250/40000 loss=0.224033 lr=0.00027
[fit] 0120m/X/exact p2 step=26500/40000 loss=0.226124 lr=0.00026
[fit] 0120m/X/exact p2 step=26750/40000 loss=0.225894 lr=0.00025
[fit] 0120m/X/exact p2 step=27000/40000 loss=0.222409 lr=0.00025
[fit] 0120m/X/exact p2 step=27250/40000 loss=0.227257 lr=0.00024
[fit] 0120m/X/exact p2 step=27500/40000 loss=0.225214 lr=0.00023
[fit] 0120m/X/exact p2 step=27750/40000 loss=0.224174 lr=0.00022
[fit] 0120m/X/exact p2 step=28000/40000 loss=0.227526 lr=0.00021
[fit] 0120m/X/exact p2 step=28250/40000 loss=0.2214 lr=0.00021
[fit] 0120m/X/exact p2 step=28500/40000 loss=0.219115 lr=0.0002
[fit] 0120m/X/exact p2 step=28750/40000 loss=0.219705 lr=0.00019
[fit] 0120m/X/exact p2 step=29000/40000 loss=0.223858 lr=0.00018
[fit] 0120m/X/exact p2 step=29250/40000 loss=0.221427 lr=0.00018
[fit] 0120m/X/exact p2 step=29500/40000 loss=0.22281 lr=0.00017
[fit] 0120m/X/exact p2 step=29750/40000 loss=0.223658 lr=0.00016
[fit] 0120m/X/exact p2 step=30000/40000 loss=0.225567 lr=0.00015
[fit] 0120m/X/exact p2 step=30250/40000 loss=0.223177 lr=0.00015
[fit] 0120m/X/exact p2 step=30500/40000 loss=0.221688 lr=0.00014
[fit] 0120m/X/exact p2 step=30750/40000 loss=0.225554 lr=0.00013
[fit] 0120m/X/exact p2 step=31000/40000 loss=0.219736 lr=0.00013
[fit] 0120m/X/exact p2 step=31250/40000 loss=0.229435 lr=0.00012
[fit] 0120m/X/exact p2 step=31500/40000 loss=0.225041 lr=0.00012
[fit] 0120m/X/exact p2 step=31750/40000 loss=0.224672 lr=0.00011
[fit] 0120m/X/exact p2 step=32000/40000 loss=0.226014 lr=0.0001
[fit] 0120m/X/exact p2 step=32250/40000 loss=0.223765 lr=9.9e-05
[fit] 0120m/X/exact p2 step=32500/40000 loss=0.222359 lr=9.3e-05
[fit] 0120m/X/exact p2 step=32750/40000 loss=0.231656 lr=8.8e-05
[fit] 0120m/X/exact p2 step=33000/40000 loss=0.220638 lr=8.3e-05
[fit] 0120m/X/exact p2 step=33250/40000 loss=0.22216 lr=7.8e-05
[fit] 0120m/X/exact p2 step=33500/40000 loss=0.225867 lr=7.3e-05
[fit] 0120m/X/exact p2 step=33750/40000 loss=0.2226 lr=6.8e-05
[fit] 0120m/X/exact p2 step=34000/40000 loss=0.224267 lr=6.4e-05
[fit] 0120m/X/exact p2 step=34250/40000 loss=0.221966 lr=6e-05
[fit] 0120m/X/exact p2 step=34500/40000 loss=0.232115 lr=5.5e-05
[fit] 0120m/X/exact p2 step=34750/40000 loss=0.219541 lr=5.1e-05
[fit] 0120m/X/exact p2 step=35000/40000 loss=0.226325 lr=4.8e-05
[fit] 0120m/X/exact p2 step=35250/40000 loss=0.228561 lr=4.4e-05
[fit] 0120m/X/exact p2 step=35500/40000 loss=0.222261 lr=4.1e-05
[fit] 0120m/X/exact p2 step=35750/40000 loss=0.226256 lr=3.7e-05
[fit] 0120m/X/exact p2 step=36000/40000 loss=0.228449 lr=3.4e-05
[fit] 0120m/X/exact p2 step=36250/40000 loss=0.223623 lr=3.1e-05
[fit] 0120m/X/exact p2 step=36500/40000 loss=0.219777 lr=2.9e-05
[fit] 0120m/X/exact p2 step=36750/40000 loss=0.222185 lr=2.6e-05
[fit] 0120m/X/exact p2 step=37000/40000 loss=0.223481 lr=2.4e-05
[fit] 0120m/X/exact p2 step=37250/40000 loss=0.224512 lr=2.2e-05
[fit] 0120m/X/exact p2 step=37500/40000 loss=0.220821 lr=2e-05
[fit] 0120m/X/exact p2 step=37750/40000 loss=0.2183 lr=1.8e-05
[fit] 0120m/X/exact p2 step=38000/40000 loss=0.223345 lr=1.6e-05
[fit] 0120m/X/exact p2 step=38250/40000 loss=0.225593 lr=1.5e-05
[fit] 0120m/X/exact p2 step=38500/40000 loss=0.224076 lr=1.3e-05
[fit] 0120m/X/exact p2 step=38750/40000 loss=0.22977 lr=1.2e-05
[fit] 0120m/X/exact p2 step=39000/40000 loss=0.227953 lr=1.2e-05
[fit] 0120m/X/exact p2 step=39250/40000 loss=0.219837 lr=1.1e-05
[fit] 0120m/X/exact p2 step=39500/40000 loss=0.225851 lr=1e-05
[fit] 0120m/X/exact p2 step=39750/40000 loss=0.223178 lr=1e-05
[fit] 0120m/X/exact p2 step=40000/40000 loss=0.226592 lr=1e-05
[eval] 0120m/X/exact/40000 exploitability=0.00294507 eval_s=18.9
[source done] 0120m iteration=3988
[arm] 0030m/R5k_seed17032/warm_reset seed=17032 batch=16384 loss=cross_entropy fitted=0 cuda_free_gib=2.21
[fit] 0030m/R5k_seed17032/warm_reset p1 step=250/5000 loss=0.20498 lr=0.00099
[fit] 0030m/R5k_seed17032/warm_reset p1 step=500/5000 loss=0.212198 lr=0.00098
[fit] 0030m/R5k_seed17032/warm_reset p1 step=750/5000 loss=0.20778 lr=0.00095
[fit] 0030m/R5k_seed17032/warm_reset p1 step=1000/5000 loss=0.206134 lr=0.00091
[fit] 0030m/R5k_seed17032/warm_reset p1 step=1250/5000 loss=0.20542 lr=0.00086
[fit] 0030m/R5k_seed17032/warm_reset p1 step=1500/5000 loss=0.205925 lr=0.0008
[fit] 0030m/R5k_seed17032/warm_reset p1 step=1750/5000 loss=0.205909 lr=0.00073
[fit] 0030m/R5k_seed17032/warm_reset p1 step=2000/5000 loss=0.205282 lr=0.00066
[fit] 0030m/R5k_seed17032/warm_reset p1 step=2250/5000 loss=0.206199 lr=0.00058
[fit] 0030m/R5k_seed17032/warm_reset p1 step=2500/5000 loss=0.202667 lr=0.00051
[fit] 0030m/R5k_seed17032/warm_reset p1 step=2750/5000 loss=0.208518 lr=0.00043
[fit] 0030m/R5k_seed17032/warm_reset p1 step=3000/5000 loss=0.206865 lr=0.00035
[fit] 0030m/R5k_seed17032/warm_reset p1 step=3250/5000 loss=0.21009 lr=0.00028
[fit] 0030m/R5k_seed17032/warm_reset p1 step=3500/5000 loss=0.210126 lr=0.00021
[fit] 0030m/R5k_seed17032/warm_reset p1 step=3750/5000 loss=0.201796 lr=0.00016
[fit] 0030m/R5k_seed17032/warm_reset p1 step=4000/5000 loss=0.208342 lr=0.0001
[fit] 0030m/R5k_seed17032/warm_reset p1 step=4250/5000 loss=0.202795 lr=6.4e-05
[fit] 0030m/R5k_seed17032/warm_reset p1 step=4500/5000 loss=0.204144 lr=3.4e-05
[fit] 0030m/R5k_seed17032/warm_reset p1 step=4750/5000 loss=0.206796 lr=1.6e-05
[fit] 0030m/R5k_seed17032/warm_reset p1 step=5000/5000 loss=0.208073 lr=1e-05
[fit] 0030m/R5k_seed17032/warm_reset p2 step=250/5000 loss=0.236115 lr=0.00099
[fit] 0030m/R5k_seed17032/warm_reset p2 step=500/5000 loss=0.233317 lr=0.00098
[fit] 0030m/R5k_seed17032/warm_reset p2 step=750/5000 loss=0.236085 lr=0.00095
[fit] 0030m/R5k_seed17032/warm_reset p2 step=1000/5000 loss=0.230705 lr=0.00091
[fit] 0030m/R5k_seed17032/warm_reset p2 step=1250/5000 loss=0.227551 lr=0.00086
[fit] 0030m/R5k_seed17032/warm_reset p2 step=1500/5000 loss=0.228047 lr=0.0008
[fit] 0030m/R5k_seed17032/warm_reset p2 step=1750/5000 loss=0.229908 lr=0.00073
[fit] 0030m/R5k_seed17032/warm_reset p2 step=2000/5000 loss=0.227309 lr=0.00066
[fit] 0030m/R5k_seed17032/warm_reset p2 step=2250/5000 loss=0.226965 lr=0.00058
[fit] 0030m/R5k_seed17032/warm_reset p2 step=2500/5000 loss=0.224193 lr=0.00051
[fit] 0030m/R5k_seed17032/warm_reset p2 step=2750/5000 loss=0.226238 lr=0.00043
[fit] 0030m/R5k_seed17032/warm_reset p2 step=3000/5000 loss=0.226718 lr=0.00035
[fit] 0030m/R5k_seed17032/warm_reset p2 step=3250/5000 loss=0.225943 lr=0.00028
[fit] 0030m/R5k_seed17032/warm_reset p2 step=3500/5000 loss=0.225231 lr=0.00021
[fit] 0030m/R5k_seed17032/warm_reset p2 step=3750/5000 loss=0.225205 lr=0.00016
[fit] 0030m/R5k_seed17032/warm_reset p2 step=4000/5000 loss=0.224282 lr=0.0001
[fit] 0030m/R5k_seed17032/warm_reset p2 step=4250/5000 loss=0.228772 lr=6.4e-05
[fit] 0030m/R5k_seed17032/warm_reset p2 step=4500/5000 loss=0.221241 lr=3.4e-05
[fit] 0030m/R5k_seed17032/warm_reset p2 step=4750/5000 loss=0.228691 lr=1.6e-05
[fit] 0030m/R5k_seed17032/warm_reset p2 step=5000/5000 loss=0.230092 lr=1e-05
[eval] 0030m/R5k_seed17032/warm_reset/5000 exploitability=0.00588612 eval_s=19.2
[arm] 0030m/R5k_seed17033/warm_reset seed=17033 batch=16384 loss=cross_entropy fitted=0 cuda_free_gib=2.21
[fit] 0030m/R5k_seed17033/warm_reset p1 step=250/5000 loss=0.207329 lr=0.00099
[fit] 0030m/R5k_seed17033/warm_reset p1 step=500/5000 loss=0.206133 lr=0.00098
[fit] 0030m/R5k_seed17033/warm_reset p1 step=750/5000 loss=0.208499 lr=0.00095
[fit] 0030m/R5k_seed17033/warm_reset p1 step=1000/5000 loss=0.205175 lr=0.00091
[fit] 0030m/R5k_seed17033/warm_reset p1 step=1250/5000 loss=0.204509 lr=0.00086
[fit] 0030m/R5k_seed17033/warm_reset p1 step=1500/5000 loss=0.206047 lr=0.0008
[fit] 0030m/R5k_seed17033/warm_reset p1 step=1750/5000 loss=0.206903 lr=0.00073
[fit] 0030m/R5k_seed17033/warm_reset p1 step=2000/5000 loss=0.209492 lr=0.00066
[fit] 0030m/R5k_seed17033/warm_reset p1 step=2250/5000 loss=0.209029 lr=0.00058
[fit] 0030m/R5k_seed17033/warm_reset p1 step=2500/5000 loss=0.206857 lr=0.00051
[fit] 0030m/R5k_seed17033/warm_reset p1 step=2750/5000 loss=0.203397 lr=0.00043
[fit] 0030m/R5k_seed17033/warm_reset p1 step=3000/5000 loss=0.206196 lr=0.00035
[fit] 0030m/R5k_seed17033/warm_reset p1 step=3250/5000 loss=0.199607 lr=0.00028
[fit] 0030m/R5k_seed17033/warm_reset p1 step=3500/5000 loss=0.206524 lr=0.00021
[fit] 0030m/R5k_seed17033/warm_reset p1 step=3750/5000 loss=0.206354 lr=0.00016
[fit] 0030m/R5k_seed17033/warm_reset p1 step=4000/5000 loss=0.211761 lr=0.0001
[fit] 0030m/R5k_seed17033/warm_reset p1 step=4250/5000 loss=0.203373 lr=6.4e-05
[fit] 0030m/R5k_seed17033/warm_reset p1 step=4500/5000 loss=0.20407 lr=3.4e-05
[fit] 0030m/R5k_seed17033/warm_reset p1 step=4750/5000 loss=0.201609 lr=1.6e-05
[fit] 0030m/R5k_seed17033/warm_reset p1 step=5000/5000 loss=0.206832 lr=1e-05
[fit] 0030m/R5k_seed17033/warm_reset p2 step=250/5000 loss=0.232811 lr=0.00099
[fit] 0030m/R5k_seed17033/warm_reset p2 step=500/5000 loss=0.235497 lr=0.00098
[fit] 0030m/R5k_seed17033/warm_reset p2 step=750/5000 loss=0.233072 lr=0.00095
[fit] 0030m/R5k_seed17033/warm_reset p2 step=1000/5000 loss=0.230927 lr=0.00091
[fit] 0030m/R5k_seed17033/warm_reset p2 step=1250/5000 loss=0.229365 lr=0.00086
[fit] 0030m/R5k_seed17033/warm_reset p2 step=1500/5000 loss=0.235502 lr=0.0008
[fit] 0030m/R5k_seed17033/warm_reset p2 step=1750/5000 loss=0.230808 lr=0.00073
[fit] 0030m/R5k_seed17033/warm_reset p2 step=2000/5000 loss=0.226737 lr=0.00066
[fit] 0030m/R5k_seed17033/warm_reset p2 step=2250/5000 loss=0.224962 lr=0.00058
[fit] 0030m/R5k_seed17033/warm_reset p2 step=2500/5000 loss=0.224475 lr=0.00051
[fit] 0030m/R5k_seed17033/warm_reset p2 step=2750/5000 loss=0.235858 lr=0.00043
[fit] 0030m/R5k_seed17033/warm_reset p2 step=3000/5000 loss=0.229571 lr=0.00035
[fit] 0030m/R5k_seed17033/warm_reset p2 step=3250/5000 loss=0.223399 lr=0.00028
[fit] 0030m/R5k_seed17033/warm_reset p2 step=3500/5000 loss=0.230831 lr=0.00021
[fit] 0030m/R5k_seed17033/warm_reset p2 step=3750/5000 loss=0.224307 lr=0.00016
[fit] 0030m/R5k_seed17033/warm_reset p2 step=4000/5000 loss=0.226676 lr=0.0001
[fit] 0030m/R5k_seed17033/warm_reset p2 step=4250/5000 loss=0.224901 lr=6.4e-05
[fit] 0030m/R5k_seed17033/warm_reset p2 step=4500/5000 loss=0.228782 lr=3.4e-05
[fit] 0030m/R5k_seed17033/warm_reset p2 step=4750/5000 loss=0.228805 lr=1.6e-05
[fit] 0030m/R5k_seed17033/warm_reset p2 step=5000/5000 loss=0.218099 lr=1e-05
[eval] 0030m/R5k_seed17033/warm_reset/5000 exploitability=0.00634135 eval_s=18.8
[arm] 0030m/F40k_seed17032/fresh seed=17032 batch=16384 loss=cross_entropy fitted=0 cuda_free_gib=2.21
[fit] 0030m/F40k_seed17032/fresh p1 step=250/40000 loss=0.274939 lr=0.001
[fit] 0030m/F40k_seed17032/fresh p1 step=500/40000 loss=0.234852 lr=0.001
[fit] 0030m/F40k_seed17032/fresh p1 step=750/40000 loss=0.218904 lr=0.001
[fit] 0030m/F40k_seed17032/fresh p1 step=1000/40000 loss=0.213718 lr=0.001
[fit] 0030m/F40k_seed17032/fresh p1 step=1250/40000 loss=0.210336 lr=0.001
[fit] 0030m/F40k_seed17032/fresh p1 step=1500/40000 loss=0.210734 lr=0.001
[fit] 0030m/F40k_seed17032/fresh p1 step=1750/40000 loss=0.209168 lr=0.001
[fit] 0030m/F40k_seed17032/fresh p1 step=2000/40000 loss=0.208587 lr=0.00099
[fit] 0030m/F40k_seed17032/fresh p1 step=2250/40000 loss=0.209398 lr=0.00099
[fit] 0030m/F40k_seed17032/fresh p1 step=2500/40000 loss=0.205056 lr=0.00099
[fit] 0030m/F40k_seed17032/fresh p1 step=2750/40000 loss=0.210383 lr=0.00099
[fit] 0030m/F40k_seed17032/fresh p1 step=3000/40000 loss=0.209096 lr=0.00099
[fit] 0030m/F40k_seed17032/fresh p1 step=3250/40000 loss=0.211868 lr=0.00098
[fit] 0030m/F40k_seed17032/fresh p1 step=3500/40000 loss=0.21147 lr=0.00098
[fit] 0030m/F40k_seed17032/fresh p1 step=3750/40000 loss=0.20336 lr=0.00098
[fit] 0030m/F40k_seed17032/fresh p1 step=4000/40000 loss=0.209711 lr=0.00098
[fit] 0030m/F40k_seed17032/fresh p1 step=4250/40000 loss=0.20417 lr=0.00097
[fit] 0030m/F40k_seed17032/fresh p1 step=4500/40000 loss=0.205417 lr=0.00097
[fit] 0030m/F40k_seed17032/fresh p1 step=4750/40000 loss=0.208058 lr=0.00097
[fit] 0030m/F40k_seed17032/fresh p1 step=5000/40000 loss=0.209139 lr=0.00096
[fit] 0030m/F40k_seed17032/fresh p1 step=5250/40000 loss=0.206522 lr=0.00096
[fit] 0030m/F40k_seed17032/fresh p1 step=5500/40000 loss=0.211515 lr=0.00095
[fit] 0030m/F40k_seed17032/fresh p1 step=5750/40000 loss=0.203749 lr=0.00095
[fit] 0030m/F40k_seed17032/fresh p1 step=6000/40000 loss=0.201632 lr=0.00095
[fit] 0030m/F40k_seed17032/fresh p1 step=6250/40000 loss=0.205356 lr=0.00094
[fit] 0030m/F40k_seed17032/fresh p1 step=6500/40000 loss=0.206428 lr=0.00094
[fit] 0030m/F40k_seed17032/fresh p1 step=6750/40000 loss=0.211362 lr=0.00093
[fit] 0030m/F40k_seed17032/fresh p1 step=7000/40000 loss=0.199894 lr=0.00093
[fit] 0030m/F40k_seed17032/fresh p1 step=7250/40000 loss=0.206903 lr=0.00092
[fit] 0030m/F40k_seed17032/fresh p1 step=7500/40000 loss=0.203461 lr=0.00092
[fit] 0030m/F40k_seed17032/fresh p1 step=7750/40000 loss=0.208382 lr=0.00091
[fit] 0030m/F40k_seed17032/fresh p1 step=8000/40000 loss=0.205142 lr=0.00091
[fit] 0030m/F40k_seed17032/fresh p1 step=8250/40000 loss=0.208289 lr=0.0009
[fit] 0030m/F40k_seed17032/fresh p1 step=8500/40000 loss=0.204273 lr=0.00089
[fit] 0030m/F40k_seed17032/fresh p1 step=8750/40000 loss=0.209433 lr=0.00089
[fit] 0030m/F40k_seed17032/fresh p1 step=9000/40000 loss=0.208356 lr=0.00088
[fit] 0030m/F40k_seed17032/fresh p1 step=9250/40000 loss=0.200113 lr=0.00088
[fit] 0030m/F40k_seed17032/fresh p1 step=9500/40000 loss=0.205833 lr=0.00087
[fit] 0030m/F40k_seed17032/fresh p1 step=9750/40000 loss=0.207566 lr=0.00086
[fit] 0030m/F40k_seed17032/fresh p1 step=10000/40000 loss=0.20462 lr=0.00086
[fit] 0030m/F40k_seed17032/fresh p1 step=10250/40000 loss=0.202111 lr=0.00085
[fit] 0030m/F40k_seed17032/fresh p1 step=10500/40000 loss=0.212791 lr=0.00084
[fit] 0030m/F40k_seed17032/fresh p1 step=10750/40000 loss=0.205842 lr=0.00083
[fit] 0030m/F40k_seed17032/fresh p1 step=11000/40000 loss=0.203247 lr=0.00083
[fit] 0030m/F40k_seed17032/fresh p1 step=11250/40000 loss=0.204741 lr=0.00082
[fit] 0030m/F40k_seed17032/fresh p1 step=11500/40000 loss=0.20674 lr=0.00081
[fit] 0030m/F40k_seed17032/fresh p1 step=11750/40000 loss=0.203717 lr=0.0008
[fit] 0030m/F40k_seed17032/fresh p1 step=12000/40000 loss=0.203112 lr=0.0008
[fit] 0030m/F40k_seed17032/fresh p1 step=12250/40000 loss=0.207339 lr=0.00079
[fit] 0030m/F40k_seed17032/fresh p1 step=12500/40000 loss=0.210044 lr=0.00078
[fit] 0030m/F40k_seed17032/fresh p1 step=12750/40000 loss=0.207728 lr=0.00077
[fit] 0030m/F40k_seed17032/fresh p1 step=13000/40000 loss=0.206284 lr=0.00076
[fit] 0030m/F40k_seed17032/fresh p1 step=13250/40000 loss=0.203137 lr=0.00076
[fit] 0030m/F40k_seed17032/fresh p1 step=13500/40000 loss=0.206289 lr=0.00075
[fit] 0030m/F40k_seed17032/fresh p1 step=13750/40000 loss=0.204635 lr=0.00074
[fit] 0030m/F40k_seed17032/fresh p1 step=14000/40000 loss=0.204506 lr=0.00073
[fit] 0030m/F40k_seed17032/fresh p1 step=14250/40000 loss=0.204595 lr=0.00072
[fit] 0030m/F40k_seed17032/fresh p1 step=14500/40000 loss=0.207341 lr=0.00071
[fit] 0030m/F40k_seed17032/fresh p1 step=14750/40000 loss=0.203309 lr=0.0007
[fit] 0030m/F40k_seed17032/fresh p1 step=15000/40000 loss=0.206983 lr=0.00069
[fit] 0030m/F40k_seed17032/fresh p1 step=15250/40000 loss=0.202965 lr=0.00069
[fit] 0030m/F40k_seed17032/fresh p1 step=15500/40000 loss=0.203693 lr=0.00068
[fit] 0030m/F40k_seed17032/fresh p1 step=15750/40000 loss=0.205161 lr=0.00067
[fit] 0030m/F40k_seed17032/fresh p1 step=16000/40000 loss=0.208118 lr=0.00066
[fit] 0030m/F40k_seed17032/fresh p1 step=16250/40000 loss=0.2041 lr=0.00065
[fit] 0030m/F40k_seed17032/fresh p1 step=16500/40000 loss=0.208348 lr=0.00064
[fit] 0030m/F40k_seed17032/fresh p1 step=16750/40000 loss=0.204871 lr=0.00063
[fit] 0030m/F40k_seed17032/fresh p1 step=17000/40000 loss=0.206023 lr=0.00062
[fit] 0030m/F40k_seed17032/fresh p1 step=17250/40000 loss=0.207943 lr=0.00061
[fit] 0030m/F40k_seed17032/fresh p1 step=17500/40000 loss=0.211135 lr=0.0006
[fit] 0030m/F40k_seed17032/fresh p1 step=17750/40000 loss=0.202794 lr=0.00059
[fit] 0030m/F40k_seed17032/fresh p1 step=18000/40000 loss=0.208589 lr=0.00058
[fit] 0030m/F40k_seed17032/fresh p1 step=18250/40000 loss=0.207693 lr=0.00057
[fit] 0030m/F40k_seed17032/fresh p1 step=18500/40000 loss=0.204682 lr=0.00056
[fit] 0030m/F40k_seed17032/fresh p1 step=18750/40000 loss=0.201152 lr=0.00055
[fit] 0030m/F40k_seed17032/fresh p1 step=19000/40000 loss=0.201831 lr=0.00054
[fit] 0030m/F40k_seed17032/fresh p1 step=19250/40000 loss=0.209981 lr=0.00053
[fit] 0030m/F40k_seed17032/fresh p1 step=19500/40000 loss=0.207909 lr=0.00052
[fit] 0030m/F40k_seed17032/fresh p1 step=19750/40000 loss=0.209735 lr=0.00051
[fit] 0030m/F40k_seed17032/fresh p1 step=20000/40000 loss=0.203771 lr=0.00051
[fit] 0030m/F40k_seed17032/fresh p1 step=20250/40000 loss=0.200171 lr=0.0005
[fit] 0030m/F40k_seed17032/fresh p1 step=20500/40000 loss=0.207558 lr=0.00049
[fit] 0030m/F40k_seed17032/fresh p1 step=20750/40000 loss=0.204453 lr=0.00048
[fit] 0030m/F40k_seed17032/fresh p1 step=21000/40000 loss=0.201426 lr=0.00047
[fit] 0030m/F40k_seed17032/fresh p1 step=21250/40000 loss=0.206646 lr=0.00046
[fit] 0030m/F40k_seed17032/fresh p1 step=21500/40000 loss=0.206925 lr=0.00045
[fit] 0030m/F40k_seed17032/fresh p1 step=21750/40000 loss=0.206842 lr=0.00044
[fit] 0030m/F40k_seed17032/fresh p1 step=22000/40000 loss=0.209687 lr=0.00043
[fit] 0030m/F40k_seed17032/fresh p1 step=22250/40000 loss=0.206709 lr=0.00042
[fit] 0030m/F40k_seed17032/fresh p1 step=22500/40000 loss=0.200668 lr=0.00041
[fit] 0030m/F40k_seed17032/fresh p1 step=22750/40000 loss=0.20179 lr=0.0004
[fit] 0030m/F40k_seed17032/fresh p1 step=23000/40000 loss=0.201321 lr=0.00039
[fit] 0030m/F40k_seed17032/fresh p1 step=23250/40000 loss=0.205161 lr=0.00038
[fit] 0030m/F40k_seed17032/fresh p1 step=23500/40000 loss=0.20589 lr=0.00037
[fit] 0030m/F40k_seed17032/fresh p1 step=23750/40000 loss=0.202464 lr=0.00036
[fit] 0030m/F40k_seed17032/fresh p1 step=24000/40000 loss=0.210245 lr=0.00035
[fit] 0030m/F40k_seed17032/fresh p1 step=24250/40000 loss=0.204549 lr=0.00034
[fit] 0030m/F40k_seed17032/fresh p1 step=24500/40000 loss=0.208091 lr=0.00033
[fit] 0030m/F40k_seed17032/fresh p1 step=24750/40000 loss=0.202506 lr=0.00032
[fit] 0030m/F40k_seed17032/fresh p1 step=25000/40000 loss=0.201984 lr=0.00032
[fit] 0030m/F40k_seed17032/fresh p1 step=25250/40000 loss=0.203048 lr=0.00031
[fit] 0030m/F40k_seed17032/fresh p1 step=25500/40000 loss=0.211306 lr=0.0003
[fit] 0030m/F40k_seed17032/fresh p1 step=25750/40000 loss=0.209813 lr=0.00029
[fit] 0030m/F40k_seed17032/fresh p1 step=26000/40000 loss=0.204366 lr=0.00028
[fit] 0030m/F40k_seed17032/fresh p1 step=26250/40000 loss=0.205728 lr=0.00027
[fit] 0030m/F40k_seed17032/fresh p1 step=26500/40000 loss=0.20908 lr=0.00026
[fit] 0030m/F40k_seed17032/fresh p1 step=26750/40000 loss=0.205343 lr=0.00025
[fit] 0030m/F40k_seed17032/fresh p1 step=27000/40000 loss=0.204696 lr=0.00025
[fit] 0030m/F40k_seed17032/fresh p1 step=27250/40000 loss=0.205124 lr=0.00024
[fit] 0030m/F40k_seed17032/fresh p1 step=27500/40000 loss=0.208768 lr=0.00023
[fit] 0030m/F40k_seed17032/fresh p1 step=27750/40000 loss=0.206691 lr=0.00022
[fit] 0030m/F40k_seed17032/fresh p1 step=28000/40000 loss=0.210021 lr=0.00021
[fit] 0030m/F40k_seed17032/fresh p1 step=28250/40000 loss=0.20991 lr=0.00021
[fit] 0030m/F40k_seed17032/fresh p1 step=28500/40000 loss=0.209477 lr=0.0002
[fit] 0030m/F40k_seed17032/fresh p1 step=28750/40000 loss=0.206707 lr=0.00019
[fit] 0030m/F40k_seed17032/fresh p1 step=29000/40000 loss=0.203893 lr=0.00018
[fit] 0030m/F40k_seed17032/fresh p1 step=29250/40000 loss=0.201263 lr=0.00018
[fit] 0030m/F40k_seed17032/fresh p1 step=29500/40000 loss=0.206716 lr=0.00017
[fit] 0030m/F40k_seed17032/fresh p1 step=29750/40000 loss=0.205795 lr=0.00016
[fit] 0030m/F40k_seed17032/fresh p1 step=30000/40000 loss=0.203 lr=0.00015
[fit] 0030m/F40k_seed17032/fresh p1 step=30250/40000 loss=0.206778 lr=0.00015
[fit] 0030m/F40k_seed17032/fresh p1 step=30500/40000 loss=0.208934 lr=0.00014
[fit] 0030m/F40k_seed17032/fresh p1 step=30750/40000 loss=0.207608 lr=0.00013
[fit] 0030m/F40k_seed17032/fresh p1 step=31000/40000 loss=0.202704 lr=0.00013
[fit] 0030m/F40k_seed17032/fresh p1 step=31250/40000 loss=0.201313 lr=0.00012
[fit] 0030m/F40k_seed17032/fresh p1 step=31500/40000 loss=0.20553 lr=0.00012
[fit] 0030m/F40k_seed17032/fresh p1 step=31750/40000 loss=0.201546 lr=0.00011
[fit] 0030m/F40k_seed17032/fresh p1 step=32000/40000 loss=0.204935 lr=0.0001
[fit] 0030m/F40k_seed17032/fresh p1 step=32250/40000 loss=0.205485 lr=9.9e-05
[fit] 0030m/F40k_seed17032/fresh p1 step=32500/40000 loss=0.198372 lr=9.3e-05
[fit] 0030m/F40k_seed17032/fresh p1 step=32750/40000 loss=0.198189 lr=8.8e-05
[fit] 0030m/F40k_seed17032/fresh p1 step=33000/40000 loss=0.209682 lr=8.3e-05
[fit] 0030m/F40k_seed17032/fresh p1 step=33250/40000 loss=0.208907 lr=7.8e-05
[fit] 0030m/F40k_seed17032/fresh p1 step=33500/40000 loss=0.205914 lr=7.3e-05
[fit] 0030m/F40k_seed17032/fresh p1 step=33750/40000 loss=0.208808 lr=6.8e-05
[fit] 0030m/F40k_seed17032/fresh p1 step=34000/40000 loss=0.20886 lr=6.4e-05
[fit] 0030m/F40k_seed17032/fresh p1 step=34250/40000 loss=0.205565 lr=6e-05
[fit] 0030m/F40k_seed17032/fresh p1 step=34500/40000 loss=0.208453 lr=5.5e-05
[fit] 0030m/F40k_seed17032/fresh p1 step=34750/40000 loss=0.208922 lr=5.1e-05
[fit] 0030m/F40k_seed17032/fresh p1 step=35000/40000 loss=0.208636 lr=4.8e-05
[fit] 0030m/F40k_seed17032/fresh p1 step=35250/40000 loss=0.201201 lr=4.4e-05
[fit] 0030m/F40k_seed17032/fresh p1 step=35500/40000 loss=0.206705 lr=4.1e-05
[fit] 0030m/F40k_seed17032/fresh p1 step=35750/40000 loss=0.20437 lr=3.7e-05
[fit] 0030m/F40k_seed17032/fresh p1 step=36000/40000 loss=0.206868 lr=3.4e-05
[fit] 0030m/F40k_seed17032/fresh p1 step=36250/40000 loss=0.206721 lr=3.1e-05
[fit] 0030m/F40k_seed17032/fresh p1 step=36500/40000 loss=0.204812 lr=2.9e-05
[fit] 0030m/F40k_seed17032/fresh p1 step=36750/40000 loss=0.20386 lr=2.6e-05
[fit] 0030m/F40k_seed17032/fresh p1 step=37000/40000 loss=0.208293 lr=2.4e-05
[fit] 0030m/F40k_seed17032/fresh p1 step=37250/40000 loss=0.217663 lr=2.2e-05
[fit] 0030m/F40k_seed17032/fresh p1 step=37500/40000 loss=0.20547 lr=2e-05
[fit] 0030m/F40k_seed17032/fresh p1 step=37750/40000 loss=0.207097 lr=1.8e-05
[fit] 0030m/F40k_seed17032/fresh p1 step=38000/40000 loss=0.202694 lr=1.6e-05
[fit] 0030m/F40k_seed17032/fresh p1 step=38250/40000 loss=0.199601 lr=1.5e-05
[fit] 0030m/F40k_seed17032/fresh p1 step=38500/40000 loss=0.21016 lr=1.3e-05
[fit] 0030m/F40k_seed17032/fresh p1 step=38750/40000 loss=0.213848 lr=1.2e-05
[fit] 0030m/F40k_seed17032/fresh p1 step=39000/40000 loss=0.20655 lr=1.2e-05
[fit] 0030m/F40k_seed17032/fresh p1 step=39250/40000 loss=0.205582 lr=1.1e-05
[fit] 0030m/F40k_seed17032/fresh p1 step=39500/40000 loss=0.201544 lr=1e-05
[fit] 0030m/F40k_seed17032/fresh p1 step=39750/40000 loss=0.206664 lr=1e-05
[fit] 0030m/F40k_seed17032/fresh p1 step=40000/40000 loss=0.203934 lr=1e-05
[fit] 0030m/F40k_seed17032/fresh p2 step=250/40000 loss=0.33469 lr=0.001
[fit] 0030m/F40k_seed17032/fresh p2 step=500/40000 loss=0.286061 lr=0.001
[fit] 0030m/F40k_seed17032/fresh p2 step=750/40000 loss=0.269641 lr=0.001
[fit] 0030m/F40k_seed17032/fresh p2 step=1000/40000 loss=0.266028 lr=0.001
[fit] 0030m/F40k_seed17032/fresh p2 step=1250/40000 loss=0.253004 lr=0.001
[fit] 0030m/F40k_seed17032/fresh p2 step=1500/40000 loss=0.247093 lr=0.001
[fit] 0030m/F40k_seed17032/fresh p2 step=1750/40000 loss=0.242351 lr=0.001
[fit] 0030m/F40k_seed17032/fresh p2 step=2000/40000 loss=0.241373 lr=0.00099
[fit] 0030m/F40k_seed17032/fresh p2 step=2250/40000 loss=0.243225 lr=0.00099
[fit] 0030m/F40k_seed17032/fresh p2 step=2500/40000 loss=0.237792 lr=0.00099
[fit] 0030m/F40k_seed17032/fresh p2 step=2750/40000 loss=0.245402 lr=0.00099
[fit] 0030m/F40k_seed17032/fresh p2 step=3000/40000 loss=0.230469 lr=0.00099
[fit] 0030m/F40k_seed17032/fresh p2 step=3250/40000 loss=0.23662 lr=0.00098
[fit] 0030m/F40k_seed17032/fresh p2 step=3500/40000 loss=0.239182 lr=0.00098
[fit] 0030m/F40k_seed17032/fresh p2 step=3750/40000 loss=0.239014 lr=0.00098
[fit] 0030m/F40k_seed17032/fresh p2 step=4000/40000 loss=0.230821 lr=0.00098
[fit] 0030m/F40k_seed17032/fresh p2 step=4250/40000 loss=0.234227 lr=0.00097
[fit] 0030m/F40k_seed17032/fresh p2 step=4500/40000 loss=0.234868 lr=0.00097
[fit] 0030m/F40k_seed17032/fresh p2 step=4750/40000 loss=0.230811 lr=0.00097
[fit] 0030m/F40k_seed17032/fresh p2 step=5000/40000 loss=0.226074 lr=0.00096
[fit] 0030m/F40k_seed17032/fresh p2 step=5250/40000 loss=0.232868 lr=0.00096
[fit] 0030m/F40k_seed17032/fresh p2 step=5500/40000 loss=0.230662 lr=0.00095
[fit] 0030m/F40k_seed17032/fresh p2 step=5750/40000 loss=0.228215 lr=0.00095
[fit] 0030m/F40k_seed17032/fresh p2 step=6000/40000 loss=0.231016 lr=0.00095
[fit] 0030m/F40k_seed17032/fresh p2 step=6250/40000 loss=0.220232 lr=0.00094
[fit] 0030m/F40k_seed17032/fresh p2 step=6500/40000 loss=0.233822 lr=0.00094
[fit] 0030m/F40k_seed17032/fresh p2 step=6750/40000 loss=0.229588 lr=0.00093
[fit] 0030m/F40k_seed17032/fresh p2 step=7000/40000 loss=0.230483 lr=0.00093
[fit] 0030m/F40k_seed17032/fresh p2 step=7250/40000 loss=0.231655 lr=0.00092
[fit] 0030m/F40k_seed17032/fresh p2 step=7500/40000 loss=0.231104 lr=0.00092
[fit] 0030m/F40k_seed17032/fresh p2 step=7750/40000 loss=0.226554 lr=0.00091
[fit] 0030m/F40k_seed17032/fresh p2 step=8000/40000 loss=0.229418 lr=0.00091
[fit] 0030m/F40k_seed17032/fresh p2 step=8250/40000 loss=0.22783 lr=0.0009
[fit] 0030m/F40k_seed17032/fresh p2 step=8500/40000 loss=0.228947 lr=0.00089
[fit] 0030m/F40k_seed17032/fresh p2 step=8750/40000 loss=0.228747 lr=0.00089
[fit] 0030m/F40k_seed17032/fresh p2 step=9000/40000 loss=0.232602 lr=0.00088
[fit] 0030m/F40k_seed17032/fresh p2 step=9250/40000 loss=0.232265 lr=0.00088
[fit] 0030m/F40k_seed17032/fresh p2 step=9500/40000 loss=0.226383 lr=0.00087
[fit] 0030m/F40k_seed17032/fresh p2 step=9750/40000 loss=0.222867 lr=0.00086
[fit] 0030m/F40k_seed17032/fresh p2 step=10000/40000 loss=0.231624 lr=0.00086
[fit] 0030m/F40k_seed17032/fresh p2 step=10250/40000 loss=0.230425 lr=0.00085
[fit] 0030m/F40k_seed17032/fresh p2 step=10500/40000 loss=0.215889 lr=0.00084
[fit] 0030m/F40k_seed17032/fresh p2 step=10750/40000 loss=0.227628 lr=0.00083
[fit] 0030m/F40k_seed17032/fresh p2 step=11000/40000 loss=0.224061 lr=0.00083
[fit] 0030m/F40k_seed17032/fresh p2 step=11250/40000 loss=0.237418 lr=0.00082
[fit] 0030m/F40k_seed17032/fresh p2 step=11500/40000 loss=0.228148 lr=0.00081
[fit] 0030m/F40k_seed17032/fresh p2 step=11750/40000 loss=0.225126 lr=0.0008
[fit] 0030m/F40k_seed17032/fresh p2 step=12000/40000 loss=0.220254 lr=0.0008
[fit] 0030m/F40k_seed17032/fresh p2 step=12250/40000 loss=0.222287 lr=0.00079
[fit] 0030m/F40k_seed17032/fresh p2 step=12500/40000 loss=0.223196 lr=0.00078
[fit] 0030m/F40k_seed17032/fresh p2 step=12750/40000 loss=0.223602 lr=0.00077
[fit] 0030m/F40k_seed17032/fresh p2 step=13000/40000 loss=0.22707 lr=0.00076
[fit] 0030m/F40k_seed17032/fresh p2 step=13250/40000 loss=0.22053 lr=0.00076
[fit] 0030m/F40k_seed17032/fresh p2 step=13500/40000 loss=0.224507 lr=0.00075
[fit] 0030m/F40k_seed17032/fresh p2 step=13750/40000 loss=0.230128 lr=0.00074
[fit] 0030m/F40k_seed17032/fresh p2 step=14000/40000 loss=0.230714 lr=0.00073
[fit] 0030m/F40k_seed17032/fresh p2 step=14250/40000 loss=0.216804 lr=0.00072
[fit] 0030m/F40k_seed17032/fresh p2 step=14500/40000 loss=0.231566 lr=0.00071
[fit] 0030m/F40k_seed17032/fresh p2 step=14750/40000 loss=0.226824 lr=0.0007
[fit] 0030m/F40k_seed17032/fresh p2 step=15000/40000 loss=0.224749 lr=0.00069
[fit] 0030m/F40k_seed17032/fresh p2 step=15250/40000 loss=0.227964 lr=0.00069
[fit] 0030m/F40k_seed17032/fresh p2 step=15500/40000 loss=0.222704 lr=0.00068
[fit] 0030m/F40k_seed17032/fresh p2 step=15750/40000 loss=0.226426 lr=0.00067
[fit] 0030m/F40k_seed17032/fresh p2 step=16000/40000 loss=0.22556 lr=0.00066
[fit] 0030m/F40k_seed17032/fresh p2 step=16250/40000 loss=0.226705 lr=0.00065
[fit] 0030m/F40k_seed17032/fresh p2 step=16500/40000 loss=0.219355 lr=0.00064
[fit] 0030m/F40k_seed17032/fresh p2 step=16750/40000 loss=0.221318 lr=0.00063
[fit] 0030m/F40k_seed17032/fresh p2 step=17000/40000 loss=0.227667 lr=0.00062
[fit] 0030m/F40k_seed17032/fresh p2 step=17250/40000 loss=0.216382 lr=0.00061
[fit] 0030m/F40k_seed17032/fresh p2 step=17500/40000 loss=0.231619 lr=0.0006
[fit] 0030m/F40k_seed17032/fresh p2 step=17750/40000 loss=0.23266 lr=0.00059
[fit] 0030m/F40k_seed17032/fresh p2 step=18000/40000 loss=0.226986 lr=0.00058
[fit] 0030m/F40k_seed17032/fresh p2 step=18250/40000 loss=0.224868 lr=0.00057
[fit] 0030m/F40k_seed17032/fresh p2 step=18500/40000 loss=0.230428 lr=0.00056
[fit] 0030m/F40k_seed17032/fresh p2 step=18750/40000 loss=0.228921 lr=0.00055
[fit] 0030m/F40k_seed17032/fresh p2 step=19000/40000 loss=0.231801 lr=0.00054
[fit] 0030m/F40k_seed17032/fresh p2 step=19250/40000 loss=0.228512 lr=0.00053
[fit] 0030m/F40k_seed17032/fresh p2 step=19500/40000 loss=0.218804 lr=0.00052
[fit] 0030m/F40k_seed17032/fresh p2 step=19750/40000 loss=0.2283 lr=0.00051
[fit] 0030m/F40k_seed17032/fresh p2 step=20000/40000 loss=0.232652 lr=0.00051
[fit] 0030m/F40k_seed17032/fresh p2 step=20250/40000 loss=0.226101 lr=0.0005
[fit] 0030m/F40k_seed17032/fresh p2 step=20500/40000 loss=0.222927 lr=0.00049
[fit] 0030m/F40k_seed17032/fresh p2 step=20750/40000 loss=0.227924 lr=0.00048
[fit] 0030m/F40k_seed17032/fresh p2 step=21000/40000 loss=0.228819 lr=0.00047
[fit] 0030m/F40k_seed17032/fresh p2 step=21250/40000 loss=0.230933 lr=0.00046
[fit] 0030m/F40k_seed17032/fresh p2 step=21500/40000 loss=0.229884 lr=0.00045
[fit] 0030m/F40k_seed17032/fresh p2 step=21750/40000 loss=0.228538 lr=0.00044
[fit] 0030m/F40k_seed17032/fresh p2 step=22000/40000 loss=0.223896 lr=0.00043
[fit] 0030m/F40k_seed17032/fresh p2 step=22250/40000 loss=0.228492 lr=0.00042
[fit] 0030m/F40k_seed17032/fresh p2 step=22500/40000 loss=0.222504 lr=0.00041
[fit] 0030m/F40k_seed17032/fresh p2 step=22750/40000 loss=0.223159 lr=0.0004
[fit] 0030m/F40k_seed17032/fresh p2 step=23000/40000 loss=0.221618 lr=0.00039
[fit] 0030m/F40k_seed17032/fresh p2 step=23250/40000 loss=0.223936 lr=0.00038
[fit] 0030m/F40k_seed17032/fresh p2 step=23500/40000 loss=0.233884 lr=0.00037
[fit] 0030m/F40k_seed17032/fresh p2 step=23750/40000 loss=0.225942 lr=0.00036
[fit] 0030m/F40k_seed17032/fresh p2 step=24000/40000 loss=0.227661 lr=0.00035
[fit] 0030m/F40k_seed17032/fresh p2 step=24250/40000 loss=0.225963 lr=0.00034
[fit] 0030m/F40k_seed17032/fresh p2 step=24500/40000 loss=0.219882 lr=0.00033
[fit] 0030m/F40k_seed17032/fresh p2 step=24750/40000 loss=0.223177 lr=0.00032
[fit] 0030m/F40k_seed17032/fresh p2 step=25000/40000 loss=0.217449 lr=0.00032
[fit] 0030m/F40k_seed17032/fresh p2 step=25250/40000 loss=0.221411 lr=0.00031
[fit] 0030m/F40k_seed17032/fresh p2 step=25500/40000 loss=0.222835 lr=0.0003
[fit] 0030m/F40k_seed17032/fresh p2 step=25750/40000 loss=0.226429 lr=0.00029
[fit] 0030m/F40k_seed17032/fresh p2 step=26000/40000 loss=0.22548 lr=0.00028
[fit] 0030m/F40k_seed17032/fresh p2 step=26250/40000 loss=0.223402 lr=0.00027
[fit] 0030m/F40k_seed17032/fresh p2 step=26500/40000 loss=0.220668 lr=0.00026
[fit] 0030m/F40k_seed17032/fresh p2 step=26750/40000 loss=0.226716 lr=0.00025
[fit] 0030m/F40k_seed17032/fresh p2 step=27000/40000 loss=0.228634 lr=0.00025
[fit] 0030m/F40k_seed17032/fresh p2 step=27250/40000 loss=0.224106 lr=0.00024
[fit] 0030m/F40k_seed17032/fresh p2 step=27500/40000 loss=0.223907 lr=0.00023
[fit] 0030m/F40k_seed17032/fresh p2 step=27750/40000 loss=0.230395 lr=0.00022
[fit] 0030m/F40k_seed17032/fresh p2 step=28000/40000 loss=0.225591 lr=0.00021
[fit] 0030m/F40k_seed17032/fresh p2 step=28250/40000 loss=0.226515 lr=0.00021
[fit] 0030m/F40k_seed17032/fresh p2 step=28500/40000 loss=0.225178 lr=0.0002
[fit] 0030m/F40k_seed17032/fresh p2 step=28750/40000 loss=0.230295 lr=0.00019
[fit] 0030m/F40k_seed17032/fresh p2 step=29000/40000 loss=0.227886 lr=0.00018
[fit] 0030m/F40k_seed17032/fresh p2 step=29250/40000 loss=0.226833 lr=0.00018
[fit] 0030m/F40k_seed17032/fresh p2 step=29500/40000 loss=0.220928 lr=0.00017
[fit] 0030m/F40k_seed17032/fresh p2 step=29750/40000 loss=0.229669 lr=0.00016
[fit] 0030m/F40k_seed17032/fresh p2 step=30000/40000 loss=0.227939 lr=0.00015
[fit] 0030m/F40k_seed17032/fresh p2 step=30250/40000 loss=0.235602 lr=0.00015
[fit] 0030m/F40k_seed17032/fresh p2 step=30500/40000 loss=0.223907 lr=0.00014
[fit] 0030m/F40k_seed17032/fresh p2 step=30750/40000 loss=0.222607 lr=0.00013
[fit] 0030m/F40k_seed17032/fresh p2 step=31000/40000 loss=0.22677 lr=0.00013
[fit] 0030m/F40k_seed17032/fresh p2 step=31250/40000 loss=0.226763 lr=0.00012
[fit] 0030m/F40k_seed17032/fresh p2 step=31500/40000 loss=0.224739 lr=0.00012
[fit] 0030m/F40k_seed17032/fresh p2 step=31750/40000 loss=0.220468 lr=0.00011
[fit] 0030m/F40k_seed17032/fresh p2 step=32000/40000 loss=0.224365 lr=0.0001
[fit] 0030m/F40k_seed17032/fresh p2 step=32250/40000 loss=0.228275 lr=9.9e-05
[fit] 0030m/F40k_seed17032/fresh p2 step=32500/40000 loss=0.217481 lr=9.3e-05
[fit] 0030m/F40k_seed17032/fresh p2 step=32750/40000 loss=0.230261 lr=8.8e-05
[fit] 0030m/F40k_seed17032/fresh p2 step=33000/40000 loss=0.222884 lr=8.3e-05
[fit] 0030m/F40k_seed17032/fresh p2 step=33250/40000 loss=0.229971 lr=7.8e-05
[fit] 0030m/F40k_seed17032/fresh p2 step=33500/40000 loss=0.226122 lr=7.3e-05
[fit] 0030m/F40k_seed17032/fresh p2 step=33750/40000 loss=0.220277 lr=6.8e-05
[fit] 0030m/F40k_seed17032/fresh p2 step=34000/40000 loss=0.227517 lr=6.4e-05
[fit] 0030m/F40k_seed17032/fresh p2 step=34250/40000 loss=0.230672 lr=6e-05
[fit] 0030m/F40k_seed17032/fresh p2 step=34500/40000 loss=0.224158 lr=5.5e-05
[fit] 0030m/F40k_seed17032/fresh p2 step=34750/40000 loss=0.229769 lr=5.1e-05
[fit] 0030m/F40k_seed17032/fresh p2 step=35000/40000 loss=0.226485 lr=4.8e-05
[fit] 0030m/F40k_seed17032/fresh p2 step=35250/40000 loss=0.228403 lr=4.4e-05
[fit] 0030m/F40k_seed17032/fresh p2 step=35500/40000 loss=0.218474 lr=4.1e-05
[fit] 0030m/F40k_seed17032/fresh p2 step=35750/40000 loss=0.215565 lr=3.7e-05
[fit] 0030m/F40k_seed17032/fresh p2 step=36000/40000 loss=0.228692 lr=3.4e-05
[fit] 0030m/F40k_seed17032/fresh p2 step=36250/40000 loss=0.226106 lr=3.1e-05
[fit] 0030m/F40k_seed17032/fresh p2 step=36500/40000 loss=0.226122 lr=2.9e-05
[fit] 0030m/F40k_seed17032/fresh p2 step=36750/40000 loss=0.220848 lr=2.6e-05
[fit] 0030m/F40k_seed17032/fresh p2 step=37000/40000 loss=0.226085 lr=2.4e-05
[fit] 0030m/F40k_seed17032/fresh p2 step=37250/40000 loss=0.230512 lr=2.2e-05
[fit] 0030m/F40k_seed17032/fresh p2 step=37500/40000 loss=0.221205 lr=2e-05
[fit] 0030m/F40k_seed17032/fresh p2 step=37750/40000 loss=0.223289 lr=1.8e-05
[fit] 0030m/F40k_seed17032/fresh p2 step=38000/40000 loss=0.225716 lr=1.6e-05
[fit] 0030m/F40k_seed17032/fresh p2 step=38250/40000 loss=0.226302 lr=1.5e-05
[fit] 0030m/F40k_seed17032/fresh p2 step=38500/40000 loss=0.225414 lr=1.3e-05
[fit] 0030m/F40k_seed17032/fresh p2 step=38750/40000 loss=0.230635 lr=1.2e-05
[fit] 0030m/F40k_seed17032/fresh p2 step=39000/40000 loss=0.226179 lr=1.2e-05
[fit] 0030m/F40k_seed17032/fresh p2 step=39250/40000 loss=0.230651 lr=1.1e-05
[fit] 0030m/F40k_seed17032/fresh p2 step=39500/40000 loss=0.222568 lr=1e-05
[fit] 0030m/F40k_seed17032/fresh p2 step=39750/40000 loss=0.230963 lr=1e-05
[fit] 0030m/F40k_seed17032/fresh p2 step=40000/40000 loss=0.22136 lr=1e-05
[eval] 0030m/F40k_seed17032/fresh/40000 exploitability=0.00582131 eval_s=19.4
[arm] 0030m/F40k_seed17033/fresh seed=17033 batch=16384 loss=cross_entropy fitted=0 cuda_free_gib=2.21
[fit] 0030m/F40k_seed17033/fresh p1 step=250/40000 loss=0.284709 lr=0.001
[fit] 0030m/F40k_seed17033/fresh p1 step=500/40000 loss=0.229455 lr=0.001
[fit] 0030m/F40k_seed17033/fresh p1 step=750/40000 loss=0.222091 lr=0.001
[fit] 0030m/F40k_seed17033/fresh p1 step=1000/40000 loss=0.213347 lr=0.001
[fit] 0030m/F40k_seed17033/fresh p1 step=1250/40000 loss=0.210254 lr=0.001
[fit] 0030m/F40k_seed17033/fresh p1 step=1500/40000 loss=0.209782 lr=0.001
[fit] 0030m/F40k_seed17033/fresh p1 step=1750/40000 loss=0.210032 lr=0.001
[fit] 0030m/F40k_seed17033/fresh p1 step=2000/40000 loss=0.212688 lr=0.00099
[fit] 0030m/F40k_seed17033/fresh p1 step=2250/40000 loss=0.211196 lr=0.00099
[fit] 0030m/F40k_seed17033/fresh p1 step=2500/40000 loss=0.20918 lr=0.00099
[fit] 0030m/F40k_seed17033/fresh p1 step=2750/40000 loss=0.205441 lr=0.00099
[fit] 0030m/F40k_seed17033/fresh p1 step=3000/40000 loss=0.208337 lr=0.00099
[fit] 0030m/F40k_seed17033/fresh p1 step=3250/40000 loss=0.201454 lr=0.00098
[fit] 0030m/F40k_seed17033/fresh p1 step=3500/40000 loss=0.20819 lr=0.00098
[fit] 0030m/F40k_seed17033/fresh p1 step=3750/40000 loss=0.208391 lr=0.00098
[fit] 0030m/F40k_seed17033/fresh p1 step=4000/40000 loss=0.213475 lr=0.00098
[fit] 0030m/F40k_seed17033/fresh p1 step=4250/40000 loss=0.20459 lr=0.00097
[fit] 0030m/F40k_seed17033/fresh p1 step=4500/40000 loss=0.20524 lr=0.00097
[fit] 0030m/F40k_seed17033/fresh p1 step=4750/40000 loss=0.202765 lr=0.00097
[fit] 0030m/F40k_seed17033/fresh p1 step=5000/40000 loss=0.208065 lr=0.00096
[fit] 0030m/F40k_seed17033/fresh p1 step=5250/40000 loss=0.209131 lr=0.00096
[fit] 0030m/F40k_seed17033/fresh p1 step=5500/40000 loss=0.205472 lr=0.00095
[fit] 0030m/F40k_seed17033/fresh p1 step=5750/40000 loss=0.204097 lr=0.00095
[fit] 0030m/F40k_seed17033/fresh p1 step=6000/40000 loss=0.20086 lr=0.00095
[fit] 0030m/F40k_seed17033/fresh p1 step=6250/40000 loss=0.211521 lr=0.00094
[fit] 0030m/F40k_seed17033/fresh p1 step=6500/40000 loss=0.204823 lr=0.00094
[fit] 0030m/F40k_seed17033/fresh p1 step=6750/40000 loss=0.209003 lr=0.00093
[fit] 0030m/F40k_seed17033/fresh p1 step=7000/40000 loss=0.206143 lr=0.00093
[fit] 0030m/F40k_seed17033/fresh p1 step=7250/40000 loss=0.206389 lr=0.00092
[fit] 0030m/F40k_seed17033/fresh p1 step=7500/40000 loss=0.205218 lr=0.00092
[fit] 0030m/F40k_seed17033/fresh p1 step=7750/40000 loss=0.205565 lr=0.00091
[fit] 0030m/F40k_seed17033/fresh p1 step=8000/40000 loss=0.20806 lr=0.00091
[fit] 0030m/F40k_seed17033/fresh p1 step=8250/40000 loss=0.212795 lr=0.0009
[fit] 0030m/F40k_seed17033/fresh p1 step=8500/40000 loss=0.20857 lr=0.00089
[fit] 0030m/F40k_seed17033/fresh p1 step=8750/40000 loss=0.202374 lr=0.00089
[fit] 0030m/F40k_seed17033/fresh p1 step=9000/40000 loss=0.202333 lr=0.00088
[fit] 0030m/F40k_seed17033/fresh p1 step=9250/40000 loss=0.205437 lr=0.00088
[fit] 0030m/F40k_seed17033/fresh p1 step=9500/40000 loss=0.207682 lr=0.00087
[fit] 0030m/F40k_seed17033/fresh p1 step=9750/40000 loss=0.203865 lr=0.00086
[fit] 0030m/F40k_seed17033/fresh p1 step=10000/40000 loss=0.209444 lr=0.00086
[fit] 0030m/F40k_seed17033/fresh p1 step=10250/40000 loss=0.203751 lr=0.00085
[fit] 0030m/F40k_seed17033/fresh p1 step=10500/40000 loss=0.198244 lr=0.00084
[fit] 0030m/F40k_seed17033/fresh p1 step=10750/40000 loss=0.205821 lr=0.00083
[fit] 0030m/F40k_seed17033/fresh p1 step=11000/40000 loss=0.202502 lr=0.00083
[fit] 0030m/F40k_seed17033/fresh p1 step=11250/40000 loss=0.204582 lr=0.00082
[fit] 0030m/F40k_seed17033/fresh p1 step=11500/40000 loss=0.207698 lr=0.00081
[fit] 0030m/F40k_seed17033/fresh p1 step=11750/40000 loss=0.209525 lr=0.0008
[fit] 0030m/F40k_seed17033/fresh p1 step=12000/40000 loss=0.209828 lr=0.0008
[fit] 0030m/F40k_seed17033/fresh p1 step=12250/40000 loss=0.204249 lr=0.00079
[fit] 0030m/F40k_seed17033/fresh p1 step=12500/40000 loss=0.203509 lr=0.00078
[fit] 0030m/F40k_seed17033/fresh p1 step=12750/40000 loss=0.206691 lr=0.00077
[fit] 0030m/F40k_seed17033/fresh p1 step=13000/40000 loss=0.203431 lr=0.00076
[fit] 0030m/F40k_seed17033/fresh p1 step=13250/40000 loss=0.206216 lr=0.00076
[fit] 0030m/F40k_seed17033/fresh p1 step=13500/40000 loss=0.212901 lr=0.00075
[fit] 0030m/F40k_seed17033/fresh p1 step=13750/40000 loss=0.198733 lr=0.00074
[fit] 0030m/F40k_seed17033/fresh p1 step=14000/40000 loss=0.206417 lr=0.00073
[fit] 0030m/F40k_seed17033/fresh p1 step=14250/40000 loss=0.20247 lr=0.00072
[fit] 0030m/F40k_seed17033/fresh p1 step=14500/40000 loss=0.207851 lr=0.00071
[fit] 0030m/F40k_seed17033/fresh p1 step=14750/40000 loss=0.203741 lr=0.0007
[fit] 0030m/F40k_seed17033/fresh p1 step=15000/40000 loss=0.204891 lr=0.00069
[fit] 0030m/F40k_seed17033/fresh p1 step=15250/40000 loss=0.20212 lr=0.00069
[fit] 0030m/F40k_seed17033/fresh p1 step=15500/40000 loss=0.203923 lr=0.00068
[fit] 0030m/F40k_seed17033/fresh p1 step=15750/40000 loss=0.209632 lr=0.00067
[fit] 0030m/F40k_seed17033/fresh p1 step=16000/40000 loss=0.208483 lr=0.00066
[fit] 0030m/F40k_seed17033/fresh p1 step=16250/40000 loss=0.200744 lr=0.00065
[fit] 0030m/F40k_seed17033/fresh p1 step=16500/40000 loss=0.207594 lr=0.00064
[fit] 0030m/F40k_seed17033/fresh p1 step=16750/40000 loss=0.211217 lr=0.00063
[fit] 0030m/F40k_seed17033/fresh p1 step=17000/40000 loss=0.209908 lr=0.00062
[fit] 0030m/F40k_seed17033/fresh p1 step=17250/40000 loss=0.204685 lr=0.00061
[fit] 0030m/F40k_seed17033/fresh p1 step=17500/40000 loss=0.201365 lr=0.0006
[fit] 0030m/F40k_seed17033/fresh p1 step=17750/40000 loss=0.205555 lr=0.00059
[fit] 0030m/F40k_seed17033/fresh p1 step=18000/40000 loss=0.206388 lr=0.00058
[fit] 0030m/F40k_seed17033/fresh p1 step=18250/40000 loss=0.210148 lr=0.00057
[fit] 0030m/F40k_seed17033/fresh p1 step=18500/40000 loss=0.20396 lr=0.00056
[fit] 0030m/F40k_seed17033/fresh p1 step=18750/40000 loss=0.206459 lr=0.00055
[fit] 0030m/F40k_seed17033/fresh p1 step=19000/40000 loss=0.212839 lr=0.00054
[fit] 0030m/F40k_seed17033/fresh p1 step=19250/40000 loss=0.209829 lr=0.00053
[fit] 0030m/F40k_seed17033/fresh p1 step=19500/40000 loss=0.205966 lr=0.00052
[fit] 0030m/F40k_seed17033/fresh p1 step=19750/40000 loss=0.207237 lr=0.00051
[fit] 0030m/F40k_seed17033/fresh p1 step=20000/40000 loss=0.199163 lr=0.00051
[fit] 0030m/F40k_seed17033/fresh p1 step=20250/40000 loss=0.205334 lr=0.0005
[fit] 0030m/F40k_seed17033/fresh p1 step=20500/40000 loss=0.203237 lr=0.00049
[fit] 0030m/F40k_seed17033/fresh p1 step=20750/40000 loss=0.205302 lr=0.00048
[fit] 0030m/F40k_seed17033/fresh p1 step=21000/40000 loss=0.205812 lr=0.00047
[fit] 0030m/F40k_seed17033/fresh p1 step=21250/40000 loss=0.208308 lr=0.00046
[fit] 0030m/F40k_seed17033/fresh p1 step=21500/40000 loss=0.205127 lr=0.00045
[fit] 0030m/F40k_seed17033/fresh p1 step=21750/40000 loss=0.203623 lr=0.00044
[fit] 0030m/F40k_seed17033/fresh p1 step=22000/40000 loss=0.210302 lr=0.00043
[fit] 0030m/F40k_seed17033/fresh p1 step=22250/40000 loss=0.207436 lr=0.00042
[fit] 0030m/F40k_seed17033/fresh p1 step=22500/40000 loss=0.204219 lr=0.00041
[fit] 0030m/F40k_seed17033/fresh p1 step=22750/40000 loss=0.203947 lr=0.0004
[fit] 0030m/F40k_seed17033/fresh p1 step=23000/40000 loss=0.206854 lr=0.00039
[fit] 0030m/F40k_seed17033/fresh p1 step=23250/40000 loss=0.206703 lr=0.00038
[fit] 0030m/F40k_seed17033/fresh p1 step=23500/40000 loss=0.208495 lr=0.00037
[fit] 0030m/F40k_seed17033/fresh p1 step=23750/40000 loss=0.205257 lr=0.00036
[fit] 0030m/F40k_seed17033/fresh p1 step=24000/40000 loss=0.206214 lr=0.00035
[fit] 0030m/F40k_seed17033/fresh p1 step=24250/40000 loss=0.206159 lr=0.00034
[fit] 0030m/F40k_seed17033/fresh p1 step=24500/40000 loss=0.205662 lr=0.00033
[fit] 0030m/F40k_seed17033/fresh p1 step=24750/40000 loss=0.2043 lr=0.00032
[fit] 0030m/F40k_seed17033/fresh p1 step=25000/40000 loss=0.204755 lr=0.00032
[fit] 0030m/F40k_seed17033/fresh p1 step=25250/40000 loss=0.203285 lr=0.00031
[fit] 0030m/F40k_seed17033/fresh p1 step=25500/40000 loss=0.202174 lr=0.0003
[fit] 0030m/F40k_seed17033/fresh p1 step=25750/40000 loss=0.20696 lr=0.00029
[fit] 0030m/F40k_seed17033/fresh p1 step=26000/40000 loss=0.204544 lr=0.00028
[fit] 0030m/F40k_seed17033/fresh p1 step=26250/40000 loss=0.198989 lr=0.00027
[fit] 0030m/F40k_seed17033/fresh p1 step=26500/40000 loss=0.205343 lr=0.00026
[fit] 0030m/F40k_seed17033/fresh p1 step=26750/40000 loss=0.209527 lr=0.00025
[fit] 0030m/F40k_seed17033/fresh p1 step=27000/40000 loss=0.203066 lr=0.00025
[fit] 0030m/F40k_seed17033/fresh p1 step=27250/40000 loss=0.201961 lr=0.00024
[fit] 0030m/F40k_seed17033/fresh p1 step=27500/40000 loss=0.204236 lr=0.00023
[fit] 0030m/F40k_seed17033/fresh p1 step=27750/40000 loss=0.200448 lr=0.00022
[fit] 0030m/F40k_seed17033/fresh p1 step=28000/40000 loss=0.209645 lr=0.00021
[fit] 0030m/F40k_seed17033/fresh p1 step=28250/40000 loss=0.209869 lr=0.00021
[fit] 0030m/F40k_seed17033/fresh p1 step=28500/40000 loss=0.211818 lr=0.0002
[fit] 0030m/F40k_seed17033/fresh p1 step=28750/40000 loss=0.200168 lr=0.00019
[fit] 0030m/F40k_seed17033/fresh p1 step=29000/40000 loss=0.201446 lr=0.00018
[fit] 0030m/F40k_seed17033/fresh p1 step=29250/40000 loss=0.205292 lr=0.00018
[fit] 0030m/F40k_seed17033/fresh p1 step=29500/40000 loss=0.204901 lr=0.00017
[fit] 0030m/F40k_seed17033/fresh p1 step=29750/40000 loss=0.203652 lr=0.00016
[fit] 0030m/F40k_seed17033/fresh p1 step=30000/40000 loss=0.207946 lr=0.00015
[fit] 0030m/F40k_seed17033/fresh p1 step=30250/40000 loss=0.20571 lr=0.00015
[fit] 0030m/F40k_seed17033/fresh p1 step=30500/40000 loss=0.204249 lr=0.00014
[fit] 0030m/F40k_seed17033/fresh p1 step=30750/40000 loss=0.201511 lr=0.00013
[fit] 0030m/F40k_seed17033/fresh p1 step=31000/40000 loss=0.207074 lr=0.00013
[fit] 0030m/F40k_seed17033/fresh p1 step=31250/40000 loss=0.208498 lr=0.00012
[fit] 0030m/F40k_seed17033/fresh p1 step=31500/40000 loss=0.202783 lr=0.00012
[fit] 0030m/F40k_seed17033/fresh p1 step=31750/40000 loss=0.204555 lr=0.00011
[fit] 0030m/F40k_seed17033/fresh p1 step=32000/40000 loss=0.207166 lr=0.0001
[fit] 0030m/F40k_seed17033/fresh p1 step=32250/40000 loss=0.205932 lr=9.9e-05
[fit] 0030m/F40k_seed17033/fresh p1 step=32500/40000 loss=0.206249 lr=9.3e-05
[fit] 0030m/F40k_seed17033/fresh p1 step=32750/40000 loss=0.20736 lr=8.8e-05
[fit] 0030m/F40k_seed17033/fresh p1 step=33000/40000 loss=0.207031 lr=8.3e-05
[fit] 0030m/F40k_seed17033/fresh p1 step=33250/40000 loss=0.201485 lr=7.8e-05
[fit] 0030m/F40k_seed17033/fresh p1 step=33500/40000 loss=0.205929 lr=7.3e-05
[fit] 0030m/F40k_seed17033/fresh p1 step=33750/40000 loss=0.200521 lr=6.8e-05
[fit] 0030m/F40k_seed17033/fresh p1 step=34000/40000 loss=0.202482 lr=6.4e-05
[fit] 0030m/F40k_seed17033/fresh p1 step=34250/40000 loss=0.203108 lr=6e-05
[fit] 0030m/F40k_seed17033/fresh p1 step=34500/40000 loss=0.198895 lr=5.5e-05
[fit] 0030m/F40k_seed17033/fresh p1 step=34750/40000 loss=0.206415 lr=5.1e-05
[fit] 0030m/F40k_seed17033/fresh p1 step=35000/40000 loss=0.202366 lr=4.8e-05
[fit] 0030m/F40k_seed17033/fresh p1 step=35250/40000 loss=0.201454 lr=4.4e-05
[fit] 0030m/F40k_seed17033/fresh p1 step=35500/40000 loss=0.203771 lr=4.1e-05
[fit] 0030m/F40k_seed17033/fresh p1 step=35750/40000 loss=0.206759 lr=3.7e-05
[fit] 0030m/F40k_seed17033/fresh p1 step=36000/40000 loss=0.2032 lr=3.4e-05
[fit] 0030m/F40k_seed17033/fresh p1 step=36250/40000 loss=0.207224 lr=3.1e-05
[fit] 0030m/F40k_seed17033/fresh p1 step=36500/40000 loss=0.204018 lr=2.9e-05
[fit] 0030m/F40k_seed17033/fresh p1 step=36750/40000 loss=0.206845 lr=2.6e-05
[fit] 0030m/F40k_seed17033/fresh p1 step=37000/40000 loss=0.199855 lr=2.4e-05
[fit] 0030m/F40k_seed17033/fresh p1 step=37250/40000 loss=0.207093 lr=2.2e-05
[fit] 0030m/F40k_seed17033/fresh p1 step=37500/40000 loss=0.202907 lr=2e-05
[fit] 0030m/F40k_seed17033/fresh p1 step=37750/40000 loss=0.20528 lr=1.8e-05
[fit] 0030m/F40k_seed17033/fresh p1 step=38000/40000 loss=0.207237 lr=1.6e-05
[fit] 0030m/F40k_seed17033/fresh p1 step=38250/40000 loss=0.211036 lr=1.5e-05
[fit] 0030m/F40k_seed17033/fresh p1 step=38500/40000 loss=0.200963 lr=1.3e-05
[fit] 0030m/F40k_seed17033/fresh p1 step=38750/40000 loss=0.198543 lr=1.2e-05
[fit] 0030m/F40k_seed17033/fresh p1 step=39000/40000 loss=0.203367 lr=1.2e-05
[fit] 0030m/F40k_seed17033/fresh p1 step=39250/40000 loss=0.206496 lr=1.1e-05
[fit] 0030m/F40k_seed17033/fresh p1 step=39500/40000 loss=0.200384 lr=1e-05
[fit] 0030m/F40k_seed17033/fresh p1 step=39750/40000 loss=0.206723 lr=1e-05
[fit] 0030m/F40k_seed17033/fresh p1 step=40000/40000 loss=0.201057 lr=1e-05
[fit] 0030m/F40k_seed17033/fresh p2 step=250/40000 loss=0.331975 lr=0.001
[fit] 0030m/F40k_seed17033/fresh p2 step=500/40000 loss=0.288549 lr=0.001
[fit] 0030m/F40k_seed17033/fresh p2 step=750/40000 loss=0.264735 lr=0.001
[fit] 0030m/F40k_seed17033/fresh p2 step=1000/40000 loss=0.256197 lr=0.001
[fit] 0030m/F40k_seed17033/fresh p2 step=1250/40000 loss=0.25396 lr=0.001
[fit] 0030m/F40k_seed17033/fresh p2 step=1500/40000 loss=0.256318 lr=0.001
[fit] 0030m/F40k_seed17033/fresh p2 step=1750/40000 loss=0.244071 lr=0.001
[fit] 0030m/F40k_seed17033/fresh p2 step=2000/40000 loss=0.239184 lr=0.00099
[fit] 0030m/F40k_seed17033/fresh p2 step=2250/40000 loss=0.239233 lr=0.00099
[fit] 0030m/F40k_seed17033/fresh p2 step=2500/40000 loss=0.245454 lr=0.00099
[fit] 0030m/F40k_seed17033/fresh p2 step=2750/40000 loss=0.240167 lr=0.00099
[fit] 0030m/F40k_seed17033/fresh p2 step=3000/40000 loss=0.230516 lr=0.00099
[fit] 0030m/F40k_seed17033/fresh p2 step=3250/40000 loss=0.241997 lr=0.00098
[fit] 0030m/F40k_seed17033/fresh p2 step=3500/40000 loss=0.237703 lr=0.00098
[fit] 0030m/F40k_seed17033/fresh p2 step=3750/40000 loss=0.236333 lr=0.00098
[fit] 0030m/F40k_seed17033/fresh p2 step=4000/40000 loss=0.234717 lr=0.00098
[fit] 0030m/F40k_seed17033/fresh p2 step=4250/40000 loss=0.228321 lr=0.00097
[fit] 0030m/F40k_seed17033/fresh p2 step=4500/40000 loss=0.241605 lr=0.00097
[fit] 0030m/F40k_seed17033/fresh p2 step=4750/40000 loss=0.234922 lr=0.00097
[fit] 0030m/F40k_seed17033/fresh p2 step=5000/40000 loss=0.241457 lr=0.00096
[fit] 0030m/F40k_seed17033/fresh p2 step=5250/40000 loss=0.230339 lr=0.00096
[fit] 0030m/F40k_seed17033/fresh p2 step=5500/40000 loss=0.22705 lr=0.00095
[fit] 0030m/F40k_seed17033/fresh p2 step=5750/40000 loss=0.228686 lr=0.00095
[fit] 0030m/F40k_seed17033/fresh p2 step=6000/40000 loss=0.231541 lr=0.00095
[fit] 0030m/F40k_seed17033/fresh p2 step=6250/40000 loss=0.219244 lr=0.00094
[fit] 0030m/F40k_seed17033/fresh p2 step=6500/40000 loss=0.227521 lr=0.00094
[fit] 0030m/F40k_seed17033/fresh p2 step=6750/40000 loss=0.227734 lr=0.00093
[fit] 0030m/F40k_seed17033/fresh p2 step=7000/40000 loss=0.234722 lr=0.00093
[fit] 0030m/F40k_seed17033/fresh p2 step=7250/40000 loss=0.220873 lr=0.00092
[fit] 0030m/F40k_seed17033/fresh p2 step=7500/40000 loss=0.234954 lr=0.00092
[fit] 0030m/F40k_seed17033/fresh p2 step=7750/40000 loss=0.229913 lr=0.00091
[fit] 0030m/F40k_seed17033/fresh p2 step=8000/40000 loss=0.224771 lr=0.00091
[fit] 0030m/F40k_seed17033/fresh p2 step=8250/40000 loss=0.234137 lr=0.0009
[fit] 0030m/F40k_seed17033/fresh p2 step=8500/40000 loss=0.226489 lr=0.00089
[fit] 0030m/F40k_seed17033/fresh p2 step=8750/40000 loss=0.228607 lr=0.00089
[fit] 0030m/F40k_seed17033/fresh p2 step=9000/40000 loss=0.233588 lr=0.00088
[fit] 0030m/F40k_seed17033/fresh p2 step=9250/40000 loss=0.228884 lr=0.00088
[fit] 0030m/F40k_seed17033/fresh p2 step=9500/40000 loss=0.228653 lr=0.00087
[fit] 0030m/F40k_seed17033/fresh p2 step=9750/40000 loss=0.230348 lr=0.00086
[fit] 0030m/F40k_seed17033/fresh p2 step=10000/40000 loss=0.227702 lr=0.00086
[fit] 0030m/F40k_seed17033/fresh p2 step=10250/40000 loss=0.228006 lr=0.00085
[fit] 0030m/F40k_seed17033/fresh p2 step=10500/40000 loss=0.229552 lr=0.00084
[fit] 0030m/F40k_seed17033/fresh p2 step=10750/40000 loss=0.225128 lr=0.00083
[fit] 0030m/F40k_seed17033/fresh p2 step=11000/40000 loss=0.225047 lr=0.00083
[fit] 0030m/F40k_seed17033/fresh p2 step=11250/40000 loss=0.224639 lr=0.00082
[fit] 0030m/F40k_seed17033/fresh p2 step=11500/40000 loss=0.227803 lr=0.00081
[fit] 0030m/F40k_seed17033/fresh p2 step=11750/40000 loss=0.221511 lr=0.0008
[fit] 0030m/F40k_seed17033/fresh p2 step=12000/40000 loss=0.23137 lr=0.0008
[fit] 0030m/F40k_seed17033/fresh p2 step=12250/40000 loss=0.227664 lr=0.00079
[fit] 0030m/F40k_seed17033/fresh p2 step=12500/40000 loss=0.224794 lr=0.00078
[fit] 0030m/F40k_seed17033/fresh p2 step=12750/40000 loss=0.228279 lr=0.00077
[fit] 0030m/F40k_seed17033/fresh p2 step=13000/40000 loss=0.225204 lr=0.00076
[fit] 0030m/F40k_seed17033/fresh p2 step=13250/40000 loss=0.232962 lr=0.00076
[fit] 0030m/F40k_seed17033/fresh p2 step=13500/40000 loss=0.22355 lr=0.00075
[fit] 0030m/F40k_seed17033/fresh p2 step=13750/40000 loss=0.228266 lr=0.00074
[fit] 0030m/F40k_seed17033/fresh p2 step=14000/40000 loss=0.22423 lr=0.00073
[fit] 0030m/F40k_seed17033/fresh p2 step=14250/40000 loss=0.227898 lr=0.00072
[fit] 0030m/F40k_seed17033/fresh p2 step=14500/40000 loss=0.23301 lr=0.00071
[fit] 0030m/F40k_seed17033/fresh p2 step=14750/40000 loss=0.223319 lr=0.0007
[fit] 0030m/F40k_seed17033/fresh p2 step=15000/40000 loss=0.226613 lr=0.00069
[fit] 0030m/F40k_seed17033/fresh p2 step=15250/40000 loss=0.221693 lr=0.00069
[fit] 0030m/F40k_seed17033/fresh p2 step=15500/40000 loss=0.226494 lr=0.00068
[fit] 0030m/F40k_seed17033/fresh p2 step=15750/40000 loss=0.223276 lr=0.00067
[fit] 0030m/F40k_seed17033/fresh p2 step=16000/40000 loss=0.225959 lr=0.00066
[fit] 0030m/F40k_seed17033/fresh p2 step=16250/40000 loss=0.226717 lr=0.00065
[fit] 0030m/F40k_seed17033/fresh p2 step=16500/40000 loss=0.231051 lr=0.00064
[fit] 0030m/F40k_seed17033/fresh p2 step=16750/40000 loss=0.230171 lr=0.00063
[fit] 0030m/F40k_seed17033/fresh p2 step=17000/40000 loss=0.226782 lr=0.00062
[fit] 0030m/F40k_seed17033/fresh p2 step=17250/40000 loss=0.226788 lr=0.00061
[fit] 0030m/F40k_seed17033/fresh p2 step=17500/40000 loss=0.223877 lr=0.0006
[fit] 0030m/F40k_seed17033/fresh p2 step=17750/40000 loss=0.229698 lr=0.00059
[fit] 0030m/F40k_seed17033/fresh p2 step=18000/40000 loss=0.222311 lr=0.00058
[fit] 0030m/F40k_seed17033/fresh p2 step=18250/40000 loss=0.225686 lr=0.00057
[fit] 0030m/F40k_seed17033/fresh p2 step=18500/40000 loss=0.220889 lr=0.00056
[fit] 0030m/F40k_seed17033/fresh p2 step=18750/40000 loss=0.221241 lr=0.00055
[fit] 0030m/F40k_seed17033/fresh p2 step=19000/40000 loss=0.227923 lr=0.00054
[fit] 0030m/F40k_seed17033/fresh p2 step=19250/40000 loss=0.225758 lr=0.00053
[fit] 0030m/F40k_seed17033/fresh p2 step=19500/40000 loss=0.233751 lr=0.00052
[fit] 0030m/F40k_seed17033/fresh p2 step=19750/40000 loss=0.225125 lr=0.00051
[fit] 0030m/F40k_seed17033/fresh p2 step=20000/40000 loss=0.228191 lr=0.00051
[fit] 0030m/F40k_seed17033/fresh p2 step=20250/40000 loss=0.227176 lr=0.0005
[fit] 0030m/F40k_seed17033/fresh p2 step=20500/40000 loss=0.22313 lr=0.00049
[fit] 0030m/F40k_seed17033/fresh p2 step=20750/40000 loss=0.226168 lr=0.00048
[fit] 0030m/F40k_seed17033/fresh p2 step=21000/40000 loss=0.236424 lr=0.00047
[fit] 0030m/F40k_seed17033/fresh p2 step=21250/40000 loss=0.223259 lr=0.00046
[fit] 0030m/F40k_seed17033/fresh p2 step=21500/40000 loss=0.228417 lr=0.00045
[fit] 0030m/F40k_seed17033/fresh p2 step=21750/40000 loss=0.22897 lr=0.00044
[fit] 0030m/F40k_seed17033/fresh p2 step=22000/40000 loss=0.223857 lr=0.00043
[fit] 0030m/F40k_seed17033/fresh p2 step=22250/40000 loss=0.219542 lr=0.00042
[fit] 0030m/F40k_seed17033/fresh p2 step=22500/40000 loss=0.221218 lr=0.00041
[fit] 0030m/F40k_seed17033/fresh p2 step=22750/40000 loss=0.222978 lr=0.0004
[fit] 0030m/F40k_seed17033/fresh p2 step=23000/40000 loss=0.223622 lr=0.00039
[fit] 0030m/F40k_seed17033/fresh p2 step=23250/40000 loss=0.214958 lr=0.00038
[fit] 0030m/F40k_seed17033/fresh p2 step=23500/40000 loss=0.22408 lr=0.00037
[fit] 0030m/F40k_seed17033/fresh p2 step=23750/40000 loss=0.222027 lr=0.00036
[fit] 0030m/F40k_seed17033/fresh p2 step=24000/40000 loss=0.224786 lr=0.00035
[fit] 0030m/F40k_seed17033/fresh p2 step=24250/40000 loss=0.226844 lr=0.00034
[fit] 0030m/F40k_seed17033/fresh p2 step=24500/40000 loss=0.220499 lr=0.00033
[fit] 0030m/F40k_seed17033/fresh p2 step=24750/40000 loss=0.22763 lr=0.00032
[fit] 0030m/F40k_seed17033/fresh p2 step=25000/40000 loss=0.229239 lr=0.00032
[fit] 0030m/F40k_seed17033/fresh p2 step=25250/40000 loss=0.230479 lr=0.00031
[fit] 0030m/F40k_seed17033/fresh p2 step=25500/40000 loss=0.227537 lr=0.0003
[fit] 0030m/F40k_seed17033/fresh p2 step=25750/40000 loss=0.223251 lr=0.00029
[fit] 0030m/F40k_seed17033/fresh p2 step=26000/40000 loss=0.219387 lr=0.00028
[fit] 0030m/F40k_seed17033/fresh p2 step=26250/40000 loss=0.221917 lr=0.00027
[fit] 0030m/F40k_seed17033/fresh p2 step=26500/40000 loss=0.225418 lr=0.00026
[fit] 0030m/F40k_seed17033/fresh p2 step=26750/40000 loss=0.223549 lr=0.00025
[fit] 0030m/F40k_seed17033/fresh p2 step=27000/40000 loss=0.22455 lr=0.00025
[fit] 0030m/F40k_seed17033/fresh p2 step=27250/40000 loss=0.218118 lr=0.00024
[fit] 0030m/F40k_seed17033/fresh p2 step=27500/40000 loss=0.225651 lr=0.00023
[fit] 0030m/F40k_seed17033/fresh p2 step=27750/40000 loss=0.22711 lr=0.00022
[fit] 0030m/F40k_seed17033/fresh p2 step=28000/40000 loss=0.222094 lr=0.00021
[fit] 0030m/F40k_seed17033/fresh p2 step=28250/40000 loss=0.215473 lr=0.00021
[fit] 0030m/F40k_seed17033/fresh p2 step=28500/40000 loss=0.22728 lr=0.0002
[fit] 0030m/F40k_seed17033/fresh p2 step=28750/40000 loss=0.224877 lr=0.00019
[fit] 0030m/F40k_seed17033/fresh p2 step=29000/40000 loss=0.215151 lr=0.00018
[fit] 0030m/F40k_seed17033/fresh p2 step=29250/40000 loss=0.227769 lr=0.00018
[fit] 0030m/F40k_seed17033/fresh p2 step=29500/40000 loss=0.221211 lr=0.00017
[fit] 0030m/F40k_seed17033/fresh p2 step=29750/40000 loss=0.216383 lr=0.00016
[fit] 0030m/F40k_seed17033/fresh p2 step=30000/40000 loss=0.22617 lr=0.00015
[fit] 0030m/F40k_seed17033/fresh p2 step=30250/40000 loss=0.222945 lr=0.00015
[fit] 0030m/F40k_seed17033/fresh p2 step=30500/40000 loss=0.224808 lr=0.00014
[fit] 0030m/F40k_seed17033/fresh p2 step=30750/40000 loss=0.222956 lr=0.00013
[fit] 0030m/F40k_seed17033/fresh p2 step=31000/40000 loss=0.228111 lr=0.00013
[fit] 0030m/F40k_seed17033/fresh p2 step=31250/40000 loss=0.225754 lr=0.00012
[fit] 0030m/F40k_seed17033/fresh p2 step=31500/40000 loss=0.22823 lr=0.00012
[fit] 0030m/F40k_seed17033/fresh p2 step=31750/40000 loss=0.222442 lr=0.00011
[fit] 0030m/F40k_seed17033/fresh p2 step=32000/40000 loss=0.226902 lr=0.0001
[fit] 0030m/F40k_seed17033/fresh p2 step=32250/40000 loss=0.221043 lr=9.9e-05
[fit] 0030m/F40k_seed17033/fresh p2 step=32500/40000 loss=0.225881 lr=9.3e-05
[fit] 0030m/F40k_seed17033/fresh p2 step=32750/40000 loss=0.219882 lr=8.8e-05
[fit] 0030m/F40k_seed17033/fresh p2 step=33000/40000 loss=0.224384 lr=8.3e-05
[fit] 0030m/F40k_seed17033/fresh p2 step=33250/40000 loss=0.22524 lr=7.8e-05
[fit] 0030m/F40k_seed17033/fresh p2 step=33500/40000 loss=0.222533 lr=7.3e-05
[fit] 0030m/F40k_seed17033/fresh p2 step=33750/40000 loss=0.223229 lr=6.8e-05
[fit] 0030m/F40k_seed17033/fresh p2 step=34000/40000 loss=0.222712 lr=6.4e-05
[fit] 0030m/F40k_seed17033/fresh p2 step=34250/40000 loss=0.228292 lr=6e-05
[fit] 0030m/F40k_seed17033/fresh p2 step=34500/40000 loss=0.225465 lr=5.5e-05
[fit] 0030m/F40k_seed17033/fresh p2 step=34750/40000 loss=0.220056 lr=5.1e-05
[fit] 0030m/F40k_seed17033/fresh p2 step=35000/40000 loss=0.232266 lr=4.8e-05
[fit] 0030m/F40k_seed17033/fresh p2 step=35250/40000 loss=0.226857 lr=4.4e-05
[fit] 0030m/F40k_seed17033/fresh p2 step=35500/40000 loss=0.220852 lr=4.1e-05
[fit] 0030m/F40k_seed17033/fresh p2 step=35750/40000 loss=0.227262 lr=3.7e-05
[fit] 0030m/F40k_seed17033/fresh p2 step=36000/40000 loss=0.226494 lr=3.4e-05
[fit] 0030m/F40k_seed17033/fresh p2 step=36250/40000 loss=0.216568 lr=3.1e-05
[fit] 0030m/F40k_seed17033/fresh p2 step=36500/40000 loss=0.217805 lr=2.9e-05
[fit] 0030m/F40k_seed17033/fresh p2 step=36750/40000 loss=0.22443 lr=2.6e-05
[fit] 0030m/F40k_seed17033/fresh p2 step=37000/40000 loss=0.219687 lr=2.4e-05
[fit] 0030m/F40k_seed17033/fresh p2 step=37250/40000 loss=0.223259 lr=2.2e-05
[fit] 0030m/F40k_seed17033/fresh p2 step=37500/40000 loss=0.220982 lr=2e-05
[fit] 0030m/F40k_seed17033/fresh p2 step=37750/40000 loss=0.223141 lr=1.8e-05
[fit] 0030m/F40k_seed17033/fresh p2 step=38000/40000 loss=0.224897 lr=1.6e-05
[fit] 0030m/F40k_seed17033/fresh p2 step=38250/40000 loss=0.223351 lr=1.5e-05
[fit] 0030m/F40k_seed17033/fresh p2 step=38500/40000 loss=0.228209 lr=1.3e-05
[fit] 0030m/F40k_seed17033/fresh p2 step=38750/40000 loss=0.222038 lr=1.2e-05
[fit] 0030m/F40k_seed17033/fresh p2 step=39000/40000 loss=0.222037 lr=1.2e-05
[fit] 0030m/F40k_seed17033/fresh p2 step=39250/40000 loss=0.225901 lr=1.1e-05
[fit] 0030m/F40k_seed17033/fresh p2 step=39500/40000 loss=0.216437 lr=1e-05
[fit] 0030m/F40k_seed17033/fresh p2 step=39750/40000 loss=0.220945 lr=1e-05
[fit] 0030m/F40k_seed17033/fresh p2 step=40000/40000 loss=0.224901 lr=1e-05
[eval] 0030m/F40k_seed17033/fresh/40000 exploitability=0.00574755 eval_s=19.3
[arm] 0045m/R5k_seed17032/warm_reset seed=17032 batch=16384 loss=cross_entropy fitted=0 cuda_free_gib=2.21
[fit] 0045m/R5k_seed17032/warm_reset p1 step=250/5000 loss=0.202732 lr=0.00099
[fit] 0045m/R5k_seed17032/warm_reset p1 step=500/5000 loss=0.204904 lr=0.00098
[fit] 0045m/R5k_seed17032/warm_reset p1 step=750/5000 loss=0.203416 lr=0.00095
[fit] 0045m/R5k_seed17032/warm_reset p1 step=1000/5000 loss=0.199362 lr=0.00091
[fit] 0045m/R5k_seed17032/warm_reset p1 step=1250/5000 loss=0.203418 lr=0.00086
[fit] 0045m/R5k_seed17032/warm_reset p1 step=1500/5000 loss=0.206549 lr=0.0008
[fit] 0045m/R5k_seed17032/warm_reset p1 step=1750/5000 loss=0.202213 lr=0.00073
[fit] 0045m/R5k_seed17032/warm_reset p1 step=2000/5000 loss=0.203892 lr=0.00066
[fit] 0045m/R5k_seed17032/warm_reset p1 step=2250/5000 loss=0.203022 lr=0.00058
[fit] 0045m/R5k_seed17032/warm_reset p1 step=2500/5000 loss=0.198074 lr=0.00051
[fit] 0045m/R5k_seed17032/warm_reset p1 step=2750/5000 loss=0.200859 lr=0.00043
[fit] 0045m/R5k_seed17032/warm_reset p1 step=3000/5000 loss=0.206002 lr=0.00035
[fit] 0045m/R5k_seed17032/warm_reset p1 step=3250/5000 loss=0.201494 lr=0.00028
[fit] 0045m/R5k_seed17032/warm_reset p1 step=3500/5000 loss=0.207705 lr=0.00021
[fit] 0045m/R5k_seed17032/warm_reset p1 step=3750/5000 loss=0.198893 lr=0.00016
[fit] 0045m/R5k_seed17032/warm_reset p1 step=4000/5000 loss=0.205526 lr=0.0001
[fit] 0045m/R5k_seed17032/warm_reset p1 step=4250/5000 loss=0.202107 lr=6.4e-05
[fit] 0045m/R5k_seed17032/warm_reset p1 step=4500/5000 loss=0.207525 lr=3.4e-05
[fit] 0045m/R5k_seed17032/warm_reset p1 step=4750/5000 loss=0.203719 lr=1.6e-05
[fit] 0045m/R5k_seed17032/warm_reset p1 step=5000/5000 loss=0.201277 lr=1e-05
[fit] 0045m/R5k_seed17032/warm_reset p2 step=250/5000 loss=0.217618 lr=0.00099
[fit] 0045m/R5k_seed17032/warm_reset p2 step=500/5000 loss=0.219619 lr=0.00098
[fit] 0045m/R5k_seed17032/warm_reset p2 step=750/5000 loss=0.23345 lr=0.00095
[fit] 0045m/R5k_seed17032/warm_reset p2 step=1000/5000 loss=0.222433 lr=0.00091
[fit] 0045m/R5k_seed17032/warm_reset p2 step=1250/5000 loss=0.224356 lr=0.00086
[fit] 0045m/R5k_seed17032/warm_reset p2 step=1500/5000 loss=0.222915 lr=0.0008
[fit] 0045m/R5k_seed17032/warm_reset p2 step=1750/5000 loss=0.216964 lr=0.00073
[fit] 0045m/R5k_seed17032/warm_reset p2 step=2000/5000 loss=0.226274 lr=0.00066
[fit] 0045m/R5k_seed17032/warm_reset p2 step=2250/5000 loss=0.220028 lr=0.00058
[fit] 0045m/R5k_seed17032/warm_reset p2 step=2500/5000 loss=0.220968 lr=0.00051
[fit] 0045m/R5k_seed17032/warm_reset p2 step=2750/5000 loss=0.219931 lr=0.00043
[fit] 0045m/R5k_seed17032/warm_reset p2 step=3000/5000 loss=0.22134 lr=0.00035
[fit] 0045m/R5k_seed17032/warm_reset p2 step=3250/5000 loss=0.217874 lr=0.00028
[fit] 0045m/R5k_seed17032/warm_reset p2 step=3500/5000 loss=0.223708 lr=0.00021
[fit] 0045m/R5k_seed17032/warm_reset p2 step=3750/5000 loss=0.222122 lr=0.00016
[fit] 0045m/R5k_seed17032/warm_reset p2 step=4000/5000 loss=0.220027 lr=0.0001
[fit] 0045m/R5k_seed17032/warm_reset p2 step=4250/5000 loss=0.222226 lr=6.4e-05
[fit] 0045m/R5k_seed17032/warm_reset p2 step=4500/5000 loss=0.214715 lr=3.4e-05
[fit] 0045m/R5k_seed17032/warm_reset p2 step=4750/5000 loss=0.222811 lr=1.6e-05
[fit] 0045m/R5k_seed17032/warm_reset p2 step=5000/5000 loss=0.219319 lr=1e-05
[eval] 0045m/R5k_seed17032/warm_reset/5000 exploitability=0.00492325 eval_s=19.4
[arm] 0045m/R5k_seed17033/warm_reset seed=17033 batch=16384 loss=cross_entropy fitted=0 cuda_free_gib=2.21
[fit] 0045m/R5k_seed17033/warm_reset p1 step=250/5000 loss=0.204455 lr=0.00099
[fit] 0045m/R5k_seed17033/warm_reset p1 step=500/5000 loss=0.203056 lr=0.00098
[fit] 0045m/R5k_seed17033/warm_reset p1 step=750/5000 loss=0.204813 lr=0.00095
[fit] 0045m/R5k_seed17033/warm_reset p1 step=1000/5000 loss=0.201664 lr=0.00091
[fit] 0045m/R5k_seed17033/warm_reset p1 step=1250/5000 loss=0.210794 lr=0.00086
[fit] 0045m/R5k_seed17033/warm_reset p1 step=1500/5000 loss=0.203593 lr=0.0008
[fit] 0045m/R5k_seed17033/warm_reset p1 step=1750/5000 loss=0.205662 lr=0.00073
[fit] 0045m/R5k_seed17033/warm_reset p1 step=2000/5000 loss=0.20785 lr=0.00066
[fit] 0045m/R5k_seed17033/warm_reset p1 step=2250/5000 loss=0.205263 lr=0.00058
[fit] 0045m/R5k_seed17033/warm_reset p1 step=2500/5000 loss=0.202974 lr=0.00051
[fit] 0045m/R5k_seed17033/warm_reset p1 step=2750/5000 loss=0.202751 lr=0.00043
[fit] 0045m/R5k_seed17033/warm_reset p1 step=3000/5000 loss=0.209128 lr=0.00035
[fit] 0045m/R5k_seed17033/warm_reset p1 step=3250/5000 loss=0.200225 lr=0.00028
[fit] 0045m/R5k_seed17033/warm_reset p1 step=3500/5000 loss=0.203719 lr=0.00021
[fit] 0045m/R5k_seed17033/warm_reset p1 step=3750/5000 loss=0.202203 lr=0.00016
[fit] 0045m/R5k_seed17033/warm_reset p1 step=4000/5000 loss=0.200217 lr=0.0001
[fit] 0045m/R5k_seed17033/warm_reset p1 step=4250/5000 loss=0.202721 lr=6.4e-05
[fit] 0045m/R5k_seed17033/warm_reset p1 step=4500/5000 loss=0.199591 lr=3.4e-05
[fit] 0045m/R5k_seed17033/warm_reset p1 step=4750/5000 loss=0.200368 lr=1.6e-05
[fit] 0045m/R5k_seed17033/warm_reset p1 step=5000/5000 loss=0.20269 lr=1e-05
[fit] 0045m/R5k_seed17033/warm_reset p2 step=250/5000 loss=0.226845 lr=0.00099
[fit] 0045m/R5k_seed17033/warm_reset p2 step=500/5000 loss=0.224002 lr=0.00098
[fit] 0045m/R5k_seed17033/warm_reset p2 step=750/5000 loss=0.223935 lr=0.00095
[fit] 0045m/R5k_seed17033/warm_reset p2 step=1000/5000 loss=0.221949 lr=0.00091
[fit] 0045m/R5k_seed17033/warm_reset p2 step=1250/5000 loss=0.215645 lr=0.00086
[fit] 0045m/R5k_seed17033/warm_reset p2 step=1500/5000 loss=0.223142 lr=0.0008
[fit] 0045m/R5k_seed17033/warm_reset p2 step=1750/5000 loss=0.223588 lr=0.00073
[fit] 0045m/R5k_seed17033/warm_reset p2 step=2000/5000 loss=0.214077 lr=0.00066
[fit] 0045m/R5k_seed17033/warm_reset p2 step=2250/5000 loss=0.218026 lr=0.00058
[fit] 0045m/R5k_seed17033/warm_reset p2 step=2500/5000 loss=0.218141 lr=0.00051
[fit] 0045m/R5k_seed17033/warm_reset p2 step=2750/5000 loss=0.223742 lr=0.00043
[fit] 0045m/R5k_seed17033/warm_reset p2 step=3000/5000 loss=0.22276 lr=0.00035
[fit] 0045m/R5k_seed17033/warm_reset p2 step=3250/5000 loss=0.21928 lr=0.00028
[fit] 0045m/R5k_seed17033/warm_reset p2 step=3500/5000 loss=0.22598 lr=0.00021
[fit] 0045m/R5k_seed17033/warm_reset p2 step=3750/5000 loss=0.215087 lr=0.00016
[fit] 0045m/R5k_seed17033/warm_reset p2 step=4000/5000 loss=0.222678 lr=0.0001
[fit] 0045m/R5k_seed17033/warm_reset p2 step=4250/5000 loss=0.220654 lr=6.4e-05
[fit] 0045m/R5k_seed17033/warm_reset p2 step=4500/5000 loss=0.223157 lr=3.4e-05
[fit] 0045m/R5k_seed17033/warm_reset p2 step=4750/5000 loss=0.224278 lr=1.6e-05
[fit] 0045m/R5k_seed17033/warm_reset p2 step=5000/5000 loss=0.217858 lr=1e-05
[eval] 0045m/R5k_seed17033/warm_reset/5000 exploitability=0.00515629 eval_s=19.3
[arm] 0045m/F40k_seed17032/fresh seed=17032 batch=16384 loss=cross_entropy fitted=0 cuda_free_gib=2.21
[fit] 0045m/F40k_seed17032/fresh p1 step=250/40000 loss=0.274544 lr=0.001
[fit] 0045m/F40k_seed17032/fresh p1 step=500/40000 loss=0.228102 lr=0.001
[fit] 0045m/F40k_seed17032/fresh p1 step=750/40000 loss=0.21549 lr=0.001
[fit] 0045m/F40k_seed17032/fresh p1 step=1000/40000 loss=0.207468 lr=0.001
[fit] 0045m/F40k_seed17032/fresh p1 step=1250/40000 loss=0.208847 lr=0.001
[fit] 0045m/F40k_seed17032/fresh p1 step=1500/40000 loss=0.211286 lr=0.001
[fit] 0045m/F40k_seed17032/fresh p1 step=1750/40000 loss=0.205513 lr=0.001
[fit] 0045m/F40k_seed17032/fresh p1 step=2000/40000 loss=0.207436 lr=0.00099
[fit] 0045m/F40k_seed17032/fresh p1 step=2250/40000 loss=0.205751 lr=0.00099
[fit] 0045m/F40k_seed17032/fresh p1 step=2500/40000 loss=0.199986 lr=0.00099
[fit] 0045m/F40k_seed17032/fresh p1 step=2750/40000 loss=0.202582 lr=0.00099
[fit] 0045m/F40k_seed17032/fresh p1 step=3000/40000 loss=0.208071 lr=0.00099
[fit] 0045m/F40k_seed17032/fresh p1 step=3250/40000 loss=0.203506 lr=0.00098
[fit] 0045m/F40k_seed17032/fresh p1 step=3500/40000 loss=0.209369 lr=0.00098
[fit] 0045m/F40k_seed17032/fresh p1 step=3750/40000 loss=0.200422 lr=0.00098
[fit] 0045m/F40k_seed17032/fresh p1 step=4000/40000 loss=0.206995 lr=0.00098
[fit] 0045m/F40k_seed17032/fresh p1 step=4250/40000 loss=0.203731 lr=0.00097
[fit] 0045m/F40k_seed17032/fresh p1 step=4500/40000 loss=0.2088 lr=0.00097
[fit] 0045m/F40k_seed17032/fresh p1 step=4750/40000 loss=0.20499 lr=0.00097
[fit] 0045m/F40k_seed17032/fresh p1 step=5000/40000 loss=0.202462 lr=0.00096
[fit] 0045m/F40k_seed17032/fresh p1 step=5250/40000 loss=0.208711 lr=0.00096
[fit] 0045m/F40k_seed17032/fresh p1 step=5500/40000 loss=0.205431 lr=0.00095
[fit] 0045m/F40k_seed17032/fresh p1 step=5750/40000 loss=0.20541 lr=0.00095
[fit] 0045m/F40k_seed17032/fresh p1 step=6000/40000 loss=0.200868 lr=0.00095
[fit] 0045m/F40k_seed17032/fresh p1 step=6250/40000 loss=0.20827 lr=0.00094
[fit] 0045m/F40k_seed17032/fresh p1 step=6500/40000 loss=0.204203 lr=0.00094
[fit] 0045m/F40k_seed17032/fresh p1 step=6750/40000 loss=0.211971 lr=0.00093
[fit] 0045m/F40k_seed17032/fresh p1 step=7000/40000 loss=0.201667 lr=0.00093
[fit] 0045m/F40k_seed17032/fresh p1 step=7250/40000 loss=0.209011 lr=0.00092
[fit] 0045m/F40k_seed17032/fresh p1 step=7500/40000 loss=0.200774 lr=0.00092
[fit] 0045m/F40k_seed17032/fresh p1 step=7750/40000 loss=0.204495 lr=0.00091
[fit] 0045m/F40k_seed17032/fresh p1 step=8000/40000 loss=0.202891 lr=0.00091
[fit] 0045m/F40k_seed17032/fresh p1 step=8250/40000 loss=0.205784 lr=0.0009
[fit] 0045m/F40k_seed17032/fresh p1 step=8500/40000 loss=0.204557 lr=0.00089
[fit] 0045m/F40k_seed17032/fresh p1 step=8750/40000 loss=0.209729 lr=0.00089
[fit] 0045m/F40k_seed17032/fresh p1 step=9000/40000 loss=0.20464 lr=0.00088
[fit] 0045m/F40k_seed17032/fresh p1 step=9250/40000 loss=0.204948 lr=0.00088
[fit] 0045m/F40k_seed17032/fresh p1 step=9500/40000 loss=0.207395 lr=0.00087
[fit] 0045m/F40k_seed17032/fresh p1 step=9750/40000 loss=0.201003 lr=0.00086
[fit] 0045m/F40k_seed17032/fresh p1 step=10000/40000 loss=0.204521 lr=0.00086
[fit] 0045m/F40k_seed17032/fresh p1 step=10250/40000 loss=0.201769 lr=0.00085
[fit] 0045m/F40k_seed17032/fresh p1 step=10500/40000 loss=0.204295 lr=0.00084
[fit] 0045m/F40k_seed17032/fresh p1 step=10750/40000 loss=0.20591 lr=0.00083
[fit] 0045m/F40k_seed17032/fresh p1 step=11000/40000 loss=0.201995 lr=0.00083
[fit] 0045m/F40k_seed17032/fresh p1 step=11250/40000 loss=0.204851 lr=0.00082
[fit] 0045m/F40k_seed17032/fresh p1 step=11500/40000 loss=0.202975 lr=0.00081
[fit] 0045m/F40k_seed17032/fresh p1 step=11750/40000 loss=0.198127 lr=0.0008
[fit] 0045m/F40k_seed17032/fresh p1 step=12000/40000 loss=0.201067 lr=0.0008
[fit] 0045m/F40k_seed17032/fresh p1 step=12250/40000 loss=0.207339 lr=0.00079
[fit] 0045m/F40k_seed17032/fresh p1 step=12500/40000 loss=0.206184 lr=0.00078
[fit] 0045m/F40k_seed17032/fresh p1 step=12750/40000 loss=0.202335 lr=0.00077
[fit] 0045m/F40k_seed17032/fresh p1 step=13000/40000 loss=0.202983 lr=0.00076
[fit] 0045m/F40k_seed17032/fresh p1 step=13250/40000 loss=0.203386 lr=0.00076
[fit] 0045m/F40k_seed17032/fresh p1 step=13500/40000 loss=0.202841 lr=0.00075
[fit] 0045m/F40k_seed17032/fresh p1 step=13750/40000 loss=0.203609 lr=0.00074
[fit] 0045m/F40k_seed17032/fresh p1 step=14000/40000 loss=0.200595 lr=0.00073
[fit] 0045m/F40k_seed17032/fresh p1 step=14250/40000 loss=0.201806 lr=0.00072
[fit] 0045m/F40k_seed17032/fresh p1 step=14500/40000 loss=0.201988 lr=0.00071
[fit] 0045m/F40k_seed17032/fresh p1 step=14750/40000 loss=0.204902 lr=0.0007
[fit] 0045m/F40k_seed17032/fresh p1 step=15000/40000 loss=0.201613 lr=0.00069
[fit] 0045m/F40k_seed17032/fresh p1 step=15250/40000 loss=0.204125 lr=0.00069
[fit] 0045m/F40k_seed17032/fresh p1 step=15500/40000 loss=0.204259 lr=0.00068
[fit] 0045m/F40k_seed17032/fresh p1 step=15750/40000 loss=0.206965 lr=0.00067
[fit] 0045m/F40k_seed17032/fresh p1 step=16000/40000 loss=0.202553 lr=0.00066
[fit] 0045m/F40k_seed17032/fresh p1 step=16250/40000 loss=0.200086 lr=0.00065
[fit] 0045m/F40k_seed17032/fresh p1 step=16500/40000 loss=0.205282 lr=0.00064
[fit] 0045m/F40k_seed17032/fresh p1 step=16750/40000 loss=0.198548 lr=0.00063
[fit] 0045m/F40k_seed17032/fresh p1 step=17000/40000 loss=0.201683 lr=0.00062
[fit] 0045m/F40k_seed17032/fresh p1 step=17250/40000 loss=0.200779 lr=0.00061
[fit] 0045m/F40k_seed17032/fresh p1 step=17500/40000 loss=0.205844 lr=0.0006
[fit] 0045m/F40k_seed17032/fresh p1 step=17750/40000 loss=0.202439 lr=0.00059
[fit] 0045m/F40k_seed17032/fresh p1 step=18000/40000 loss=0.206259 lr=0.00058
[fit] 0045m/F40k_seed17032/fresh p1 step=18250/40000 loss=0.200483 lr=0.00057
[fit] 0045m/F40k_seed17032/fresh p1 step=18500/40000 loss=0.201129 lr=0.00056
[fit] 0045m/F40k_seed17032/fresh p1 step=18750/40000 loss=0.201052 lr=0.00055
[fit] 0045m/F40k_seed17032/fresh p1 step=19000/40000 loss=0.199242 lr=0.00054
[fit] 0045m/F40k_seed17032/fresh p1 step=19250/40000 loss=0.207106 lr=0.00053
[fit] 0045m/F40k_seed17032/fresh p1 step=19500/40000 loss=0.20816 lr=0.00052
[fit] 0045m/F40k_seed17032/fresh p1 step=19750/40000 loss=0.203213 lr=0.00051
[fit] 0045m/F40k_seed17032/fresh p1 step=20000/40000 loss=0.197487 lr=0.00051
[fit] 0045m/F40k_seed17032/fresh p1 step=20250/40000 loss=0.196174 lr=0.0005
[fit] 0045m/F40k_seed17032/fresh p1 step=20500/40000 loss=0.202254 lr=0.00049
[fit] 0045m/F40k_seed17032/fresh p1 step=20750/40000 loss=0.205934 lr=0.00048
[fit] 0045m/F40k_seed17032/fresh p1 step=21000/40000 loss=0.20332 lr=0.00047
[fit] 0045m/F40k_seed17032/fresh p1 step=21250/40000 loss=0.205545 lr=0.00046
[fit] 0045m/F40k_seed17032/fresh p1 step=21500/40000 loss=0.201806 lr=0.00045
[fit] 0045m/F40k_seed17032/fresh p1 step=21750/40000 loss=0.208909 lr=0.00044
[fit] 0045m/F40k_seed17032/fresh p1 step=22000/40000 loss=0.204821 lr=0.00043
[fit] 0045m/F40k_seed17032/fresh p1 step=22250/40000 loss=0.200365 lr=0.00042
[fit] 0045m/F40k_seed17032/fresh p1 step=22500/40000 loss=0.203042 lr=0.00041
[fit] 0045m/F40k_seed17032/fresh p1 step=22750/40000 loss=0.199413 lr=0.0004
[fit] 0045m/F40k_seed17032/fresh p1 step=23000/40000 loss=0.200002 lr=0.00039
[fit] 0045m/F40k_seed17032/fresh p1 step=23250/40000 loss=0.200103 lr=0.00038
[fit] 0045m/F40k_seed17032/fresh p1 step=23500/40000 loss=0.20458 lr=0.00037
[fit] 0045m/F40k_seed17032/fresh p1 step=23750/40000 loss=0.201824 lr=0.00036
[fit] 0045m/F40k_seed17032/fresh p1 step=24000/40000 loss=0.205866 lr=0.00035
[fit] 0045m/F40k_seed17032/fresh p1 step=24250/40000 loss=0.197515 lr=0.00034
[fit] 0045m/F40k_seed17032/fresh p1 step=24500/40000 loss=0.208469 lr=0.00033
[fit] 0045m/F40k_seed17032/fresh p1 step=24750/40000 loss=0.199361 lr=0.00032
[fit] 0045m/F40k_seed17032/fresh p1 step=25000/40000 loss=0.201993 lr=0.00032
[fit] 0045m/F40k_seed17032/fresh p1 step=25250/40000 loss=0.201539 lr=0.00031
[fit] 0045m/F40k_seed17032/fresh p1 step=25500/40000 loss=0.209738 lr=0.0003
[fit] 0045m/F40k_seed17032/fresh p1 step=25750/40000 loss=0.205757 lr=0.00029
[fit] 0045m/F40k_seed17032/fresh p1 step=26000/40000 loss=0.199508 lr=0.00028
[fit] 0045m/F40k_seed17032/fresh p1 step=26250/40000 loss=0.201885 lr=0.00027
[fit] 0045m/F40k_seed17032/fresh p1 step=26500/40000 loss=0.201543 lr=0.00026
[fit] 0045m/F40k_seed17032/fresh p1 step=26750/40000 loss=0.202203 lr=0.00025
[fit] 0045m/F40k_seed17032/fresh p1 step=27000/40000 loss=0.202002 lr=0.00025
[fit] 0045m/F40k_seed17032/fresh p1 step=27250/40000 loss=0.204287 lr=0.00024
[fit] 0045m/F40k_seed17032/fresh p1 step=27500/40000 loss=0.202267 lr=0.00023
[fit] 0045m/F40k_seed17032/fresh p1 step=27750/40000 loss=0.203064 lr=0.00022
[fit] 0045m/F40k_seed17032/fresh p1 step=28000/40000 loss=0.207995 lr=0.00021
[fit] 0045m/F40k_seed17032/fresh p1 step=28250/40000 loss=0.213282 lr=0.00021
[fit] 0045m/F40k_seed17032/fresh p1 step=28500/40000 loss=0.20674 lr=0.0002
[fit] 0045m/F40k_seed17032/fresh p1 step=28750/40000 loss=0.195147 lr=0.00019
[fit] 0045m/F40k_seed17032/fresh p1 step=29000/40000 loss=0.203497 lr=0.00018
[fit] 0045m/F40k_seed17032/fresh p1 step=29250/40000 loss=0.200022 lr=0.00018
[fit] 0045m/F40k_seed17032/fresh p1 step=29500/40000 loss=0.207247 lr=0.00017
[fit] 0045m/F40k_seed17032/fresh p1 step=29750/40000 loss=0.19991 lr=0.00016
[fit] 0045m/F40k_seed17032/fresh p1 step=30000/40000 loss=0.201953 lr=0.00015
[fit] 0045m/F40k_seed17032/fresh p1 step=30250/40000 loss=0.201105 lr=0.00015
[fit] 0045m/F40k_seed17032/fresh p1 step=30500/40000 loss=0.206304 lr=0.00014
[fit] 0045m/F40k_seed17032/fresh p1 step=30750/40000 loss=0.203788 lr=0.00013
[fit] 0045m/F40k_seed17032/fresh p1 step=31000/40000 loss=0.205994 lr=0.00013
[fit] 0045m/F40k_seed17032/fresh p1 step=31250/40000 loss=0.201702 lr=0.00012
[fit] 0045m/F40k_seed17032/fresh p1 step=31500/40000 loss=0.202715 lr=0.00012
[fit] 0045m/F40k_seed17032/fresh p1 step=31750/40000 loss=0.201658 lr=0.00011
[fit] 0045m/F40k_seed17032/fresh p1 step=32000/40000 loss=0.203696 lr=0.0001
[fit] 0045m/F40k_seed17032/fresh p1 step=32250/40000 loss=0.204193 lr=9.9e-05
[fit] 0045m/F40k_seed17032/fresh p1 step=32500/40000 loss=0.197339 lr=9.3e-05
[fit] 0045m/F40k_seed17032/fresh p1 step=32750/40000 loss=0.197135 lr=8.8e-05
[fit] 0045m/F40k_seed17032/fresh p1 step=33000/40000 loss=0.202339 lr=8.3e-05
[fit] 0045m/F40k_seed17032/fresh p1 step=33250/40000 loss=0.203793 lr=7.8e-05
[fit] 0045m/F40k_seed17032/fresh p1 step=33500/40000 loss=0.19988 lr=7.3e-05
[fit] 0045m/F40k_seed17032/fresh p1 step=33750/40000 loss=0.207554 lr=6.8e-05
[fit] 0045m/F40k_seed17032/fresh p1 step=34000/40000 loss=0.206878 lr=6.4e-05
[fit] 0045m/F40k_seed17032/fresh p1 step=34250/40000 loss=0.20962 lr=6e-05
[fit] 0045m/F40k_seed17032/fresh p1 step=34500/40000 loss=0.202458 lr=5.5e-05
[fit] 0045m/F40k_seed17032/fresh p1 step=34750/40000 loss=0.207569 lr=5.1e-05
[fit] 0045m/F40k_seed17032/fresh p1 step=35000/40000 loss=0.203683 lr=4.8e-05
[fit] 0045m/F40k_seed17032/fresh p1 step=35250/40000 loss=0.204963 lr=4.4e-05
[fit] 0045m/F40k_seed17032/fresh p1 step=35500/40000 loss=0.206616 lr=4.1e-05
[fit] 0045m/F40k_seed17032/fresh p1 step=35750/40000 loss=0.203035 lr=3.7e-05
[fit] 0045m/F40k_seed17032/fresh p1 step=36000/40000 loss=0.200116 lr=3.4e-05
[fit] 0045m/F40k_seed17032/fresh p1 step=36250/40000 loss=0.202117 lr=3.1e-05
[fit] 0045m/F40k_seed17032/fresh p1 step=36500/40000 loss=0.196507 lr=2.9e-05
[fit] 0045m/F40k_seed17032/fresh p1 step=36750/40000 loss=0.202914 lr=2.6e-05
[fit] 0045m/F40k_seed17032/fresh p1 step=37000/40000 loss=0.204116 lr=2.4e-05
[fit] 0045m/F40k_seed17032/fresh p1 step=37250/40000 loss=0.208818 lr=2.2e-05
[fit] 0045m/F40k_seed17032/fresh p1 step=37500/40000 loss=0.201856 lr=2e-05
[fit] 0045m/F40k_seed17032/fresh p1 step=37750/40000 loss=0.205138 lr=1.8e-05
[fit] 0045m/F40k_seed17032/fresh p1 step=38000/40000 loss=0.198227 lr=1.6e-05
[fit] 0045m/F40k_seed17032/fresh p1 step=38250/40000 loss=0.198711 lr=1.5e-05
[fit] 0045m/F40k_seed17032/fresh p1 step=38500/40000 loss=0.20466 lr=1.3e-05
[fit] 0045m/F40k_seed17032/fresh p1 step=38750/40000 loss=0.208496 lr=1.2e-05
[fit] 0045m/F40k_seed17032/fresh p1 step=39000/40000 loss=0.206067 lr=1.2e-05
[fit] 0045m/F40k_seed17032/fresh p1 step=39250/40000 loss=0.205008 lr=1.1e-05
[fit] 0045m/F40k_seed17032/fresh p1 step=39500/40000 loss=0.200383 lr=1e-05
[fit] 0045m/F40k_seed17032/fresh p1 step=39750/40000 loss=0.199997 lr=1e-05
[fit] 0045m/F40k_seed17032/fresh p1 step=40000/40000 loss=0.203191 lr=1e-05
[fit] 0045m/F40k_seed17032/fresh p2 step=250/40000 loss=0.325069 lr=0.001
[fit] 0045m/F40k_seed17032/fresh p2 step=500/40000 loss=0.285188 lr=0.001
[fit] 0045m/F40k_seed17032/fresh p2 step=750/40000 loss=0.264788 lr=0.001
[fit] 0045m/F40k_seed17032/fresh p2 step=1000/40000 loss=0.249919 lr=0.001
[fit] 0045m/F40k_seed17032/fresh p2 step=1250/40000 loss=0.241616 lr=0.001
[fit] 0045m/F40k_seed17032/fresh p2 step=1500/40000 loss=0.239816 lr=0.001
[fit] 0045m/F40k_seed17032/fresh p2 step=1750/40000 loss=0.233156 lr=0.001
[fit] 0045m/F40k_seed17032/fresh p2 step=2000/40000 loss=0.23377 lr=0.00099
[fit] 0045m/F40k_seed17032/fresh p2 step=2250/40000 loss=0.228508 lr=0.00099
[fit] 0045m/F40k_seed17032/fresh p2 step=2500/40000 loss=0.232103 lr=0.00099
[fit] 0045m/F40k_seed17032/fresh p2 step=2750/40000 loss=0.230604 lr=0.00099
[fit] 0045m/F40k_seed17032/fresh p2 step=3000/40000 loss=0.230351 lr=0.00099
[fit] 0045m/F40k_seed17032/fresh p2 step=3250/40000 loss=0.233348 lr=0.00098
[fit] 0045m/F40k_seed17032/fresh p2 step=3500/40000 loss=0.230986 lr=0.00098
[fit] 0045m/F40k_seed17032/fresh p2 step=3750/40000 loss=0.230388 lr=0.00098
[fit] 0045m/F40k_seed17032/fresh p2 step=4000/40000 loss=0.227194 lr=0.00098
[fit] 0045m/F40k_seed17032/fresh p2 step=4250/40000 loss=0.22754 lr=0.00097
[fit] 0045m/F40k_seed17032/fresh p2 step=4500/40000 loss=0.224166 lr=0.00097
[fit] 0045m/F40k_seed17032/fresh p2 step=4750/40000 loss=0.221364 lr=0.00097
[fit] 0045m/F40k_seed17032/fresh p2 step=5000/40000 loss=0.220019 lr=0.00096
[fit] 0045m/F40k_seed17032/fresh p2 step=5250/40000 loss=0.226999 lr=0.00096
[fit] 0045m/F40k_seed17032/fresh p2 step=5500/40000 loss=0.230769 lr=0.00095
[fit] 0045m/F40k_seed17032/fresh p2 step=5750/40000 loss=0.221662 lr=0.00095
[fit] 0045m/F40k_seed17032/fresh p2 step=6000/40000 loss=0.225268 lr=0.00095
[fit] 0045m/F40k_seed17032/fresh p2 step=6250/40000 loss=0.220241 lr=0.00094
[fit] 0045m/F40k_seed17032/fresh p2 step=6500/40000 loss=0.219219 lr=0.00094
[fit] 0045m/F40k_seed17032/fresh p2 step=6750/40000 loss=0.219933 lr=0.00093
[fit] 0045m/F40k_seed17032/fresh p2 step=7000/40000 loss=0.224879 lr=0.00093
[fit] 0045m/F40k_seed17032/fresh p2 step=7250/40000 loss=0.221296 lr=0.00092
[fit] 0045m/F40k_seed17032/fresh p2 step=7500/40000 loss=0.225323 lr=0.00092
[fit] 0045m/F40k_seed17032/fresh p2 step=7750/40000 loss=0.214765 lr=0.00091
[fit] 0045m/F40k_seed17032/fresh p2 step=8000/40000 loss=0.222966 lr=0.00091
[fit] 0045m/F40k_seed17032/fresh p2 step=8250/40000 loss=0.222574 lr=0.0009
[fit] 0045m/F40k_seed17032/fresh p2 step=8500/40000 loss=0.220173 lr=0.00089
[fit] 0045m/F40k_seed17032/fresh p2 step=8750/40000 loss=0.216654 lr=0.00089
[fit] 0045m/F40k_seed17032/fresh p2 step=9000/40000 loss=0.233365 lr=0.00088
[fit] 0045m/F40k_seed17032/fresh p2 step=9250/40000 loss=0.223158 lr=0.00088
[fit] 0045m/F40k_seed17032/fresh p2 step=9500/40000 loss=0.220655 lr=0.00087
[fit] 0045m/F40k_seed17032/fresh p2 step=9750/40000 loss=0.222836 lr=0.00086
[fit] 0045m/F40k_seed17032/fresh p2 step=10000/40000 loss=0.22785 lr=0.00086
[fit] 0045m/F40k_seed17032/fresh p2 step=10250/40000 loss=0.224638 lr=0.00085
[fit] 0045m/F40k_seed17032/fresh p2 step=10500/40000 loss=0.214885 lr=0.00084
[fit] 0045m/F40k_seed17032/fresh p2 step=10750/40000 loss=0.228975 lr=0.00083
[fit] 0045m/F40k_seed17032/fresh p2 step=11000/40000 loss=0.219466 lr=0.00083
[fit] 0045m/F40k_seed17032/fresh p2 step=11250/40000 loss=0.226525 lr=0.00082
[fit] 0045m/F40k_seed17032/fresh p2 step=11500/40000 loss=0.217295 lr=0.00081
[fit] 0045m/F40k_seed17032/fresh p2 step=11750/40000 loss=0.222207 lr=0.0008
[fit] 0045m/F40k_seed17032/fresh p2 step=12000/40000 loss=0.217598 lr=0.0008
[fit] 0045m/F40k_seed17032/fresh p2 step=12250/40000 loss=0.218131 lr=0.00079
[fit] 0045m/F40k_seed17032/fresh p2 step=12500/40000 loss=0.219597 lr=0.00078
[fit] 0045m/F40k_seed17032/fresh p2 step=12750/40000 loss=0.220291 lr=0.00077
[fit] 0045m/F40k_seed17032/fresh p2 step=13000/40000 loss=0.219038 lr=0.00076
[fit] 0045m/F40k_seed17032/fresh p2 step=13250/40000 loss=0.216254 lr=0.00076
[fit] 0045m/F40k_seed17032/fresh p2 step=13500/40000 loss=0.221634 lr=0.00075
[fit] 0045m/F40k_seed17032/fresh p2 step=13750/40000 loss=0.225522 lr=0.00074
[fit] 0045m/F40k_seed17032/fresh p2 step=14000/40000 loss=0.220131 lr=0.00073
[fit] 0045m/F40k_seed17032/fresh p2 step=14250/40000 loss=0.215321 lr=0.00072
[fit] 0045m/F40k_seed17032/fresh p2 step=14500/40000 loss=0.217986 lr=0.00071
[fit] 0045m/F40k_seed17032/fresh p2 step=14750/40000 loss=0.22134 lr=0.0007
[fit] 0045m/F40k_seed17032/fresh p2 step=15000/40000 loss=0.218627 lr=0.00069
[fit] 0045m/F40k_seed17032/fresh p2 step=15250/40000 loss=0.216683 lr=0.00069
[fit] 0045m/F40k_seed17032/fresh p2 step=15500/40000 loss=0.217369 lr=0.00068
[fit] 0045m/F40k_seed17032/fresh p2 step=15750/40000 loss=0.223928 lr=0.00067
[fit] 0045m/F40k_seed17032/fresh p2 step=16000/40000 loss=0.21984 lr=0.00066
[fit] 0045m/F40k_seed17032/fresh p2 step=16250/40000 loss=0.219936 lr=0.00065
[fit] 0045m/F40k_seed17032/fresh p2 step=16500/40000 loss=0.217413 lr=0.00064
[fit] 0045m/F40k_seed17032/fresh p2 step=16750/40000 loss=0.223879 lr=0.00063
[fit] 0045m/F40k_seed17032/fresh p2 step=17000/40000 loss=0.224427 lr=0.00062
[fit] 0045m/F40k_seed17032/fresh p2 step=17250/40000 loss=0.217715 lr=0.00061
[fit] 0045m/F40k_seed17032/fresh p2 step=17500/40000 loss=0.225685 lr=0.0006
[fit] 0045m/F40k_seed17032/fresh p2 step=17750/40000 loss=0.228819 lr=0.00059
[fit] 0045m/F40k_seed17032/fresh p2 step=18000/40000 loss=0.221943 lr=0.00058
[fit] 0045m/F40k_seed17032/fresh p2 step=18250/40000 loss=0.217458 lr=0.00057
[fit] 0045m/F40k_seed17032/fresh p2 step=18500/40000 loss=0.221186 lr=0.00056
[fit] 0045m/F40k_seed17032/fresh p2 step=18750/40000 loss=0.223285 lr=0.00055
[fit] 0045m/F40k_seed17032/fresh p2 step=19000/40000 loss=0.223223 lr=0.00054
[fit] 0045m/F40k_seed17032/fresh p2 step=19250/40000 loss=0.218402 lr=0.00053
[fit] 0045m/F40k_seed17032/fresh p2 step=19500/40000 loss=0.225574 lr=0.00052
[fit] 0045m/F40k_seed17032/fresh p2 step=19750/40000 loss=0.220699 lr=0.00051
[fit] 0045m/F40k_seed17032/fresh p2 step=20000/40000 loss=0.22417 lr=0.00051
[fit] 0045m/F40k_seed17032/fresh p2 step=20250/40000 loss=0.221366 lr=0.0005
[fit] 0045m/F40k_seed17032/fresh p2 step=20500/40000 loss=0.221517 lr=0.00049
[fit] 0045m/F40k_seed17032/fresh p2 step=20750/40000 loss=0.22182 lr=0.00048
[fit] 0045m/F40k_seed17032/fresh p2 step=21000/40000 loss=0.218259 lr=0.00047
[fit] 0045m/F40k_seed17032/fresh p2 step=21250/40000 loss=0.222877 lr=0.00046
[fit] 0045m/F40k_seed17032/fresh p2 step=21500/40000 loss=0.222826 lr=0.00045
[fit] 0045m/F40k_seed17032/fresh p2 step=21750/40000 loss=0.221419 lr=0.00044
[fit] 0045m/F40k_seed17032/fresh p2 step=22000/40000 loss=0.218867 lr=0.00043
[fit] 0045m/F40k_seed17032/fresh p2 step=22250/40000 loss=0.223462 lr=0.00042
[fit] 0045m/F40k_seed17032/fresh p2 step=22500/40000 loss=0.221148 lr=0.00041
[fit] 0045m/F40k_seed17032/fresh p2 step=22750/40000 loss=0.219726 lr=0.0004
[fit] 0045m/F40k_seed17032/fresh p2 step=23000/40000 loss=0.214213 lr=0.00039
[fit] 0045m/F40k_seed17032/fresh p2 step=23250/40000 loss=0.220459 lr=0.00038
[fit] 0045m/F40k_seed17032/fresh p2 step=23500/40000 loss=0.219902 lr=0.00037
[fit] 0045m/F40k_seed17032/fresh p2 step=23750/40000 loss=0.220071 lr=0.00036
[fit] 0045m/F40k_seed17032/fresh p2 step=24000/40000 loss=0.228497 lr=0.00035
[fit] 0045m/F40k_seed17032/fresh p2 step=24250/40000 loss=0.220264 lr=0.00034
[fit] 0045m/F40k_seed17032/fresh p2 step=24500/40000 loss=0.21297 lr=0.00033
[fit] 0045m/F40k_seed17032/fresh p2 step=24750/40000 loss=0.21808 lr=0.00032
[fit] 0045m/F40k_seed17032/fresh p2 step=25000/40000 loss=0.221825 lr=0.00032
[fit] 0045m/F40k_seed17032/fresh p2 step=25250/40000 loss=0.220756 lr=0.00031
[fit] 0045m/F40k_seed17032/fresh p2 step=25500/40000 loss=0.219351 lr=0.0003
[fit] 0045m/F40k_seed17032/fresh p2 step=25750/40000 loss=0.222281 lr=0.00029
[fit] 0045m/F40k_seed17032/fresh p2 step=26000/40000 loss=0.218623 lr=0.00028
[fit] 0045m/F40k_seed17032/fresh p2 step=26250/40000 loss=0.21714 lr=0.00027
[fit] 0045m/F40k_seed17032/fresh p2 step=26500/40000 loss=0.216733 lr=0.00026
[fit] 0045m/F40k_seed17032/fresh p2 step=26750/40000 loss=0.217855 lr=0.00025
[fit] 0045m/F40k_seed17032/fresh p2 step=27000/40000 loss=0.211711 lr=0.00025
[fit] 0045m/F40k_seed17032/fresh p2 step=27250/40000 loss=0.219507 lr=0.00024
[fit] 0045m/F40k_seed17032/fresh p2 step=27500/40000 loss=0.216982 lr=0.00023
[fit] 0045m/F40k_seed17032/fresh p2 step=27750/40000 loss=0.221276 lr=0.00022
[fit] 0045m/F40k_seed17032/fresh p2 step=28000/40000 loss=0.218881 lr=0.00021
[fit] 0045m/F40k_seed17032/fresh p2 step=28250/40000 loss=0.219971 lr=0.00021
[fit] 0045m/F40k_seed17032/fresh p2 step=28500/40000 loss=0.220438 lr=0.0002
[fit] 0045m/F40k_seed17032/fresh p2 step=28750/40000 loss=0.224654 lr=0.00019
[fit] 0045m/F40k_seed17032/fresh p2 step=29000/40000 loss=0.21415 lr=0.00018
[fit] 0045m/F40k_seed17032/fresh p2 step=29250/40000 loss=0.221969 lr=0.00018
[fit] 0045m/F40k_seed17032/fresh p2 step=29500/40000 loss=0.213912 lr=0.00017
[fit] 0045m/F40k_seed17032/fresh p2 step=29750/40000 loss=0.229423 lr=0.00016
[fit] 0045m/F40k_seed17032/fresh p2 step=30000/40000 loss=0.221268 lr=0.00015
[fit] 0045m/F40k_seed17032/fresh p2 step=30250/40000 loss=0.22579 lr=0.00015
[fit] 0045m/F40k_seed17032/fresh p2 step=30500/40000 loss=0.21799 lr=0.00014
[fit] 0045m/F40k_seed17032/fresh p2 step=30750/40000 loss=0.226639 lr=0.00013
[fit] 0045m/F40k_seed17032/fresh p2 step=31000/40000 loss=0.218493 lr=0.00013
[fit] 0045m/F40k_seed17032/fresh p2 step=31250/40000 loss=0.219407 lr=0.00012
[fit] 0045m/F40k_seed17032/fresh p2 step=31500/40000 loss=0.224886 lr=0.00012
[fit] 0045m/F40k_seed17032/fresh p2 step=31750/40000 loss=0.216247 lr=0.00011
[fit] 0045m/F40k_seed17032/fresh p2 step=32000/40000 loss=0.223417 lr=0.0001
[fit] 0045m/F40k_seed17032/fresh p2 step=32250/40000 loss=0.223186 lr=9.9e-05
[fit] 0045m/F40k_seed17032/fresh p2 step=32500/40000 loss=0.212023 lr=9.3e-05
[fit] 0045m/F40k_seed17032/fresh p2 step=32750/40000 loss=0.217317 lr=8.8e-05
[fit] 0045m/F40k_seed17032/fresh p2 step=33000/40000 loss=0.220226 lr=8.3e-05
[fit] 0045m/F40k_seed17032/fresh p2 step=33250/40000 loss=0.223622 lr=7.8e-05
[fit] 0045m/F40k_seed17032/fresh p2 step=33500/40000 loss=0.224373 lr=7.3e-05
[fit] 0045m/F40k_seed17032/fresh p2 step=33750/40000 loss=0.219379 lr=6.8e-05
[fit] 0045m/F40k_seed17032/fresh p2 step=34000/40000 loss=0.218736 lr=6.4e-05
[fit] 0045m/F40k_seed17032/fresh p2 step=34250/40000 loss=0.219141 lr=6e-05
[fit] 0045m/F40k_seed17032/fresh p2 step=34500/40000 loss=0.226294 lr=5.5e-05
[fit] 0045m/F40k_seed17032/fresh p2 step=34750/40000 loss=0.217206 lr=5.1e-05
[fit] 0045m/F40k_seed17032/fresh p2 step=35000/40000 loss=0.215012 lr=4.8e-05
[fit] 0045m/F40k_seed17032/fresh p2 step=35250/40000 loss=0.224002 lr=4.4e-05
[fit] 0045m/F40k_seed17032/fresh p2 step=35500/40000 loss=0.216296 lr=4.1e-05
[fit] 0045m/F40k_seed17032/fresh p2 step=35750/40000 loss=0.216406 lr=3.7e-05
[fit] 0045m/F40k_seed17032/fresh p2 step=36000/40000 loss=0.218427 lr=3.4e-05
[fit] 0045m/F40k_seed17032/fresh p2 step=36250/40000 loss=0.215292 lr=3.1e-05
[fit] 0045m/F40k_seed17032/fresh p2 step=36500/40000 loss=0.218695 lr=2.9e-05
[fit] 0045m/F40k_seed17032/fresh p2 step=36750/40000 loss=0.216601 lr=2.6e-05
[fit] 0045m/F40k_seed17032/fresh p2 step=37000/40000 loss=0.224122 lr=2.4e-05
[fit] 0045m/F40k_seed17032/fresh p2 step=37250/40000 loss=0.222531 lr=2.2e-05
[fit] 0045m/F40k_seed17032/fresh p2 step=37500/40000 loss=0.21686 lr=2e-05
[fit] 0045m/F40k_seed17032/fresh p2 step=37750/40000 loss=0.216563 lr=1.8e-05
[fit] 0045m/F40k_seed17032/fresh p2 step=38000/40000 loss=0.218836 lr=1.6e-05
[fit] 0045m/F40k_seed17032/fresh p2 step=38250/40000 loss=0.221322 lr=1.5e-05
[fit] 0045m/F40k_seed17032/fresh p2 step=38500/40000 loss=0.224525 lr=1.3e-05
[fit] 0045m/F40k_seed17032/fresh p2 step=38750/40000 loss=0.214854 lr=1.2e-05
[fit] 0045m/F40k_seed17032/fresh p2 step=39000/40000 loss=0.217297 lr=1.2e-05
[fit] 0045m/F40k_seed17032/fresh p2 step=39250/40000 loss=0.218836 lr=1.1e-05
[fit] 0045m/F40k_seed17032/fresh p2 step=39500/40000 loss=0.210752 lr=1e-05
[fit] 0045m/F40k_seed17032/fresh p2 step=39750/40000 loss=0.223681 lr=1e-05
[fit] 0045m/F40k_seed17032/fresh p2 step=40000/40000 loss=0.22202 lr=1e-05
[eval] 0045m/F40k_seed17032/fresh/40000 exploitability=0.00496162 eval_s=18.9
[arm] 0045m/F40k_seed17033/fresh seed=17033 batch=16384 loss=cross_entropy fitted=0 cuda_free_gib=2.21
[fit] 0045m/F40k_seed17033/fresh p1 step=250/40000 loss=0.278202 lr=0.001
[fit] 0045m/F40k_seed17033/fresh p1 step=500/40000 loss=0.224621 lr=0.001
[fit] 0045m/F40k_seed17033/fresh p1 step=750/40000 loss=0.217027 lr=0.001
[fit] 0045m/F40k_seed17033/fresh p1 step=1000/40000 loss=0.20886 lr=0.001
[fit] 0045m/F40k_seed17033/fresh p1 step=1250/40000 loss=0.215446 lr=0.001
[fit] 0045m/F40k_seed17033/fresh p1 step=1500/40000 loss=0.207137 lr=0.001
[fit] 0045m/F40k_seed17033/fresh p1 step=1750/40000 loss=0.20866 lr=0.001
[fit] 0045m/F40k_seed17033/fresh p1 step=2000/40000 loss=0.210911 lr=0.00099
[fit] 0045m/F40k_seed17033/fresh p1 step=2250/40000 loss=0.207425 lr=0.00099
[fit] 0045m/F40k_seed17033/fresh p1 step=2500/40000 loss=0.205313 lr=0.00099
[fit] 0045m/F40k_seed17033/fresh p1 step=2750/40000 loss=0.20479 lr=0.00099
[fit] 0045m/F40k_seed17033/fresh p1 step=3000/40000 loss=0.211073 lr=0.00099
[fit] 0045m/F40k_seed17033/fresh p1 step=3250/40000 loss=0.201638 lr=0.00098
[fit] 0045m/F40k_seed17033/fresh p1 step=3500/40000 loss=0.205123 lr=0.00098
[fit] 0045m/F40k_seed17033/fresh p1 step=3750/40000 loss=0.203502 lr=0.00098
[fit] 0045m/F40k_seed17033/fresh p1 step=4000/40000 loss=0.201792 lr=0.00098
[fit] 0045m/F40k_seed17033/fresh p1 step=4250/40000 loss=0.203621 lr=0.00097
[fit] 0045m/F40k_seed17033/fresh p1 step=4500/40000 loss=0.200943 lr=0.00097
[fit] 0045m/F40k_seed17033/fresh p1 step=4750/40000 loss=0.201687 lr=0.00097
[fit] 0045m/F40k_seed17033/fresh p1 step=5000/40000 loss=0.20383 lr=0.00096
[fit] 0045m/F40k_seed17033/fresh p1 step=5250/40000 loss=0.20197 lr=0.00096
[fit] 0045m/F40k_seed17033/fresh p1 step=5500/40000 loss=0.204572 lr=0.00095
[fit] 0045m/F40k_seed17033/fresh p1 step=5750/40000 loss=0.201904 lr=0.00095
[fit] 0045m/F40k_seed17033/fresh p1 step=6000/40000 loss=0.201354 lr=0.00095
[fit] 0045m/F40k_seed17033/fresh p1 step=6250/40000 loss=0.212872 lr=0.00094
[fit] 0045m/F40k_seed17033/fresh p1 step=6500/40000 loss=0.20415 lr=0.00094
[fit] 0045m/F40k_seed17033/fresh p1 step=6750/40000 loss=0.204623 lr=0.00093
[fit] 0045m/F40k_seed17033/fresh p1 step=7000/40000 loss=0.201048 lr=0.00093
[fit] 0045m/F40k_seed17033/fresh p1 step=7250/40000 loss=0.204934 lr=0.00092
[fit] 0045m/F40k_seed17033/fresh p1 step=7500/40000 loss=0.204556 lr=0.00092
[fit] 0045m/F40k_seed17033/fresh p1 step=7750/40000 loss=0.197025 lr=0.00091
[fit] 0045m/F40k_seed17033/fresh p1 step=8000/40000 loss=0.20313 lr=0.00091
[fit] 0045m/F40k_seed17033/fresh p1 step=8250/40000 loss=0.201124 lr=0.0009
[fit] 0045m/F40k_seed17033/fresh p1 step=8500/40000 loss=0.207621 lr=0.00089
[fit] 0045m/F40k_seed17033/fresh p1 step=8750/40000 loss=0.201136 lr=0.00089
[fit] 0045m/F40k_seed17033/fresh p1 step=9000/40000 loss=0.199927 lr=0.00088
[fit] 0045m/F40k_seed17033/fresh p1 step=9250/40000 loss=0.203674 lr=0.00088
[fit] 0045m/F40k_seed17033/fresh p1 step=9500/40000 loss=0.20529 lr=0.00087
[fit] 0045m/F40k_seed17033/fresh p1 step=9750/40000 loss=0.200978 lr=0.00086
[fit] 0045m/F40k_seed17033/fresh p1 step=10000/40000 loss=0.203553 lr=0.00086
[fit] 0045m/F40k_seed17033/fresh p1 step=10250/40000 loss=0.200065 lr=0.00085
[fit] 0045m/F40k_seed17033/fresh p1 step=10500/40000 loss=0.20044 lr=0.00084
[fit] 0045m/F40k_seed17033/fresh p1 step=10750/40000 loss=0.201975 lr=0.00083
[fit] 0045m/F40k_seed17033/fresh p1 step=11000/40000 loss=0.203971 lr=0.00083
[fit] 0045m/F40k_seed17033/fresh p1 step=11250/40000 loss=0.202588 lr=0.00082
[fit] 0045m/F40k_seed17033/fresh p1 step=11500/40000 loss=0.205967 lr=0.00081
[fit] 0045m/F40k_seed17033/fresh p1 step=11750/40000 loss=0.204494 lr=0.0008
[fit] 0045m/F40k_seed17033/fresh p1 step=12000/40000 loss=0.205407 lr=0.0008
[fit] 0045m/F40k_seed17033/fresh p1 step=12250/40000 loss=0.203827 lr=0.00079
[fit] 0045m/F40k_seed17033/fresh p1 step=12500/40000 loss=0.20444 lr=0.00078
[fit] 0045m/F40k_seed17033/fresh p1 step=12750/40000 loss=0.201332 lr=0.00077
[fit] 0045m/F40k_seed17033/fresh p1 step=13000/40000 loss=0.199968 lr=0.00076
[fit] 0045m/F40k_seed17033/fresh p1 step=13250/40000 loss=0.207017 lr=0.00076
[fit] 0045m/F40k_seed17033/fresh p1 step=13500/40000 loss=0.20768 lr=0.00075
[fit] 0045m/F40k_seed17033/fresh p1 step=13750/40000 loss=0.197328 lr=0.00074
[fit] 0045m/F40k_seed17033/fresh p1 step=14000/40000 loss=0.200045 lr=0.00073
[fit] 0045m/F40k_seed17033/fresh p1 step=14250/40000 loss=0.206653 lr=0.00072
[fit] 0045m/F40k_seed17033/fresh p1 step=14500/40000 loss=0.206052 lr=0.00071
[fit] 0045m/F40k_seed17033/fresh p1 step=14750/40000 loss=0.202642 lr=0.0007
[fit] 0045m/F40k_seed17033/fresh p1 step=15000/40000 loss=0.203994 lr=0.00069
[fit] 0045m/F40k_seed17033/fresh p1 step=15250/40000 loss=0.20469 lr=0.00069
[fit] 0045m/F40k_seed17033/fresh p1 step=15500/40000 loss=0.199442 lr=0.00068
[fit] 0045m/F40k_seed17033/fresh p1 step=15750/40000 loss=0.20618 lr=0.00067
[fit] 0045m/F40k_seed17033/fresh p1 step=16000/40000 loss=0.207488 lr=0.00066
[fit] 0045m/F40k_seed17033/fresh p1 step=16250/40000 loss=0.206094 lr=0.00065
[fit] 0045m/F40k_seed17033/fresh p1 step=16500/40000 loss=0.206494 lr=0.00064
[fit] 0045m/F40k_seed17033/fresh p1 step=16750/40000 loss=0.203592 lr=0.00063
[fit] 0045m/F40k_seed17033/fresh p1 step=17000/40000 loss=0.204079 lr=0.00062
[fit] 0045m/F40k_seed17033/fresh p1 step=17250/40000 loss=0.207331 lr=0.00061
[fit] 0045m/F40k_seed17033/fresh p1 step=17500/40000 loss=0.200256 lr=0.0006
[fit] 0045m/F40k_seed17033/fresh p1 step=17750/40000 loss=0.206147 lr=0.00059
[fit] 0045m/F40k_seed17033/fresh p1 step=18000/40000 loss=0.203793 lr=0.00058
[fit] 0045m/F40k_seed17033/fresh p1 step=18250/40000 loss=0.208605 lr=0.00057
[fit] 0045m/F40k_seed17033/fresh p1 step=18500/40000 loss=0.202909 lr=0.00056
[fit] 0045m/F40k_seed17033/fresh p1 step=18750/40000 loss=0.205136 lr=0.00055
[fit] 0045m/F40k_seed17033/fresh p1 step=19000/40000 loss=0.200678 lr=0.00054
[fit] 0045m/F40k_seed17033/fresh p1 step=19250/40000 loss=0.20661 lr=0.00053
[fit] 0045m/F40k_seed17033/fresh p1 step=19500/40000 loss=0.19817 lr=0.00052
[fit] 0045m/F40k_seed17033/fresh p1 step=19750/40000 loss=0.203922 lr=0.00051
[fit] 0045m/F40k_seed17033/fresh p1 step=20000/40000 loss=0.202585 lr=0.00051
[fit] 0045m/F40k_seed17033/fresh p1 step=20250/40000 loss=0.203589 lr=0.0005
[fit] 0045m/F40k_seed17033/fresh p1 step=20500/40000 loss=0.200418 lr=0.00049
[fit] 0045m/F40k_seed17033/fresh p1 step=20750/40000 loss=0.200986 lr=0.00048
[fit] 0045m/F40k_seed17033/fresh p1 step=21000/40000 loss=0.202008 lr=0.00047
[fit] 0045m/F40k_seed17033/fresh p1 step=21250/40000 loss=0.208264 lr=0.00046
[fit] 0045m/F40k_seed17033/fresh p1 step=21500/40000 loss=0.205456 lr=0.00045
[fit] 0045m/F40k_seed17033/fresh p1 step=21750/40000 loss=0.203445 lr=0.00044
[fit] 0045m/F40k_seed17033/fresh p1 step=22000/40000 loss=0.201391 lr=0.00043
[fit] 0045m/F40k_seed17033/fresh p1 step=22250/40000 loss=0.203023 lr=0.00042
[fit] 0045m/F40k_seed17033/fresh p1 step=22500/40000 loss=0.198845 lr=0.00041
[fit] 0045m/F40k_seed17033/fresh p1 step=22750/40000 loss=0.200603 lr=0.0004
[fit] 0045m/F40k_seed17033/fresh p1 step=23000/40000 loss=0.203215 lr=0.00039
[fit] 0045m/F40k_seed17033/fresh p1 step=23250/40000 loss=0.205454 lr=0.00038
[fit] 0045m/F40k_seed17033/fresh p1 step=23500/40000 loss=0.201051 lr=0.00037
[fit] 0045m/F40k_seed17033/fresh p1 step=23750/40000 loss=0.205359 lr=0.00036
[fit] 0045m/F40k_seed17033/fresh p1 step=24000/40000 loss=0.201872 lr=0.00035
[fit] 0045m/F40k_seed17033/fresh p1 step=24250/40000 loss=0.203485 lr=0.00034
[fit] 0045m/F40k_seed17033/fresh p1 step=24500/40000 loss=0.210668 lr=0.00033
[fit] 0045m/F40k_seed17033/fresh p1 step=24750/40000 loss=0.206165 lr=0.00032
[fit] 0045m/F40k_seed17033/fresh p1 step=25000/40000 loss=0.203399 lr=0.00032
[fit] 0045m/F40k_seed17033/fresh p1 step=25250/40000 loss=0.201848 lr=0.00031
[fit] 0045m/F40k_seed17033/fresh p1 step=25500/40000 loss=0.202104 lr=0.0003
[fit] 0045m/F40k_seed17033/fresh p1 step=25750/40000 loss=0.204339 lr=0.00029
[fit] 0045m/F40k_seed17033/fresh p1 step=26000/40000 loss=0.204002 lr=0.00028
[fit] 0045m/F40k_seed17033/fresh p1 step=26250/40000 loss=0.202618 lr=0.00027
[fit] 0045m/F40k_seed17033/fresh p1 step=26500/40000 loss=0.200997 lr=0.00026
[fit] 0045m/F40k_seed17033/fresh p1 step=26750/40000 loss=0.205919 lr=0.00025
[fit] 0045m/F40k_seed17033/fresh p1 step=27000/40000 loss=0.205239 lr=0.00025
[fit] 0045m/F40k_seed17033/fresh p1 step=27250/40000 loss=0.205224 lr=0.00024
[fit] 0045m/F40k_seed17033/fresh p1 step=27500/40000 loss=0.200562 lr=0.00023
[fit] 0045m/F40k_seed17033/fresh p1 step=27750/40000 loss=0.199839 lr=0.00022
[fit] 0045m/F40k_seed17033/fresh p1 step=28000/40000 loss=0.203018 lr=0.00021
[fit] 0045m/F40k_seed17033/fresh p1 step=28250/40000 loss=0.20153 lr=0.00021
[fit] 0045m/F40k_seed17033/fresh p1 step=28500/40000 loss=0.210891 lr=0.0002
[fit] 0045m/F40k_seed17033/fresh p1 step=28750/40000 loss=0.203147 lr=0.00019
[fit] 0045m/F40k_seed17033/fresh p1 step=29000/40000 loss=0.202261 lr=0.00018
[fit] 0045m/F40k_seed17033/fresh p1 step=29250/40000 loss=0.197912 lr=0.00018
[fit] 0045m/F40k_seed17033/fresh p1 step=29500/40000 loss=0.20542 lr=0.00017
[fit] 0045m/F40k_seed17033/fresh p1 step=29750/40000 loss=0.201857 lr=0.00016
[fit] 0045m/F40k_seed17033/fresh p1 step=30000/40000 loss=0.207453 lr=0.00015
[fit] 0045m/F40k_seed17033/fresh p1 step=30250/40000 loss=0.204635 lr=0.00015
[fit] 0045m/F40k_seed17033/fresh p1 step=30500/40000 loss=0.205495 lr=0.00014
[fit] 0045m/F40k_seed17033/fresh p1 step=30750/40000 loss=0.200499 lr=0.00013
[fit] 0045m/F40k_seed17033/fresh p1 step=31000/40000 loss=0.200458 lr=0.00013
[fit] 0045m/F40k_seed17033/fresh p1 step=31250/40000 loss=0.202915 lr=0.00012
[fit] 0045m/F40k_seed17033/fresh p1 step=31500/40000 loss=0.203537 lr=0.00012
[fit] 0045m/F40k_seed17033/fresh p1 step=31750/40000 loss=0.204384 lr=0.00011
[fit] 0045m/F40k_seed17033/fresh p1 step=32000/40000 loss=0.201077 lr=0.0001
[fit] 0045m/F40k_seed17033/fresh p1 step=32250/40000 loss=0.201722 lr=9.9e-05
[fit] 0045m/F40k_seed17033/fresh p1 step=32500/40000 loss=0.203222 lr=9.3e-05
[fit] 0045m/F40k_seed17033/fresh p1 step=32750/40000 loss=0.204018 lr=8.8e-05
[fit] 0045m/F40k_seed17033/fresh p1 step=33000/40000 loss=0.200227 lr=8.3e-05
[fit] 0045m/F40k_seed17033/fresh p1 step=33250/40000 loss=0.197805 lr=7.8e-05
[fit] 0045m/F40k_seed17033/fresh p1 step=33500/40000 loss=0.203725 lr=7.3e-05
[fit] 0045m/F40k_seed17033/fresh p1 step=33750/40000 loss=0.203182 lr=6.8e-05
[fit] 0045m/F40k_seed17033/fresh p1 step=34000/40000 loss=0.205454 lr=6.4e-05
[fit] 0045m/F40k_seed17033/fresh p1 step=34250/40000 loss=0.20292 lr=6e-05
[fit] 0045m/F40k_seed17033/fresh p1 step=34500/40000 loss=0.20309 lr=5.5e-05
[fit] 0045m/F40k_seed17033/fresh p1 step=34750/40000 loss=0.203408 lr=5.1e-05
[fit] 0045m/F40k_seed17033/fresh p1 step=35000/40000 loss=0.204068 lr=4.8e-05
[fit] 0045m/F40k_seed17033/fresh p1 step=35250/40000 loss=0.199651 lr=4.4e-05
[fit] 0045m/F40k_seed17033/fresh p1 step=35500/40000 loss=0.202689 lr=4.1e-05
[fit] 0045m/F40k_seed17033/fresh p1 step=35750/40000 loss=0.203424 lr=3.7e-05
[fit] 0045m/F40k_seed17033/fresh p1 step=36000/40000 loss=0.206471 lr=3.4e-05
[fit] 0045m/F40k_seed17033/fresh p1 step=36250/40000 loss=0.209249 lr=3.1e-05
[fit] 0045m/F40k_seed17033/fresh p1 step=36500/40000 loss=0.199798 lr=2.9e-05
[fit] 0045m/F40k_seed17033/fresh p1 step=36750/40000 loss=0.201805 lr=2.6e-05
[fit] 0045m/F40k_seed17033/fresh p1 step=37000/40000 loss=0.201946 lr=2.4e-05
[fit] 0045m/F40k_seed17033/fresh p1 step=37250/40000 loss=0.201184 lr=2.2e-05
[fit] 0045m/F40k_seed17033/fresh p1 step=37500/40000 loss=0.201563 lr=2e-05
[fit] 0045m/F40k_seed17033/fresh p1 step=37750/40000 loss=0.203275 lr=1.8e-05
[fit] 0045m/F40k_seed17033/fresh p1 step=38000/40000 loss=0.19766 lr=1.6e-05
[fit] 0045m/F40k_seed17033/fresh p1 step=38250/40000 loss=0.205542 lr=1.5e-05
[fit] 0045m/F40k_seed17033/fresh p1 step=38500/40000 loss=0.200459 lr=1.3e-05
[fit] 0045m/F40k_seed17033/fresh p1 step=38750/40000 loss=0.196236 lr=1.2e-05
[fit] 0045m/F40k_seed17033/fresh p1 step=39000/40000 loss=0.201043 lr=1.2e-05
[fit] 0045m/F40k_seed17033/fresh p1 step=39250/40000 loss=0.206581 lr=1.1e-05
[fit] 0045m/F40k_seed17033/fresh p1 step=39500/40000 loss=0.199758 lr=1e-05
[fit] 0045m/F40k_seed17033/fresh p1 step=39750/40000 loss=0.202001 lr=1e-05
[fit] 0045m/F40k_seed17033/fresh p1 step=40000/40000 loss=0.19977 lr=1e-05
[fit] 0045m/F40k_seed17033/fresh p2 step=250/40000 loss=0.325985 lr=0.001
[fit] 0045m/F40k_seed17033/fresh p2 step=500/40000 loss=0.285056 lr=0.001
[fit] 0045m/F40k_seed17033/fresh p2 step=750/40000 loss=0.255226 lr=0.001
[fit] 0045m/F40k_seed17033/fresh p2 step=1000/40000 loss=0.247578 lr=0.001
[fit] 0045m/F40k_seed17033/fresh p2 step=1250/40000 loss=0.239442 lr=0.001
[fit] 0045m/F40k_seed17033/fresh p2 step=1500/40000 loss=0.242788 lr=0.001
[fit] 0045m/F40k_seed17033/fresh p2 step=1750/40000 loss=0.240008 lr=0.001
[fit] 0045m/F40k_seed17033/fresh p2 step=2000/40000 loss=0.235925 lr=0.00099
[fit] 0045m/F40k_seed17033/fresh p2 step=2250/40000 loss=0.228865 lr=0.00099
[fit] 0045m/F40k_seed17033/fresh p2 step=2500/40000 loss=0.234256 lr=0.00099
[fit] 0045m/F40k_seed17033/fresh p2 step=2750/40000 loss=0.22745 lr=0.00099
[fit] 0045m/F40k_seed17033/fresh p2 step=3000/40000 loss=0.227134 lr=0.00099
[fit] 0045m/F40k_seed17033/fresh p2 step=3250/40000 loss=0.231144 lr=0.00098
[fit] 0045m/F40k_seed17033/fresh p2 step=3500/40000 loss=0.225934 lr=0.00098
[fit] 0045m/F40k_seed17033/fresh p2 step=3750/40000 loss=0.229268 lr=0.00098
[fit] 0045m/F40k_seed17033/fresh p2 step=4000/40000 loss=0.233283 lr=0.00098
[fit] 0045m/F40k_seed17033/fresh p2 step=4250/40000 loss=0.222624 lr=0.00097
[fit] 0045m/F40k_seed17033/fresh p2 step=4500/40000 loss=0.228315 lr=0.00097
[fit] 0045m/F40k_seed17033/fresh p2 step=4750/40000 loss=0.225152 lr=0.00097
[fit] 0045m/F40k_seed17033/fresh p2 step=5000/40000 loss=0.22771 lr=0.00096
[fit] 0045m/F40k_seed17033/fresh p2 step=5250/40000 loss=0.229364 lr=0.00096
[fit] 0045m/F40k_seed17033/fresh p2 step=5500/40000 loss=0.219442 lr=0.00095
[fit] 0045m/F40k_seed17033/fresh p2 step=5750/40000 loss=0.223135 lr=0.00095
[fit] 0045m/F40k_seed17033/fresh p2 step=6000/40000 loss=0.220626 lr=0.00095
[fit] 0045m/F40k_seed17033/fresh p2 step=6250/40000 loss=0.216551 lr=0.00094
[fit] 0045m/F40k_seed17033/fresh p2 step=6500/40000 loss=0.226462 lr=0.00094
[fit] 0045m/F40k_seed17033/fresh p2 step=6750/40000 loss=0.228607 lr=0.00093
[fit] 0045m/F40k_seed17033/fresh p2 step=7000/40000 loss=0.229581 lr=0.00093
[fit] 0045m/F40k_seed17033/fresh p2 step=7250/40000 loss=0.22553 lr=0.00092
[fit] 0045m/F40k_seed17033/fresh p2 step=7500/40000 loss=0.221453 lr=0.00092
[fit] 0045m/F40k_seed17033/fresh p2 step=7750/40000 loss=0.227971 lr=0.00091
[fit] 0045m/F40k_seed17033/fresh p2 step=8000/40000 loss=0.224076 lr=0.00091
[fit] 0045m/F40k_seed17033/fresh p2 step=8250/40000 loss=0.219597 lr=0.0009
[fit] 0045m/F40k_seed17033/fresh p2 step=8500/40000 loss=0.224367 lr=0.00089
[fit] 0045m/F40k_seed17033/fresh p2 step=8750/40000 loss=0.221549 lr=0.00089
[fit] 0045m/F40k_seed17033/fresh p2 step=9000/40000 loss=0.222205 lr=0.00088
[fit] 0045m/F40k_seed17033/fresh p2 step=9250/40000 loss=0.220042 lr=0.00088
[fit] 0045m/F40k_seed17033/fresh p2 step=9500/40000 loss=0.22644 lr=0.00087
[fit] 0045m/F40k_seed17033/fresh p2 step=9750/40000 loss=0.224365 lr=0.00086
[fit] 0045m/F40k_seed17033/fresh p2 step=10000/40000 loss=0.216682 lr=0.00086
[fit] 0045m/F40k_seed17033/fresh p2 step=10250/40000 loss=0.217897 lr=0.00085
[fit] 0045m/F40k_seed17033/fresh p2 step=10500/40000 loss=0.224249 lr=0.00084
[fit] 0045m/F40k_seed17033/fresh p2 step=10750/40000 loss=0.222416 lr=0.00083
[fit] 0045m/F40k_seed17033/fresh p2 step=11000/40000 loss=0.222374 lr=0.00083
[fit] 0045m/F40k_seed17033/fresh p2 step=11250/40000 loss=0.220583 lr=0.00082
[fit] 0045m/F40k_seed17033/fresh p2 step=11500/40000 loss=0.226275 lr=0.00081
[fit] 0045m/F40k_seed17033/fresh p2 step=11750/40000 loss=0.21697 lr=0.0008
[fit] 0045m/F40k_seed17033/fresh p2 step=12000/40000 loss=0.222403 lr=0.0008
[fit] 0045m/F40k_seed17033/fresh p2 step=12250/40000 loss=0.217876 lr=0.00079
[fit] 0045m/F40k_seed17033/fresh p2 step=12500/40000 loss=0.215796 lr=0.00078
[fit] 0045m/F40k_seed17033/fresh p2 step=12750/40000 loss=0.219619 lr=0.00077
[fit] 0045m/F40k_seed17033/fresh p2 step=13000/40000 loss=0.226652 lr=0.00076
[fit] 0045m/F40k_seed17033/fresh p2 step=13250/40000 loss=0.22518 lr=0.00076
[fit] 0045m/F40k_seed17033/fresh p2 step=13500/40000 loss=0.22095 lr=0.00075
[fit] 0045m/F40k_seed17033/fresh p2 step=13750/40000 loss=0.224657 lr=0.00074
[fit] 0045m/F40k_seed17033/fresh p2 step=14000/40000 loss=0.226209 lr=0.00073
[fit] 0045m/F40k_seed17033/fresh p2 step=14250/40000 loss=0.217497 lr=0.00072
[fit] 0045m/F40k_seed17033/fresh p2 step=14500/40000 loss=0.220885 lr=0.00071
[fit] 0045m/F40k_seed17033/fresh p2 step=14750/40000 loss=0.22001 lr=0.0007
[fit] 0045m/F40k_seed17033/fresh p2 step=15000/40000 loss=0.220888 lr=0.00069
[fit] 0045m/F40k_seed17033/fresh p2 step=15250/40000 loss=0.221882 lr=0.00069
[fit] 0045m/F40k_seed17033/fresh p2 step=15500/40000 loss=0.225593 lr=0.00068
[fit] 0045m/F40k_seed17033/fresh p2 step=15750/40000 loss=0.225679 lr=0.00067
[fit] 0045m/F40k_seed17033/fresh p2 step=16000/40000 loss=0.2244 lr=0.00066
[fit] 0045m/F40k_seed17033/fresh p2 step=16250/40000 loss=0.223224 lr=0.00065
[fit] 0045m/F40k_seed17033/fresh p2 step=16500/40000 loss=0.226048 lr=0.00064
[fit] 0045m/F40k_seed17033/fresh p2 step=16750/40000 loss=0.226648 lr=0.00063
[fit] 0045m/F40k_seed17033/fresh p2 step=17000/40000 loss=0.217852 lr=0.00062
[fit] 0045m/F40k_seed17033/fresh p2 step=17250/40000 loss=0.215692 lr=0.00061
[fit] 0045m/F40k_seed17033/fresh p2 step=17500/40000 loss=0.217914 lr=0.0006
[fit] 0045m/F40k_seed17033/fresh p2 step=17750/40000 loss=0.222422 lr=0.00059
[fit] 0045m/F40k_seed17033/fresh p2 step=18000/40000 loss=0.215221 lr=0.00058
[fit] 0045m/F40k_seed17033/fresh p2 step=18250/40000 loss=0.222695 lr=0.00057
[fit] 0045m/F40k_seed17033/fresh p2 step=18500/40000 loss=0.222737 lr=0.00056
[fit] 0045m/F40k_seed17033/fresh p2 step=18750/40000 loss=0.216871 lr=0.00055
[fit] 0045m/F40k_seed17033/fresh p2 step=19000/40000 loss=0.21984 lr=0.00054
[fit] 0045m/F40k_seed17033/fresh p2 step=19250/40000 loss=0.223472 lr=0.00053
[fit] 0045m/F40k_seed17033/fresh p2 step=19500/40000 loss=0.222155 lr=0.00052
[fit] 0045m/F40k_seed17033/fresh p2 step=19750/40000 loss=0.221277 lr=0.00051
[fit] 0045m/F40k_seed17033/fresh p2 step=20000/40000 loss=0.220433 lr=0.00051
[fit] 0045m/F40k_seed17033/fresh p2 step=20250/40000 loss=0.215569 lr=0.0005
[fit] 0045m/F40k_seed17033/fresh p2 step=20500/40000 loss=0.218612 lr=0.00049
[fit] 0045m/F40k_seed17033/fresh p2 step=20750/40000 loss=0.222457 lr=0.00048
[fit] 0045m/F40k_seed17033/fresh p2 step=21000/40000 loss=0.222507 lr=0.00047
[fit] 0045m/F40k_seed17033/fresh p2 step=21250/40000 loss=0.216172 lr=0.00046
[fit] 0045m/F40k_seed17033/fresh p2 step=21500/40000 loss=0.216438 lr=0.00045
[fit] 0045m/F40k_seed17033/fresh p2 step=21750/40000 loss=0.22222 lr=0.00044
[fit] 0045m/F40k_seed17033/fresh p2 step=22000/40000 loss=0.223343 lr=0.00043
[fit] 0045m/F40k_seed17033/fresh p2 step=22250/40000 loss=0.217043 lr=0.00042
[fit] 0045m/F40k_seed17033/fresh p2 step=22500/40000 loss=0.221529 lr=0.00041
[fit] 0045m/F40k_seed17033/fresh p2 step=22750/40000 loss=0.21938 lr=0.0004
[fit] 0045m/F40k_seed17033/fresh p2 step=23000/40000 loss=0.212892 lr=0.00039
[fit] 0045m/F40k_seed17033/fresh p2 step=23250/40000 loss=0.213727 lr=0.00038
[fit] 0045m/F40k_seed17033/fresh p2 step=23500/40000 loss=0.220413 lr=0.00037
[fit] 0045m/F40k_seed17033/fresh p2 step=23750/40000 loss=0.217873 lr=0.00036
[fit] 0045m/F40k_seed17033/fresh p2 step=24000/40000 loss=0.223883 lr=0.00035
[fit] 0045m/F40k_seed17033/fresh p2 step=24250/40000 loss=0.219688 lr=0.00034
[fit] 0045m/F40k_seed17033/fresh p2 step=24500/40000 loss=0.225451 lr=0.00033
[fit] 0045m/F40k_seed17033/fresh p2 step=24750/40000 loss=0.213435 lr=0.00032
[fit] 0045m/F40k_seed17033/fresh p2 step=25000/40000 loss=0.221114 lr=0.00032
[fit] 0045m/F40k_seed17033/fresh p2 step=25250/40000 loss=0.227475 lr=0.00031
[fit] 0045m/F40k_seed17033/fresh p2 step=25500/40000 loss=0.221224 lr=0.0003
[fit] 0045m/F40k_seed17033/fresh p2 step=25750/40000 loss=0.212766 lr=0.00029
[fit] 0045m/F40k_seed17033/fresh p2 step=26000/40000 loss=0.215141 lr=0.00028
[fit] 0045m/F40k_seed17033/fresh p2 step=26250/40000 loss=0.218452 lr=0.00027
[fit] 0045m/F40k_seed17033/fresh p2 step=26500/40000 loss=0.215855 lr=0.00026
[fit] 0045m/F40k_seed17033/fresh p2 step=26750/40000 loss=0.216976 lr=0.00025
[fit] 0045m/F40k_seed17033/fresh p2 step=27000/40000 loss=0.224524 lr=0.00025
[fit] 0045m/F40k_seed17033/fresh p2 step=27250/40000 loss=0.22046 lr=0.00024
[fit] 0045m/F40k_seed17033/fresh p2 step=27500/40000 loss=0.219379 lr=0.00023
[fit] 0045m/F40k_seed17033/fresh p2 step=27750/40000 loss=0.218393 lr=0.00022
[fit] 0045m/F40k_seed17033/fresh p2 step=28000/40000 loss=0.220231 lr=0.00021
[fit] 0045m/F40k_seed17033/fresh p2 step=28250/40000 loss=0.221433 lr=0.00021
[fit] 0045m/F40k_seed17033/fresh p2 step=28500/40000 loss=0.223134 lr=0.0002
[fit] 0045m/F40k_seed17033/fresh p2 step=28750/40000 loss=0.216394 lr=0.00019
[fit] 0045m/F40k_seed17033/fresh p2 step=29000/40000 loss=0.211798 lr=0.00018
[fit] 0045m/F40k_seed17033/fresh p2 step=29250/40000 loss=0.221933 lr=0.00018
[fit] 0045m/F40k_seed17033/fresh p2 step=29500/40000 loss=0.224881 lr=0.00017
[fit] 0045m/F40k_seed17033/fresh p2 step=29750/40000 loss=0.216711 lr=0.00016
[fit] 0045m/F40k_seed17033/fresh p2 step=30000/40000 loss=0.216023 lr=0.00015
[fit] 0045m/F40k_seed17033/fresh p2 step=30250/40000 loss=0.221679 lr=0.00015
[fit] 0045m/F40k_seed17033/fresh p2 step=30500/40000 loss=0.223391 lr=0.00014
[fit] 0045m/F40k_seed17033/fresh p2 step=30750/40000 loss=0.218458 lr=0.00013
[fit] 0045m/F40k_seed17033/fresh p2 step=31000/40000 loss=0.218789 lr=0.00013
[fit] 0045m/F40k_seed17033/fresh p2 step=31250/40000 loss=0.221088 lr=0.00012
[fit] 0045m/F40k_seed17033/fresh p2 step=31500/40000 loss=0.225239 lr=0.00012
[fit] 0045m/F40k_seed17033/fresh p2 step=31750/40000 loss=0.219853 lr=0.00011
[fit] 0045m/F40k_seed17033/fresh p2 step=32000/40000 loss=0.218418 lr=0.0001
[fit] 0045m/F40k_seed17033/fresh p2 step=32250/40000 loss=0.21872 lr=9.9e-05
[fit] 0045m/F40k_seed17033/fresh p2 step=32500/40000 loss=0.224443 lr=9.3e-05
[fit] 0045m/F40k_seed17033/fresh p2 step=32750/40000 loss=0.215129 lr=8.8e-05
[fit] 0045m/F40k_seed17033/fresh p2 step=33000/40000 loss=0.219706 lr=8.3e-05
[fit] 0045m/F40k_seed17033/fresh p2 step=33250/40000 loss=0.221894 lr=7.8e-05
[fit] 0045m/F40k_seed17033/fresh p2 step=33500/40000 loss=0.22165 lr=7.3e-05
[fit] 0045m/F40k_seed17033/fresh p2 step=33750/40000 loss=0.224338 lr=6.8e-05
[fit] 0045m/F40k_seed17033/fresh p2 step=34000/40000 loss=0.218793 lr=6.4e-05
[fit] 0045m/F40k_seed17033/fresh p2 step=34250/40000 loss=0.217225 lr=6e-05
[fit] 0045m/F40k_seed17033/fresh p2 step=34500/40000 loss=0.219069 lr=5.5e-05
[fit] 0045m/F40k_seed17033/fresh p2 step=34750/40000 loss=0.218083 lr=5.1e-05
[fit] 0045m/F40k_seed17033/fresh p2 step=35000/40000 loss=0.222336 lr=4.8e-05
[fit] 0045m/F40k_seed17033/fresh p2 step=35250/40000 loss=0.225714 lr=4.4e-05
[fit] 0045m/F40k_seed17033/fresh p2 step=35500/40000 loss=0.214397 lr=4.1e-05
[fit] 0045m/F40k_seed17033/fresh p2 step=35750/40000 loss=0.216153 lr=3.7e-05
[fit] 0045m/F40k_seed17033/fresh p2 step=36000/40000 loss=0.222493 lr=3.4e-05
[fit] 0045m/F40k_seed17033/fresh p2 step=36250/40000 loss=0.219014 lr=3.1e-05
[fit] 0045m/F40k_seed17033/fresh p2 step=36500/40000 loss=0.218847 lr=2.9e-05
[fit] 0045m/F40k_seed17033/fresh p2 step=36750/40000 loss=0.217163 lr=2.6e-05
[fit] 0045m/F40k_seed17033/fresh p2 step=37000/40000 loss=0.21594 lr=2.4e-05
[fit] 0045m/F40k_seed17033/fresh p2 step=37250/40000 loss=0.215001 lr=2.2e-05
[fit] 0045m/F40k_seed17033/fresh p2 step=37500/40000 loss=0.214049 lr=2e-05
[fit] 0045m/F40k_seed17033/fresh p2 step=37750/40000 loss=0.220092 lr=1.8e-05
[fit] 0045m/F40k_seed17033/fresh p2 step=38000/40000 loss=0.225785 lr=1.6e-05
[fit] 0045m/F40k_seed17033/fresh p2 step=38250/40000 loss=0.222504 lr=1.5e-05
[fit] 0045m/F40k_seed17033/fresh p2 step=38500/40000 loss=0.221236 lr=1.3e-05
[fit] 0045m/F40k_seed17033/fresh p2 step=38750/40000 loss=0.221148 lr=1.2e-05
[fit] 0045m/F40k_seed17033/fresh p2 step=39000/40000 loss=0.220118 lr=1.2e-05
[fit] 0045m/F40k_seed17033/fresh p2 step=39250/40000 loss=0.224892 lr=1.1e-05
[fit] 0045m/F40k_seed17033/fresh p2 step=39500/40000 loss=0.223888 lr=1e-05
[fit] 0045m/F40k_seed17033/fresh p2 step=39750/40000 loss=0.219208 lr=1e-05
[fit] 0045m/F40k_seed17033/fresh p2 step=40000/40000 loss=0.219262 lr=1e-05
[eval] 0045m/F40k_seed17033/fresh/40000 exploitability=0.00512377 eval_s=19.0
[arm] 0120m/R5k_seed17032/warm_reset seed=17032 batch=16384 loss=cross_entropy fitted=0 cuda_free_gib=2.21
[fit] 0120m/R5k_seed17032/warm_reset p1 step=250/5000 loss=0.195876 lr=0.00099
[fit] 0120m/R5k_seed17032/warm_reset p1 step=500/5000 loss=0.199964 lr=0.00098
[fit] 0120m/R5k_seed17032/warm_reset p1 step=750/5000 loss=0.201396 lr=0.00095
[fit] 0120m/R5k_seed17032/warm_reset p1 step=1000/5000 loss=0.198296 lr=0.00091
[fit] 0120m/R5k_seed17032/warm_reset p1 step=1250/5000 loss=0.200636 lr=0.00086
[fit] 0120m/R5k_seed17032/warm_reset p1 step=1500/5000 loss=0.200013 lr=0.0008
[fit] 0120m/R5k_seed17032/warm_reset p1 step=1750/5000 loss=0.199777 lr=0.00073
[fit] 0120m/R5k_seed17032/warm_reset p1 step=2000/5000 loss=0.193912 lr=0.00066
[fit] 0120m/R5k_seed17032/warm_reset p1 step=2250/5000 loss=0.196995 lr=0.00058
[fit] 0120m/R5k_seed17032/warm_reset p1 step=2500/5000 loss=0.20024 lr=0.00051
[fit] 0120m/R5k_seed17032/warm_reset p1 step=2750/5000 loss=0.195553 lr=0.00043
[fit] 0120m/R5k_seed17032/warm_reset p1 step=3000/5000 loss=0.195069 lr=0.00035
[fit] 0120m/R5k_seed17032/warm_reset p1 step=3250/5000 loss=0.192154 lr=0.00028
[fit] 0120m/R5k_seed17032/warm_reset p1 step=3500/5000 loss=0.194002 lr=0.00021
[fit] 0120m/R5k_seed17032/warm_reset p1 step=3750/5000 loss=0.194365 lr=0.00016
[fit] 0120m/R5k_seed17032/warm_reset p1 step=4000/5000 loss=0.201148 lr=0.0001
[fit] 0120m/R5k_seed17032/warm_reset p1 step=4250/5000 loss=0.197788 lr=6.4e-05
[fit] 0120m/R5k_seed17032/warm_reset p1 step=4500/5000 loss=0.203118 lr=3.4e-05
[fit] 0120m/R5k_seed17032/warm_reset p1 step=4750/5000 loss=0.200831 lr=1.6e-05
[fit] 0120m/R5k_seed17032/warm_reset p1 step=5000/5000 loss=0.202298 lr=1e-05
[fit] 0120m/R5k_seed17032/warm_reset p2 step=250/5000 loss=0.202349 lr=0.00099
[fit] 0120m/R5k_seed17032/warm_reset p2 step=500/5000 loss=0.209336 lr=0.00098
[fit] 0120m/R5k_seed17032/warm_reset p2 step=750/5000 loss=0.208596 lr=0.00095
[fit] 0120m/R5k_seed17032/warm_reset p2 step=1000/5000 loss=0.207105 lr=0.00091
[fit] 0120m/R5k_seed17032/warm_reset p2 step=1250/5000 loss=0.210153 lr=0.00086
[fit] 0120m/R5k_seed17032/warm_reset p2 step=1500/5000 loss=0.212989 lr=0.0008
[fit] 0120m/R5k_seed17032/warm_reset p2 step=1750/5000 loss=0.213231 lr=0.00073
[fit] 0120m/R5k_seed17032/warm_reset p2 step=2000/5000 loss=0.204532 lr=0.00066
[fit] 0120m/R5k_seed17032/warm_reset p2 step=2250/5000 loss=0.211798 lr=0.00058
[fit] 0120m/R5k_seed17032/warm_reset p2 step=2500/5000 loss=0.210851 lr=0.00051
[fit] 0120m/R5k_seed17032/warm_reset p2 step=2750/5000 loss=0.211011 lr=0.00043
[fit] 0120m/R5k_seed17032/warm_reset p2 step=3000/5000 loss=0.208703 lr=0.00035
[fit] 0120m/R5k_seed17032/warm_reset p2 step=3250/5000 loss=0.210967 lr=0.00028
[fit] 0120m/R5k_seed17032/warm_reset p2 step=3500/5000 loss=0.211387 lr=0.00021
[fit] 0120m/R5k_seed17032/warm_reset p2 step=3750/5000 loss=0.215259 lr=0.00016
[fit] 0120m/R5k_seed17032/warm_reset p2 step=4000/5000 loss=0.211496 lr=0.0001
[fit] 0120m/R5k_seed17032/warm_reset p2 step=4250/5000 loss=0.206306 lr=6.4e-05
[fit] 0120m/R5k_seed17032/warm_reset p2 step=4500/5000 loss=0.206406 lr=3.4e-05
[fit] 0120m/R5k_seed17032/warm_reset p2 step=4750/5000 loss=0.20523 lr=1.6e-05
[fit] 0120m/R5k_seed17032/warm_reset p2 step=5000/5000 loss=0.210045 lr=1e-05
[eval] 0120m/R5k_seed17032/warm_reset/5000 exploitability=0.00333415 eval_s=19.6
[arm] 0120m/R5k_seed17033/warm_reset seed=17033 batch=16384 loss=cross_entropy fitted=0 cuda_free_gib=2.21
[fit] 0120m/R5k_seed17033/warm_reset p1 step=250/5000 loss=0.197675 lr=0.00099
[fit] 0120m/R5k_seed17033/warm_reset p1 step=500/5000 loss=0.197016 lr=0.00098
[fit] 0120m/R5k_seed17033/warm_reset p1 step=750/5000 loss=0.195395 lr=0.00095
[fit] 0120m/R5k_seed17033/warm_reset p1 step=1000/5000 loss=0.199333 lr=0.00091
[fit] 0120m/R5k_seed17033/warm_reset p1 step=1250/5000 loss=0.206346 lr=0.00086
[fit] 0120m/R5k_seed17033/warm_reset p1 step=1500/5000 loss=0.202007 lr=0.0008
[fit] 0120m/R5k_seed17033/warm_reset p1 step=1750/5000 loss=0.197264 lr=0.00073
[fit] 0120m/R5k_seed17033/warm_reset p1 step=2000/5000 loss=0.202456 lr=0.00066
[fit] 0120m/R5k_seed17033/warm_reset p1 step=2250/5000 loss=0.201924 lr=0.00058
[fit] 0120m/R5k_seed17033/warm_reset p1 step=2500/5000 loss=0.198958 lr=0.00051
[fit] 0120m/R5k_seed17033/warm_reset p1 step=2750/5000 loss=0.197787 lr=0.00043
[fit] 0120m/R5k_seed17033/warm_reset p1 step=3000/5000 loss=0.198854 lr=0.00035
[fit] 0120m/R5k_seed17033/warm_reset p1 step=3250/5000 loss=0.203544 lr=0.00028
[fit] 0120m/R5k_seed17033/warm_reset p1 step=3500/5000 loss=0.195257 lr=0.00021
[fit] 0120m/R5k_seed17033/warm_reset p1 step=3750/5000 loss=0.192743 lr=0.00016
[fit] 0120m/R5k_seed17033/warm_reset p1 step=4000/5000 loss=0.197813 lr=0.0001
[fit] 0120m/R5k_seed17033/warm_reset p1 step=4250/5000 loss=0.200648 lr=6.4e-05
[fit] 0120m/R5k_seed17033/warm_reset p1 step=4500/5000 loss=0.200071 lr=3.4e-05
[fit] 0120m/R5k_seed17033/warm_reset p1 step=4750/5000 loss=0.19479 lr=1.6e-05
[fit] 0120m/R5k_seed17033/warm_reset p1 step=5000/5000 loss=0.196143 lr=1e-05
[fit] 0120m/R5k_seed17033/warm_reset p2 step=250/5000 loss=0.211001 lr=0.00099
[fit] 0120m/R5k_seed17033/warm_reset p2 step=500/5000 loss=0.211507 lr=0.00098
[fit] 0120m/R5k_seed17033/warm_reset p2 step=750/5000 loss=0.209423 lr=0.00095
[fit] 0120m/R5k_seed17033/warm_reset p2 step=1000/5000 loss=0.208148 lr=0.00091
[fit] 0120m/R5k_seed17033/warm_reset p2 step=1250/5000 loss=0.207455 lr=0.00086
[fit] 0120m/R5k_seed17033/warm_reset p2 step=1500/5000 loss=0.203733 lr=0.0008
[fit] 0120m/R5k_seed17033/warm_reset p2 step=1750/5000 loss=0.207064 lr=0.00073
[fit] 0120m/R5k_seed17033/warm_reset p2 step=2000/5000 loss=0.205548 lr=0.00066
[fit] 0120m/R5k_seed17033/warm_reset p2 step=2250/5000 loss=0.204083 lr=0.00058
[fit] 0120m/R5k_seed17033/warm_reset p2 step=2500/5000 loss=0.206937 lr=0.00051
[fit] 0120m/R5k_seed17033/warm_reset p2 step=2750/5000 loss=0.207445 lr=0.00043
[fit] 0120m/R5k_seed17033/warm_reset p2 step=3000/5000 loss=0.209685 lr=0.00035
[fit] 0120m/R5k_seed17033/warm_reset p2 step=3250/5000 loss=0.211108 lr=0.00028
[fit] 0120m/R5k_seed17033/warm_reset p2 step=3500/5000 loss=0.215949 lr=0.00021
[fit] 0120m/R5k_seed17033/warm_reset p2 step=3750/5000 loss=0.207114 lr=0.00016
[fit] 0120m/R5k_seed17033/warm_reset p2 step=4000/5000 loss=0.209325 lr=0.0001
[fit] 0120m/R5k_seed17033/warm_reset p2 step=4250/5000 loss=0.207535 lr=6.4e-05
[fit] 0120m/R5k_seed17033/warm_reset p2 step=4500/5000 loss=0.21517 lr=3.4e-05
[fit] 0120m/R5k_seed17033/warm_reset p2 step=4750/5000 loss=0.212342 lr=1.6e-05
[fit] 0120m/R5k_seed17033/warm_reset p2 step=5000/5000 loss=0.20596 lr=1e-05
[eval] 0120m/R5k_seed17033/warm_reset/5000 exploitability=0.00342886 eval_s=19.4
[arm] 0120m/F40k_seed17032/fresh seed=17032 batch=16384 loss=cross_entropy fitted=0 cuda_free_gib=2.21
[fit] 0120m/F40k_seed17032/fresh p1 step=250/40000 loss=0.259002 lr=0.001
[fit] 0120m/F40k_seed17032/fresh p1 step=500/40000 loss=0.220635 lr=0.001
[fit] 0120m/F40k_seed17032/fresh p1 step=750/40000 loss=0.211791 lr=0.001
[fit] 0120m/F40k_seed17032/fresh p1 step=1000/40000 loss=0.205637 lr=0.001
[fit] 0120m/F40k_seed17032/fresh p1 step=1250/40000 loss=0.205642 lr=0.001
[fit] 0120m/F40k_seed17032/fresh p1 step=1500/40000 loss=0.203131 lr=0.001
[fit] 0120m/F40k_seed17032/fresh p1 step=1750/40000 loss=0.203332 lr=0.001
[fit] 0120m/F40k_seed17032/fresh p1 step=2000/40000 loss=0.196537 lr=0.00099
[fit] 0120m/F40k_seed17032/fresh p1 step=2250/40000 loss=0.199424 lr=0.00099
[fit] 0120m/F40k_seed17032/fresh p1 step=2500/40000 loss=0.20208 lr=0.00099
[fit] 0120m/F40k_seed17032/fresh p1 step=2750/40000 loss=0.197163 lr=0.00099
[fit] 0120m/F40k_seed17032/fresh p1 step=3000/40000 loss=0.1966 lr=0.00099
[fit] 0120m/F40k_seed17032/fresh p1 step=3250/40000 loss=0.194075 lr=0.00098
[fit] 0120m/F40k_seed17032/fresh p1 step=3500/40000 loss=0.195946 lr=0.00098
[fit] 0120m/F40k_seed17032/fresh p1 step=3750/40000 loss=0.195855 lr=0.00098
[fit] 0120m/F40k_seed17032/fresh p1 step=4000/40000 loss=0.202493 lr=0.00098
[fit] 0120m/F40k_seed17032/fresh p1 step=4250/40000 loss=0.199184 lr=0.00097
[fit] 0120m/F40k_seed17032/fresh p1 step=4500/40000 loss=0.204226 lr=0.00097
[fit] 0120m/F40k_seed17032/fresh p1 step=4750/40000 loss=0.202148 lr=0.00097
[fit] 0120m/F40k_seed17032/fresh p1 step=5000/40000 loss=0.203828 lr=0.00096
[fit] 0120m/F40k_seed17032/fresh p1 step=5250/40000 loss=0.203138 lr=0.00096
[fit] 0120m/F40k_seed17032/fresh p1 step=5500/40000 loss=0.200036 lr=0.00095
[fit] 0120m/F40k_seed17032/fresh p1 step=5750/40000 loss=0.199582 lr=0.00095
[fit] 0120m/F40k_seed17032/fresh p1 step=6000/40000 loss=0.193596 lr=0.00095
[fit] 0120m/F40k_seed17032/fresh p1 step=6250/40000 loss=0.197151 lr=0.00094
[fit] 0120m/F40k_seed17032/fresh p1 step=6500/40000 loss=0.198944 lr=0.00094
[fit] 0120m/F40k_seed17032/fresh p1 step=6750/40000 loss=0.201655 lr=0.00093
[fit] 0120m/F40k_seed17032/fresh p1 step=7000/40000 loss=0.200334 lr=0.00093
[fit] 0120m/F40k_seed17032/fresh p1 step=7250/40000 loss=0.198436 lr=0.00092
[fit] 0120m/F40k_seed17032/fresh p1 step=7500/40000 loss=0.200988 lr=0.00092
[fit] 0120m/F40k_seed17032/fresh p1 step=7750/40000 loss=0.197937 lr=0.00091
[fit] 0120m/F40k_seed17032/fresh p1 step=8000/40000 loss=0.198711 lr=0.00091
[fit] 0120m/F40k_seed17032/fresh p1 step=8250/40000 loss=0.200599 lr=0.0009
[fit] 0120m/F40k_seed17032/fresh p1 step=8500/40000 loss=0.198489 lr=0.00089
[fit] 0120m/F40k_seed17032/fresh p1 step=8750/40000 loss=0.202011 lr=0.00089
[fit] 0120m/F40k_seed17032/fresh p1 step=9000/40000 loss=0.198595 lr=0.00088
[fit] 0120m/F40k_seed17032/fresh p1 step=9250/40000 loss=0.192289 lr=0.00088
[fit] 0120m/F40k_seed17032/fresh p1 step=9500/40000 loss=0.197105 lr=0.00087
[fit] 0120m/F40k_seed17032/fresh p1 step=9750/40000 loss=0.198461 lr=0.00086
[fit] 0120m/F40k_seed17032/fresh p1 step=10000/40000 loss=0.199298 lr=0.00086
[fit] 0120m/F40k_seed17032/fresh p1 step=10250/40000 loss=0.200562 lr=0.00085
[fit] 0120m/F40k_seed17032/fresh p1 step=10500/40000 loss=0.20012 lr=0.00084
[fit] 0120m/F40k_seed17032/fresh p1 step=10750/40000 loss=0.201498 lr=0.00083
[fit] 0120m/F40k_seed17032/fresh p1 step=11000/40000 loss=0.196298 lr=0.00083
[fit] 0120m/F40k_seed17032/fresh p1 step=11250/40000 loss=0.201882 lr=0.00082
[fit] 0120m/F40k_seed17032/fresh p1 step=11500/40000 loss=0.198844 lr=0.00081
[fit] 0120m/F40k_seed17032/fresh p1 step=11750/40000 loss=0.2049 lr=0.0008
[fit] 0120m/F40k_seed17032/fresh p1 step=12000/40000 loss=0.20264 lr=0.0008
[fit] 0120m/F40k_seed17032/fresh p1 step=12250/40000 loss=0.199615 lr=0.00079
[fit] 0120m/F40k_seed17032/fresh p1 step=12500/40000 loss=0.202179 lr=0.00078
[fit] 0120m/F40k_seed17032/fresh p1 step=12750/40000 loss=0.199703 lr=0.00077
[fit] 0120m/F40k_seed17032/fresh p1 step=13000/40000 loss=0.199774 lr=0.00076
[fit] 0120m/F40k_seed17032/fresh p1 step=13250/40000 loss=0.197292 lr=0.00076
[fit] 0120m/F40k_seed17032/fresh p1 step=13500/40000 loss=0.198618 lr=0.00075
[fit] 0120m/F40k_seed17032/fresh p1 step=13750/40000 loss=0.20135 lr=0.00074
[fit] 0120m/F40k_seed17032/fresh p1 step=14000/40000 loss=0.195324 lr=0.00073
[fit] 0120m/F40k_seed17032/fresh p1 step=14250/40000 loss=0.202024 lr=0.00072
[fit] 0120m/F40k_seed17032/fresh p1 step=14500/40000 loss=0.199429 lr=0.00071
[fit] 0120m/F40k_seed17032/fresh p1 step=14750/40000 loss=0.192956 lr=0.0007
[fit] 0120m/F40k_seed17032/fresh p1 step=15000/40000 loss=0.197434 lr=0.00069
[fit] 0120m/F40k_seed17032/fresh p1 step=15250/40000 loss=0.196371 lr=0.00069
[fit] 0120m/F40k_seed17032/fresh p1 step=15500/40000 loss=0.19855 lr=0.00068
[fit] 0120m/F40k_seed17032/fresh p1 step=15750/40000 loss=0.203342 lr=0.00067
[fit] 0120m/F40k_seed17032/fresh p1 step=16000/40000 loss=0.193391 lr=0.00066
[fit] 0120m/F40k_seed17032/fresh p1 step=16250/40000 loss=0.196987 lr=0.00065
[fit] 0120m/F40k_seed17032/fresh p1 step=16500/40000 loss=0.199653 lr=0.00064
[fit] 0120m/F40k_seed17032/fresh p1 step=16750/40000 loss=0.197809 lr=0.00063
[fit] 0120m/F40k_seed17032/fresh p1 step=17000/40000 loss=0.201926 lr=0.00062
[fit] 0120m/F40k_seed17032/fresh p1 step=17250/40000 loss=0.203813 lr=0.00061
[fit] 0120m/F40k_seed17032/fresh p1 step=17500/40000 loss=0.201673 lr=0.0006
[fit] 0120m/F40k_seed17032/fresh p1 step=17750/40000 loss=0.203577 lr=0.00059
[fit] 0120m/F40k_seed17032/fresh p1 step=18000/40000 loss=0.201892 lr=0.00058
[fit] 0120m/F40k_seed17032/fresh p1 step=18250/40000 loss=0.194401 lr=0.00057
[fit] 0120m/F40k_seed17032/fresh p1 step=18500/40000 loss=0.200978 lr=0.00056
[fit] 0120m/F40k_seed17032/fresh p1 step=18750/40000 loss=0.195602 lr=0.00055
[fit] 0120m/F40k_seed17032/fresh p1 step=19000/40000 loss=0.198344 lr=0.00054
[fit] 0120m/F40k_seed17032/fresh p1 step=19250/40000 loss=0.203215 lr=0.00053
[fit] 0120m/F40k_seed17032/fresh p1 step=19500/40000 loss=0.194509 lr=0.00052
[fit] 0120m/F40k_seed17032/fresh p1 step=19750/40000 loss=0.189309 lr=0.00051
[fit] 0120m/F40k_seed17032/fresh p1 step=20000/40000 loss=0.197607 lr=0.00051
[fit] 0120m/F40k_seed17032/fresh p1 step=20250/40000 loss=0.193564 lr=0.0005
[fit] 0120m/F40k_seed17032/fresh p1 step=20500/40000 loss=0.200808 lr=0.00049
[fit] 0120m/F40k_seed17032/fresh p1 step=20750/40000 loss=0.192617 lr=0.00048
[fit] 0120m/F40k_seed17032/fresh p1 step=21000/40000 loss=0.194003 lr=0.00047
[fit] 0120m/F40k_seed17032/fresh p1 step=21250/40000 loss=0.196245 lr=0.00046
[fit] 0120m/F40k_seed17032/fresh p1 step=21500/40000 loss=0.197739 lr=0.00045
[fit] 0120m/F40k_seed17032/fresh p1 step=21750/40000 loss=0.2024 lr=0.00044
[fit] 0120m/F40k_seed17032/fresh p1 step=22000/40000 loss=0.200816 lr=0.00043
[fit] 0120m/F40k_seed17032/fresh p1 step=22250/40000 loss=0.200375 lr=0.00042
[fit] 0120m/F40k_seed17032/fresh p1 step=22500/40000 loss=0.192423 lr=0.00041
[fit] 0120m/F40k_seed17032/fresh p1 step=22750/40000 loss=0.202215 lr=0.0004
[fit] 0120m/F40k_seed17032/fresh p1 step=23000/40000 loss=0.198485 lr=0.00039
[fit] 0120m/F40k_seed17032/fresh p1 step=23250/40000 loss=0.19599 lr=0.00038
[fit] 0120m/F40k_seed17032/fresh p1 step=23500/40000 loss=0.202349 lr=0.00037
[fit] 0120m/F40k_seed17032/fresh p1 step=23750/40000 loss=0.197076 lr=0.00036
[fit] 0120m/F40k_seed17032/fresh p1 step=24000/40000 loss=0.198118 lr=0.00035
[fit] 0120m/F40k_seed17032/fresh p1 step=24250/40000 loss=0.199316 lr=0.00034
[fit] 0120m/F40k_seed17032/fresh p1 step=24500/40000 loss=0.197609 lr=0.00033
[fit] 0120m/F40k_seed17032/fresh p1 step=24750/40000 loss=0.192788 lr=0.00032
[fit] 0120m/F40k_seed17032/fresh p1 step=25000/40000 loss=0.199442 lr=0.00032
[fit] 0120m/F40k_seed17032/fresh p1 step=25250/40000 loss=0.200512 lr=0.00031
[fit] 0120m/F40k_seed17032/fresh p1 step=25500/40000 loss=0.20667 lr=0.0003
[fit] 0120m/F40k_seed17032/fresh p1 step=25750/40000 loss=0.194177 lr=0.00029
[fit] 0120m/F40k_seed17032/fresh p1 step=26000/40000 loss=0.200895 lr=0.00028
[fit] 0120m/F40k_seed17032/fresh p1 step=26250/40000 loss=0.19856 lr=0.00027
[fit] 0120m/F40k_seed17032/fresh p1 step=26500/40000 loss=0.195154 lr=0.00026
[fit] 0120m/F40k_seed17032/fresh p1 step=26750/40000 loss=0.198908 lr=0.00025
[fit] 0120m/F40k_seed17032/fresh p1 step=27000/40000 loss=0.195988 lr=0.00025
[fit] 0120m/F40k_seed17032/fresh p1 step=27250/40000 loss=0.198672 lr=0.00024
[fit] 0120m/F40k_seed17032/fresh p1 step=27500/40000 loss=0.197765 lr=0.00023
[fit] 0120m/F40k_seed17032/fresh p1 step=27750/40000 loss=0.194231 lr=0.00022
[fit] 0120m/F40k_seed17032/fresh p1 step=28000/40000 loss=0.206175 lr=0.00021
[fit] 0120m/F40k_seed17032/fresh p1 step=28250/40000 loss=0.194094 lr=0.00021
[fit] 0120m/F40k_seed17032/fresh p1 step=28500/40000 loss=0.198177 lr=0.0002
[fit] 0120m/F40k_seed17032/fresh p1 step=28750/40000 loss=0.203574 lr=0.00019
[fit] 0120m/F40k_seed17032/fresh p1 step=29000/40000 loss=0.203674 lr=0.00018
[fit] 0120m/F40k_seed17032/fresh p1 step=29250/40000 loss=0.197159 lr=0.00018
[fit] 0120m/F40k_seed17032/fresh p1 step=29500/40000 loss=0.204543 lr=0.00017
[fit] 0120m/F40k_seed17032/fresh p1 step=29750/40000 loss=0.199143 lr=0.00016
[fit] 0120m/F40k_seed17032/fresh p1 step=30000/40000 loss=0.200988 lr=0.00015
[fit] 0120m/F40k_seed17032/fresh p1 step=30250/40000 loss=0.198828 lr=0.00015
[fit] 0120m/F40k_seed17032/fresh p1 step=30500/40000 loss=0.195907 lr=0.00014
[fit] 0120m/F40k_seed17032/fresh p1 step=30750/40000 loss=0.195429 lr=0.00013
[fit] 0120m/F40k_seed17032/fresh p1 step=31000/40000 loss=0.2046 lr=0.00013
[fit] 0120m/F40k_seed17032/fresh p1 step=31250/40000 loss=0.200047 lr=0.00012
[fit] 0120m/F40k_seed17032/fresh p1 step=31500/40000 loss=0.199078 lr=0.00012
[fit] 0120m/F40k_seed17032/fresh p1 step=31750/40000 loss=0.195628 lr=0.00011
[fit] 0120m/F40k_seed17032/fresh p1 step=32000/40000 loss=0.201779 lr=0.0001
[fit] 0120m/F40k_seed17032/fresh p1 step=32250/40000 loss=0.202751 lr=9.9e-05
[fit] 0120m/F40k_seed17032/fresh p1 step=32500/40000 loss=0.20134 lr=9.3e-05
[fit] 0120m/F40k_seed17032/fresh p1 step=32750/40000 loss=0.195881 lr=8.8e-05
[fit] 0120m/F40k_seed17032/fresh p1 step=33000/40000 loss=0.195648 lr=8.3e-05
[fit] 0120m/F40k_seed17032/fresh p1 step=33250/40000 loss=0.202449 lr=7.8e-05
[fit] 0120m/F40k_seed17032/fresh p1 step=33500/40000 loss=0.198828 lr=7.3e-05
[fit] 0120m/F40k_seed17032/fresh p1 step=33750/40000 loss=0.20054 lr=6.8e-05
[fit] 0120m/F40k_seed17032/fresh p1 step=34000/40000 loss=0.196427 lr=6.4e-05
[fit] 0120m/F40k_seed17032/fresh p1 step=34250/40000 loss=0.19908 lr=6e-05
[fit] 0120m/F40k_seed17032/fresh p1 step=34500/40000 loss=0.197473 lr=5.5e-05
[fit] 0120m/F40k_seed17032/fresh p1 step=34750/40000 loss=0.206249 lr=5.1e-05
[fit] 0120m/F40k_seed17032/fresh p1 step=35000/40000 loss=0.199826 lr=4.8e-05
[fit] 0120m/F40k_seed17032/fresh p1 step=35250/40000 loss=0.203534 lr=4.4e-05
[fit] 0120m/F40k_seed17032/fresh p1 step=35500/40000 loss=0.19802 lr=4.1e-05
[fit] 0120m/F40k_seed17032/fresh p1 step=35750/40000 loss=0.198273 lr=3.7e-05
[fit] 0120m/F40k_seed17032/fresh p1 step=36000/40000 loss=0.196163 lr=3.4e-05
[fit] 0120m/F40k_seed17032/fresh p1 step=36250/40000 loss=0.196248 lr=3.1e-05
[fit] 0120m/F40k_seed17032/fresh p1 step=36500/40000 loss=0.20154 lr=2.9e-05
[fit] 0120m/F40k_seed17032/fresh p1 step=36750/40000 loss=0.195983 lr=2.6e-05
[fit] 0120m/F40k_seed17032/fresh p1 step=37000/40000 loss=0.201902 lr=2.4e-05
[fit] 0120m/F40k_seed17032/fresh p1 step=37250/40000 loss=0.200397 lr=2.2e-05
[fit] 0120m/F40k_seed17032/fresh p1 step=37500/40000 loss=0.194432 lr=2e-05
[fit] 0120m/F40k_seed17032/fresh p1 step=37750/40000 loss=0.206211 lr=1.8e-05
[fit] 0120m/F40k_seed17032/fresh p1 step=38000/40000 loss=0.195851 lr=1.6e-05
[fit] 0120m/F40k_seed17032/fresh p1 step=38250/40000 loss=0.202939 lr=1.5e-05
[fit] 0120m/F40k_seed17032/fresh p1 step=38500/40000 loss=0.192796 lr=1.3e-05
[fit] 0120m/F40k_seed17032/fresh p1 step=38750/40000 loss=0.203061 lr=1.2e-05
[fit] 0120m/F40k_seed17032/fresh p1 step=39000/40000 loss=0.200691 lr=1.2e-05
[fit] 0120m/F40k_seed17032/fresh p1 step=39250/40000 loss=0.201402 lr=1.1e-05
[fit] 0120m/F40k_seed17032/fresh p1 step=39500/40000 loss=0.193299 lr=1e-05
[fit] 0120m/F40k_seed17032/fresh p1 step=39750/40000 loss=0.203353 lr=1e-05
[fit] 0120m/F40k_seed17032/fresh p1 step=40000/40000 loss=0.193693 lr=1e-05
[fit] 0120m/F40k_seed17032/fresh p2 step=250/40000 loss=0.317112 lr=0.001
[fit] 0120m/F40k_seed17032/fresh p2 step=500/40000 loss=0.260947 lr=0.001
[fit] 0120m/F40k_seed17032/fresh p2 step=750/40000 loss=0.246587 lr=0.001
[fit] 0120m/F40k_seed17032/fresh p2 step=1000/40000 loss=0.236755 lr=0.001
[fit] 0120m/F40k_seed17032/fresh p2 step=1250/40000 loss=0.231041 lr=0.001
[fit] 0120m/F40k_seed17032/fresh p2 step=1500/40000 loss=0.227234 lr=0.001
[fit] 0120m/F40k_seed17032/fresh p2 step=1750/40000 loss=0.227836 lr=0.001
[fit] 0120m/F40k_seed17032/fresh p2 step=2000/40000 loss=0.223635 lr=0.00099
[fit] 0120m/F40k_seed17032/fresh p2 step=2250/40000 loss=0.218596 lr=0.00099
[fit] 0120m/F40k_seed17032/fresh p2 step=2500/40000 loss=0.22151 lr=0.00099
[fit] 0120m/F40k_seed17032/fresh p2 step=2750/40000 loss=0.218989 lr=0.00099
[fit] 0120m/F40k_seed17032/fresh p2 step=3000/40000 loss=0.22189 lr=0.00099
[fit] 0120m/F40k_seed17032/fresh p2 step=3250/40000 loss=0.224425 lr=0.00098
[fit] 0120m/F40k_seed17032/fresh p2 step=3500/40000 loss=0.22301 lr=0.00098
[fit] 0120m/F40k_seed17032/fresh p2 step=3750/40000 loss=0.222694 lr=0.00098
[fit] 0120m/F40k_seed17032/fresh p2 step=4000/40000 loss=0.2161 lr=0.00098
[fit] 0120m/F40k_seed17032/fresh p2 step=4250/40000 loss=0.214111 lr=0.00097
[fit] 0120m/F40k_seed17032/fresh p2 step=4500/40000 loss=0.220575 lr=0.00097
[fit] 0120m/F40k_seed17032/fresh p2 step=4750/40000 loss=0.22573 lr=0.00097
[fit] 0120m/F40k_seed17032/fresh p2 step=5000/40000 loss=0.21103 lr=0.00096
[fit] 0120m/F40k_seed17032/fresh p2 step=5250/40000 loss=0.21626 lr=0.00096
[fit] 0120m/F40k_seed17032/fresh p2 step=5500/40000 loss=0.218366 lr=0.00095
[fit] 0120m/F40k_seed17032/fresh p2 step=5750/40000 loss=0.218906 lr=0.00095
[fit] 0120m/F40k_seed17032/fresh p2 step=6000/40000 loss=0.215061 lr=0.00095
[fit] 0120m/F40k_seed17032/fresh p2 step=6250/40000 loss=0.220205 lr=0.00094
[fit] 0120m/F40k_seed17032/fresh p2 step=6500/40000 loss=0.212557 lr=0.00094
[fit] 0120m/F40k_seed17032/fresh p2 step=6750/40000 loss=0.210825 lr=0.00093
[fit] 0120m/F40k_seed17032/fresh p2 step=7000/40000 loss=0.209502 lr=0.00093
[fit] 0120m/F40k_seed17032/fresh p2 step=7250/40000 loss=0.213906 lr=0.00092
[fit] 0120m/F40k_seed17032/fresh p2 step=7500/40000 loss=0.215169 lr=0.00092
[fit] 0120m/F40k_seed17032/fresh p2 step=7750/40000 loss=0.212335 lr=0.00091
[fit] 0120m/F40k_seed17032/fresh p2 step=8000/40000 loss=0.216214 lr=0.00091
[fit] 0120m/F40k_seed17032/fresh p2 step=8250/40000 loss=0.21104 lr=0.0009
[fit] 0120m/F40k_seed17032/fresh p2 step=8500/40000 loss=0.207793 lr=0.00089
[fit] 0120m/F40k_seed17032/fresh p2 step=8750/40000 loss=0.213369 lr=0.00089
[fit] 0120m/F40k_seed17032/fresh p2 step=9000/40000 loss=0.210123 lr=0.00088
[fit] 0120m/F40k_seed17032/fresh p2 step=9250/40000 loss=0.211873 lr=0.00088
[fit] 0120m/F40k_seed17032/fresh p2 step=9500/40000 loss=0.20914 lr=0.00087
[fit] 0120m/F40k_seed17032/fresh p2 step=9750/40000 loss=0.213562 lr=0.00086
[fit] 0120m/F40k_seed17032/fresh p2 step=10000/40000 loss=0.217266 lr=0.00086
[fit] 0120m/F40k_seed17032/fresh p2 step=10250/40000 loss=0.203582 lr=0.00085
[fit] 0120m/F40k_seed17032/fresh p2 step=10500/40000 loss=0.211496 lr=0.00084
[fit] 0120m/F40k_seed17032/fresh p2 step=10750/40000 loss=0.204907 lr=0.00083
[fit] 0120m/F40k_seed17032/fresh p2 step=11000/40000 loss=0.211077 lr=0.00083
[fit] 0120m/F40k_seed17032/fresh p2 step=11250/40000 loss=0.2143 lr=0.00082
[fit] 0120m/F40k_seed17032/fresh p2 step=11500/40000 loss=0.213832 lr=0.00081
[fit] 0120m/F40k_seed17032/fresh p2 step=11750/40000 loss=0.211267 lr=0.0008
[fit] 0120m/F40k_seed17032/fresh p2 step=12000/40000 loss=0.211643 lr=0.0008
[fit] 0120m/F40k_seed17032/fresh p2 step=12250/40000 loss=0.203836 lr=0.00079
[fit] 0120m/F40k_seed17032/fresh p2 step=12500/40000 loss=0.211212 lr=0.00078
[fit] 0120m/F40k_seed17032/fresh p2 step=12750/40000 loss=0.209821 lr=0.00077
[fit] 0120m/F40k_seed17032/fresh p2 step=13000/40000 loss=0.211934 lr=0.00076
[fit] 0120m/F40k_seed17032/fresh p2 step=13250/40000 loss=0.215412 lr=0.00076
[fit] 0120m/F40k_seed17032/fresh p2 step=13500/40000 loss=0.212788 lr=0.00075
[fit] 0120m/F40k_seed17032/fresh p2 step=13750/40000 loss=0.216532 lr=0.00074
[fit] 0120m/F40k_seed17032/fresh p2 step=14000/40000 loss=0.209302 lr=0.00073
[fit] 0120m/F40k_seed17032/fresh p2 step=14250/40000 loss=0.210736 lr=0.00072
[fit] 0120m/F40k_seed17032/fresh p2 step=14500/40000 loss=0.211676 lr=0.00071
[fit] 0120m/F40k_seed17032/fresh p2 step=14750/40000 loss=0.213789 lr=0.0007
[fit] 0120m/F40k_seed17032/fresh p2 step=15000/40000 loss=0.212475 lr=0.00069
[fit] 0120m/F40k_seed17032/fresh p2 step=15250/40000 loss=0.207295 lr=0.00069
[fit] 0120m/F40k_seed17032/fresh p2 step=15500/40000 loss=0.21637 lr=0.00068
[fit] 0120m/F40k_seed17032/fresh p2 step=15750/40000 loss=0.206593 lr=0.00067
[fit] 0120m/F40k_seed17032/fresh p2 step=16000/40000 loss=0.212724 lr=0.00066
[fit] 0120m/F40k_seed17032/fresh p2 step=16250/40000 loss=0.210976 lr=0.00065
[fit] 0120m/F40k_seed17032/fresh p2 step=16500/40000 loss=0.211429 lr=0.00064
[fit] 0120m/F40k_seed17032/fresh p2 step=16750/40000 loss=0.211693 lr=0.00063
[fit] 0120m/F40k_seed17032/fresh p2 step=17000/40000 loss=0.209104 lr=0.00062
[fit] 0120m/F40k_seed17032/fresh p2 step=17250/40000 loss=0.208336 lr=0.00061
[fit] 0120m/F40k_seed17032/fresh p2 step=17500/40000 loss=0.207765 lr=0.0006
[fit] 0120m/F40k_seed17032/fresh p2 step=17750/40000 loss=0.209855 lr=0.00059
[fit] 0120m/F40k_seed17032/fresh p2 step=18000/40000 loss=0.210945 lr=0.00058
[fit] 0120m/F40k_seed17032/fresh p2 step=18250/40000 loss=0.20865 lr=0.00057
[fit] 0120m/F40k_seed17032/fresh p2 step=18500/40000 loss=0.204995 lr=0.00056
[fit] 0120m/F40k_seed17032/fresh p2 step=18750/40000 loss=0.209677 lr=0.00055
[fit] 0120m/F40k_seed17032/fresh p2 step=19000/40000 loss=0.20896 lr=0.00054
[fit] 0120m/F40k_seed17032/fresh p2 step=19250/40000 loss=0.205366 lr=0.00053
[fit] 0120m/F40k_seed17032/fresh p2 step=19500/40000 loss=0.206463 lr=0.00052
[fit] 0120m/F40k_seed17032/fresh p2 step=19750/40000 loss=0.2057 lr=0.00051
[fit] 0120m/F40k_seed17032/fresh p2 step=20000/40000 loss=0.214114 lr=0.00051
[fit] 0120m/F40k_seed17032/fresh p2 step=20250/40000 loss=0.205212 lr=0.0005
[fit] 0120m/F40k_seed17032/fresh p2 step=20500/40000 loss=0.200199 lr=0.00049
[fit] 0120m/F40k_seed17032/fresh p2 step=20750/40000 loss=0.208767 lr=0.00048
[fit] 0120m/F40k_seed17032/fresh p2 step=21000/40000 loss=0.214323 lr=0.00047
[fit] 0120m/F40k_seed17032/fresh p2 step=21250/40000 loss=0.213037 lr=0.00046
[fit] 0120m/F40k_seed17032/fresh p2 step=21500/40000 loss=0.214529 lr=0.00045
[fit] 0120m/F40k_seed17032/fresh p2 step=21750/40000 loss=0.215323 lr=0.00044
[fit] 0120m/F40k_seed17032/fresh p2 step=22000/40000 loss=0.205967 lr=0.00043
[fit] 0120m/F40k_seed17032/fresh p2 step=22250/40000 loss=0.2067 lr=0.00042
[fit] 0120m/F40k_seed17032/fresh p2 step=22500/40000 loss=0.210771 lr=0.00041
[fit] 0120m/F40k_seed17032/fresh p2 step=22750/40000 loss=0.208684 lr=0.0004
[fit] 0120m/F40k_seed17032/fresh p2 step=23000/40000 loss=0.199538 lr=0.00039
[fit] 0120m/F40k_seed17032/fresh p2 step=23250/40000 loss=0.213476 lr=0.00038
[fit] 0120m/F40k_seed17032/fresh p2 step=23500/40000 loss=0.201886 lr=0.00037
[fit] 0120m/F40k_seed17032/fresh p2 step=23750/40000 loss=0.204509 lr=0.00036
[fit] 0120m/F40k_seed17032/fresh p2 step=24000/40000 loss=0.211426 lr=0.00035
[fit] 0120m/F40k_seed17032/fresh p2 step=24250/40000 loss=0.207225 lr=0.00034
[fit] 0120m/F40k_seed17032/fresh p2 step=24500/40000 loss=0.207771 lr=0.00033
[fit] 0120m/F40k_seed17032/fresh p2 step=24750/40000 loss=0.210975 lr=0.00032
[fit] 0120m/F40k_seed17032/fresh p2 step=25000/40000 loss=0.211623 lr=0.00032
[fit] 0120m/F40k_seed17032/fresh p2 step=25250/40000 loss=0.210203 lr=0.00031
[fit] 0120m/F40k_seed17032/fresh p2 step=25500/40000 loss=0.214177 lr=0.0003
[fit] 0120m/F40k_seed17032/fresh p2 step=25750/40000 loss=0.2135 lr=0.00029
[fit] 0120m/F40k_seed17032/fresh p2 step=26000/40000 loss=0.203692 lr=0.00028
[fit] 0120m/F40k_seed17032/fresh p2 step=26250/40000 loss=0.211742 lr=0.00027
[fit] 0120m/F40k_seed17032/fresh p2 step=26500/40000 loss=0.209652 lr=0.00026
[fit] 0120m/F40k_seed17032/fresh p2 step=26750/40000 loss=0.211046 lr=0.00025
[fit] 0120m/F40k_seed17032/fresh p2 step=27000/40000 loss=0.207977 lr=0.00025
[fit] 0120m/F40k_seed17032/fresh p2 step=27250/40000 loss=0.206731 lr=0.00024
[fit] 0120m/F40k_seed17032/fresh p2 step=27500/40000 loss=0.211088 lr=0.00023
[fit] 0120m/F40k_seed17032/fresh p2 step=27750/40000 loss=0.206222 lr=0.00022
[fit] 0120m/F40k_seed17032/fresh p2 step=28000/40000 loss=0.214249 lr=0.00021
[fit] 0120m/F40k_seed17032/fresh p2 step=28250/40000 loss=0.210298 lr=0.00021
[fit] 0120m/F40k_seed17032/fresh p2 step=28500/40000 loss=0.213387 lr=0.0002
[fit] 0120m/F40k_seed17032/fresh p2 step=28750/40000 loss=0.211508 lr=0.00019
[fit] 0120m/F40k_seed17032/fresh p2 step=29000/40000 loss=0.207885 lr=0.00018
[fit] 0120m/F40k_seed17032/fresh p2 step=29250/40000 loss=0.209692 lr=0.00018
[fit] 0120m/F40k_seed17032/fresh p2 step=29500/40000 loss=0.208774 lr=0.00017
[fit] 0120m/F40k_seed17032/fresh p2 step=29750/40000 loss=0.212126 lr=0.00016
[fit] 0120m/F40k_seed17032/fresh p2 step=30000/40000 loss=0.212831 lr=0.00015
[fit] 0120m/F40k_seed17032/fresh p2 step=30250/40000 loss=0.204447 lr=0.00015
[fit] 0120m/F40k_seed17032/fresh p2 step=30500/40000 loss=0.212568 lr=0.00014
[fit] 0120m/F40k_seed17032/fresh p2 step=30750/40000 loss=0.208393 lr=0.00013
[fit] 0120m/F40k_seed17032/fresh p2 step=31000/40000 loss=0.207998 lr=0.00013
[fit] 0120m/F40k_seed17032/fresh p2 step=31250/40000 loss=0.208633 lr=0.00012
[fit] 0120m/F40k_seed17032/fresh p2 step=31500/40000 loss=0.208097 lr=0.00012
[fit] 0120m/F40k_seed17032/fresh p2 step=31750/40000 loss=0.205254 lr=0.00011
[fit] 0120m/F40k_seed17032/fresh p2 step=32000/40000 loss=0.211361 lr=0.0001
[fit] 0120m/F40k_seed17032/fresh p2 step=32250/40000 loss=0.212441 lr=9.9e-05
[fit] 0120m/F40k_seed17032/fresh p2 step=32500/40000 loss=0.20528 lr=9.3e-05
[fit] 0120m/F40k_seed17032/fresh p2 step=32750/40000 loss=0.204311 lr=8.8e-05
[fit] 0120m/F40k_seed17032/fresh p2 step=33000/40000 loss=0.20652 lr=8.3e-05
[fit] 0120m/F40k_seed17032/fresh p2 step=33250/40000 loss=0.204427 lr=7.8e-05
[fit] 0120m/F40k_seed17032/fresh p2 step=33500/40000 loss=0.208339 lr=7.3e-05
[fit] 0120m/F40k_seed17032/fresh p2 step=33750/40000 loss=0.207029 lr=6.8e-05
[fit] 0120m/F40k_seed17032/fresh p2 step=34000/40000 loss=0.208433 lr=6.4e-05
[fit] 0120m/F40k_seed17032/fresh p2 step=34250/40000 loss=0.205473 lr=6e-05
[fit] 0120m/F40k_seed17032/fresh p2 step=34500/40000 loss=0.208156 lr=5.5e-05
[fit] 0120m/F40k_seed17032/fresh p2 step=34750/40000 loss=0.206238 lr=5.1e-05
[fit] 0120m/F40k_seed17032/fresh p2 step=35000/40000 loss=0.210438 lr=4.8e-05
[fit] 0120m/F40k_seed17032/fresh p2 step=35250/40000 loss=0.216308 lr=4.4e-05
[fit] 0120m/F40k_seed17032/fresh p2 step=35500/40000 loss=0.209938 lr=4.1e-05
[fit] 0120m/F40k_seed17032/fresh p2 step=35750/40000 loss=0.211106 lr=3.7e-05
[fit] 0120m/F40k_seed17032/fresh p2 step=36000/40000 loss=0.207294 lr=3.4e-05
[fit] 0120m/F40k_seed17032/fresh p2 step=36250/40000 loss=0.207094 lr=3.1e-05
[fit] 0120m/F40k_seed17032/fresh p2 step=36500/40000 loss=0.208822 lr=2.9e-05
[fit] 0120m/F40k_seed17032/fresh p2 step=36750/40000 loss=0.210101 lr=2.6e-05
[fit] 0120m/F40k_seed17032/fresh p2 step=37000/40000 loss=0.211006 lr=2.4e-05
[fit] 0120m/F40k_seed17032/fresh p2 step=37250/40000 loss=0.202931 lr=2.2e-05
[fit] 0120m/F40k_seed17032/fresh p2 step=37500/40000 loss=0.19983 lr=2e-05
[fit] 0120m/F40k_seed17032/fresh p2 step=37750/40000 loss=0.201239 lr=1.8e-05
[fit] 0120m/F40k_seed17032/fresh p2 step=38000/40000 loss=0.206855 lr=1.6e-05
[fit] 0120m/F40k_seed17032/fresh p2 step=38250/40000 loss=0.208951 lr=1.5e-05
[fit] 0120m/F40k_seed17032/fresh p2 step=38500/40000 loss=0.211151 lr=1.3e-05
[fit] 0120m/F40k_seed17032/fresh p2 step=38750/40000 loss=0.209926 lr=1.2e-05
[fit] 0120m/F40k_seed17032/fresh p2 step=39000/40000 loss=0.206678 lr=1.2e-05
[fit] 0120m/F40k_seed17032/fresh p2 step=39250/40000 loss=0.20837 lr=1.1e-05
[fit] 0120m/F40k_seed17032/fresh p2 step=39500/40000 loss=0.214097 lr=1e-05
[fit] 0120m/F40k_seed17032/fresh p2 step=39750/40000 loss=0.209764 lr=1e-05
[fit] 0120m/F40k_seed17032/fresh p2 step=40000/40000 loss=0.205961 lr=1e-05
[eval] 0120m/F40k_seed17032/fresh/40000 exploitability=0.00349877 eval_s=19.6
[arm] 0120m/F40k_seed17033/fresh seed=17033 batch=16384 loss=cross_entropy fitted=0 cuda_free_gib=2.21
[fit] 0120m/F40k_seed17033/fresh p1 step=250/40000 loss=0.2651 lr=0.001
[fit] 0120m/F40k_seed17033/fresh p1 step=500/40000 loss=0.217203 lr=0.001
[fit] 0120m/F40k_seed17033/fresh p1 step=750/40000 loss=0.204695 lr=0.001
[fit] 0120m/F40k_seed17033/fresh p1 step=1000/40000 loss=0.205804 lr=0.001
[fit] 0120m/F40k_seed17033/fresh p1 step=1250/40000 loss=0.211962 lr=0.001
[fit] 0120m/F40k_seed17033/fresh p1 step=1500/40000 loss=0.206724 lr=0.001
[fit] 0120m/F40k_seed17033/fresh p1 step=1750/40000 loss=0.200658 lr=0.001
[fit] 0120m/F40k_seed17033/fresh p1 step=2000/40000 loss=0.204801 lr=0.00099
[fit] 0120m/F40k_seed17033/fresh p1 step=2250/40000 loss=0.20431 lr=0.00099
[fit] 0120m/F40k_seed17033/fresh p1 step=2500/40000 loss=0.200701 lr=0.00099
[fit] 0120m/F40k_seed17033/fresh p1 step=2750/40000 loss=0.199821 lr=0.00099
[fit] 0120m/F40k_seed17033/fresh p1 step=3000/40000 loss=0.20044 lr=0.00099
[fit] 0120m/F40k_seed17033/fresh p1 step=3250/40000 loss=0.205765 lr=0.00098
[fit] 0120m/F40k_seed17033/fresh p1 step=3500/40000 loss=0.196898 lr=0.00098
[fit] 0120m/F40k_seed17033/fresh p1 step=3750/40000 loss=0.193709 lr=0.00098
[fit] 0120m/F40k_seed17033/fresh p1 step=4000/40000 loss=0.198941 lr=0.00098
[fit] 0120m/F40k_seed17033/fresh p1 step=4250/40000 loss=0.201397 lr=0.00097
[fit] 0120m/F40k_seed17033/fresh p1 step=4500/40000 loss=0.201261 lr=0.00097
[fit] 0120m/F40k_seed17033/fresh p1 step=4750/40000 loss=0.195794 lr=0.00097
[fit] 0120m/F40k_seed17033/fresh p1 step=5000/40000 loss=0.197194 lr=0.00096
[fit] 0120m/F40k_seed17033/fresh p1 step=5250/40000 loss=0.1999 lr=0.00096
[fit] 0120m/F40k_seed17033/fresh p1 step=5500/40000 loss=0.202137 lr=0.00095
[fit] 0120m/F40k_seed17033/fresh p1 step=5750/40000 loss=0.202756 lr=0.00095
[fit] 0120m/F40k_seed17033/fresh p1 step=6000/40000 loss=0.200106 lr=0.00095
[fit] 0120m/F40k_seed17033/fresh p1 step=6250/40000 loss=0.198563 lr=0.00094
[fit] 0120m/F40k_seed17033/fresh p1 step=6500/40000 loss=0.200738 lr=0.00094
[fit] 0120m/F40k_seed17033/fresh p1 step=6750/40000 loss=0.196419 lr=0.00093
[fit] 0120m/F40k_seed17033/fresh p1 step=7000/40000 loss=0.200421 lr=0.00093
[fit] 0120m/F40k_seed17033/fresh p1 step=7250/40000 loss=0.20293 lr=0.00092
[fit] 0120m/F40k_seed17033/fresh p1 step=7500/40000 loss=0.199863 lr=0.00092
[fit] 0120m/F40k_seed17033/fresh p1 step=7750/40000 loss=0.200189 lr=0.00091
[fit] 0120m/F40k_seed17033/fresh p1 step=8000/40000 loss=0.194509 lr=0.00091
[fit] 0120m/F40k_seed17033/fresh p1 step=8250/40000 loss=0.201347 lr=0.0009
[fit] 0120m/F40k_seed17033/fresh p1 step=8500/40000 loss=0.192633 lr=0.00089
[fit] 0120m/F40k_seed17033/fresh p1 step=8750/40000 loss=0.200756 lr=0.00089
[fit] 0120m/F40k_seed17033/fresh p1 step=9000/40000 loss=0.193616 lr=0.00088
[fit] 0120m/F40k_seed17033/fresh p1 step=9250/40000 loss=0.205367 lr=0.00088
[fit] 0120m/F40k_seed17033/fresh p1 step=9500/40000 loss=0.193903 lr=0.00087
[fit] 0120m/F40k_seed17033/fresh p1 step=9750/40000 loss=0.194159 lr=0.00086
[fit] 0120m/F40k_seed17033/fresh p1 step=10000/40000 loss=0.197972 lr=0.00086
[fit] 0120m/F40k_seed17033/fresh p1 step=10250/40000 loss=0.197707 lr=0.00085
[fit] 0120m/F40k_seed17033/fresh p1 step=10500/40000 loss=0.193197 lr=0.00084
[fit] 0120m/F40k_seed17033/fresh p1 step=10750/40000 loss=0.205046 lr=0.00083
[fit] 0120m/F40k_seed17033/fresh p1 step=11000/40000 loss=0.201734 lr=0.00083
[fit] 0120m/F40k_seed17033/fresh p1 step=11250/40000 loss=0.203318 lr=0.00082
[fit] 0120m/F40k_seed17033/fresh p1 step=11500/40000 loss=0.203668 lr=0.00081
[fit] 0120m/F40k_seed17033/fresh p1 step=11750/40000 loss=0.198645 lr=0.0008
[fit] 0120m/F40k_seed17033/fresh p1 step=12000/40000 loss=0.1921 lr=0.0008
[fit] 0120m/F40k_seed17033/fresh p1 step=12250/40000 loss=0.201984 lr=0.00079
[fit] 0120m/F40k_seed17033/fresh p1 step=12500/40000 loss=0.197304 lr=0.00078
[fit] 0120m/F40k_seed17033/fresh p1 step=12750/40000 loss=0.195612 lr=0.00077
[fit] 0120m/F40k_seed17033/fresh p1 step=13000/40000 loss=0.197493 lr=0.00076
[fit] 0120m/F40k_seed17033/fresh p1 step=13250/40000 loss=0.196734 lr=0.00076
[fit] 0120m/F40k_seed17033/fresh p1 step=13500/40000 loss=0.199269 lr=0.00075
[fit] 0120m/F40k_seed17033/fresh p1 step=13750/40000 loss=0.194113 lr=0.00074
[fit] 0120m/F40k_seed17033/fresh p1 step=14000/40000 loss=0.199271 lr=0.00073
[fit] 0120m/F40k_seed17033/fresh p1 step=14250/40000 loss=0.194688 lr=0.00072
[fit] 0120m/F40k_seed17033/fresh p1 step=14500/40000 loss=0.201327 lr=0.00071
[fit] 0120m/F40k_seed17033/fresh p1 step=14750/40000 loss=0.200628 lr=0.0007
[fit] 0120m/F40k_seed17033/fresh p1 step=15000/40000 loss=0.199355 lr=0.00069
[fit] 0120m/F40k_seed17033/fresh p1 step=15250/40000 loss=0.198124 lr=0.00069
[fit] 0120m/F40k_seed17033/fresh p1 step=15500/40000 loss=0.203465 lr=0.00068
[fit] 0120m/F40k_seed17033/fresh p1 step=15750/40000 loss=0.196903 lr=0.00067
[fit] 0120m/F40k_seed17033/fresh p1 step=16000/40000 loss=0.20689 lr=0.00066
[fit] 0120m/F40k_seed17033/fresh p1 step=16250/40000 loss=0.194518 lr=0.00065
[fit] 0120m/F40k_seed17033/fresh p1 step=16500/40000 loss=0.204062 lr=0.00064
[fit] 0120m/F40k_seed17033/fresh p1 step=16750/40000 loss=0.19644 lr=0.00063
[fit] 0120m/F40k_seed17033/fresh p1 step=17000/40000 loss=0.202279 lr=0.00062
[fit] 0120m/F40k_seed17033/fresh p1 step=17250/40000 loss=0.196987 lr=0.00061
[fit] 0120m/F40k_seed17033/fresh p1 step=17500/40000 loss=0.19946 lr=0.0006
[fit] 0120m/F40k_seed17033/fresh p1 step=17750/40000 loss=0.200131 lr=0.00059
[fit] 0120m/F40k_seed17033/fresh p1 step=18000/40000 loss=0.200606 lr=0.00058
[fit] 0120m/F40k_seed17033/fresh p1 step=18250/40000 loss=0.201162 lr=0.00057
[fit] 0120m/F40k_seed17033/fresh p1 step=18500/40000 loss=0.197909 lr=0.00056
[fit] 0120m/F40k_seed17033/fresh p1 step=18750/40000 loss=0.20219 lr=0.00055
[fit] 0120m/F40k_seed17033/fresh p1 step=19000/40000 loss=0.202811 lr=0.00054
[fit] 0120m/F40k_seed17033/fresh p1 step=19250/40000 loss=0.197444 lr=0.00053
[fit] 0120m/F40k_seed17033/fresh p1 step=19500/40000 loss=0.201536 lr=0.00052
[fit] 0120m/F40k_seed17033/fresh p1 step=19750/40000 loss=0.200887 lr=0.00051
[fit] 0120m/F40k_seed17033/fresh p1 step=20000/40000 loss=0.199487 lr=0.00051
[fit] 0120m/F40k_seed17033/fresh p1 step=20250/40000 loss=0.196545 lr=0.0005
[fit] 0120m/F40k_seed17033/fresh p1 step=20500/40000 loss=0.199098 lr=0.00049
[fit] 0120m/F40k_seed17033/fresh p1 step=20750/40000 loss=0.203086 lr=0.00048
[fit] 0120m/F40k_seed17033/fresh p1 step=21000/40000 loss=0.197313 lr=0.00047
[fit] 0120m/F40k_seed17033/fresh p1 step=21250/40000 loss=0.199941 lr=0.00046
[fit] 0120m/F40k_seed17033/fresh p1 step=21500/40000 loss=0.207328 lr=0.00045
[fit] 0120m/F40k_seed17033/fresh p1 step=21750/40000 loss=0.197083 lr=0.00044
[fit] 0120m/F40k_seed17033/fresh p1 step=22000/40000 loss=0.199124 lr=0.00043
[fit] 0120m/F40k_seed17033/fresh p1 step=22250/40000 loss=0.198271 lr=0.00042
[fit] 0120m/F40k_seed17033/fresh p1 step=22500/40000 loss=0.197259 lr=0.00041
[fit] 0120m/F40k_seed17033/fresh p1 step=22750/40000 loss=0.196136 lr=0.0004
[fit] 0120m/F40k_seed17033/fresh p1 step=23000/40000 loss=0.197958 lr=0.00039
[fit] 0120m/F40k_seed17033/fresh p1 step=23250/40000 loss=0.199997 lr=0.00038
[fit] 0120m/F40k_seed17033/fresh p1 step=23500/40000 loss=0.196771 lr=0.00037
[fit] 0120m/F40k_seed17033/fresh p1 step=23750/40000 loss=0.194494 lr=0.00036
[fit] 0120m/F40k_seed17033/fresh p1 step=24000/40000 loss=0.203698 lr=0.00035
[fit] 0120m/F40k_seed17033/fresh p1 step=24250/40000 loss=0.20395 lr=0.00034
[fit] 0120m/F40k_seed17033/fresh p1 step=24500/40000 loss=0.197476 lr=0.00033
[fit] 0120m/F40k_seed17033/fresh p1 step=24750/40000 loss=0.199873 lr=0.00032
[fit] 0120m/F40k_seed17033/fresh p1 step=25000/40000 loss=0.196633 lr=0.00032
[fit] 0120m/F40k_seed17033/fresh p1 step=25250/40000 loss=0.196412 lr=0.00031
[fit] 0120m/F40k_seed17033/fresh p1 step=25500/40000 loss=0.199141 lr=0.0003
[fit] 0120m/F40k_seed17033/fresh p1 step=25750/40000 loss=0.202854 lr=0.00029
[fit] 0120m/F40k_seed17033/fresh p1 step=26000/40000 loss=0.197923 lr=0.00028
[fit] 0120m/F40k_seed17033/fresh p1 step=26250/40000 loss=0.20049 lr=0.00027
[fit] 0120m/F40k_seed17033/fresh p1 step=26500/40000 loss=0.200537 lr=0.00026
[fit] 0120m/F40k_seed17033/fresh p1 step=26750/40000 loss=0.196202 lr=0.00025
[fit] 0120m/F40k_seed17033/fresh p1 step=27000/40000 loss=0.200288 lr=0.00025
[fit] 0120m/F40k_seed17033/fresh p1 step=27250/40000 loss=0.192512 lr=0.00024
[fit] 0120m/F40k_seed17033/fresh p1 step=27500/40000 loss=0.205572 lr=0.00023
[fit] 0120m/F40k_seed17033/fresh p1 step=27750/40000 loss=0.199792 lr=0.00022
[fit] 0120m/F40k_seed17033/fresh p1 step=28000/40000 loss=0.201393 lr=0.00021
[fit] 0120m/F40k_seed17033/fresh p1 step=28250/40000 loss=0.195279 lr=0.00021
[fit] 0120m/F40k_seed17033/fresh p1 step=28500/40000 loss=0.199107 lr=0.0002
[fit] 0120m/F40k_seed17033/fresh p1 step=28750/40000 loss=0.191614 lr=0.00019
[fit] 0120m/F40k_seed17033/fresh p1 step=29000/40000 loss=0.201734 lr=0.00018
[fit] 0120m/F40k_seed17033/fresh p1 step=29250/40000 loss=0.197795 lr=0.00018
[fit] 0120m/F40k_seed17033/fresh p1 step=29500/40000 loss=0.195156 lr=0.00017
[fit] 0120m/F40k_seed17033/fresh p1 step=29750/40000 loss=0.202397 lr=0.00016
[fit] 0120m/F40k_seed17033/fresh p1 step=30000/40000 loss=0.204303 lr=0.00015
[fit] 0120m/F40k_seed17033/fresh p1 step=30250/40000 loss=0.198845 lr=0.00015
[fit] 0120m/F40k_seed17033/fresh p1 step=30500/40000 loss=0.203067 lr=0.00014
[fit] 0120m/F40k_seed17033/fresh p1 step=30750/40000 loss=0.196874 lr=0.00013
[fit] 0120m/F40k_seed17033/fresh p1 step=31000/40000 loss=0.196614 lr=0.00013
[fit] 0120m/F40k_seed17033/fresh p1 step=31250/40000 loss=0.196279 lr=0.00012
[fit] 0120m/F40k_seed17033/fresh p1 step=31500/40000 loss=0.200712 lr=0.00012
[fit] 0120m/F40k_seed17033/fresh p1 step=31750/40000 loss=0.210232 lr=0.00011
[fit] 0120m/F40k_seed17033/fresh p1 step=32000/40000 loss=0.198008 lr=0.0001
[fit] 0120m/F40k_seed17033/fresh p1 step=32250/40000 loss=0.195089 lr=9.9e-05
[fit] 0120m/F40k_seed17033/fresh p1 step=32500/40000 loss=0.198708 lr=9.3e-05
[fit] 0120m/F40k_seed17033/fresh p1 step=32750/40000 loss=0.198436 lr=8.8e-05
[fit] 0120m/F40k_seed17033/fresh p1 step=33000/40000 loss=0.194089 lr=8.3e-05
[fit] 0120m/F40k_seed17033/fresh p1 step=33250/40000 loss=0.197398 lr=7.8e-05
[fit] 0120m/F40k_seed17033/fresh p1 step=33500/40000 loss=0.200074 lr=7.3e-05
[fit] 0120m/F40k_seed17033/fresh p1 step=33750/40000 loss=0.198201 lr=6.8e-05
[fit] 0120m/F40k_seed17033/fresh p1 step=34000/40000 loss=0.197376 lr=6.4e-05
[fit] 0120m/F40k_seed17033/fresh p1 step=34250/40000 loss=0.200793 lr=6e-05
[fit] 0120m/F40k_seed17033/fresh p1 step=34500/40000 loss=0.194023 lr=5.5e-05
[fit] 0120m/F40k_seed17033/fresh p1 step=34750/40000 loss=0.201381 lr=5.1e-05
[fit] 0120m/F40k_seed17033/fresh p1 step=35000/40000 loss=0.199627 lr=4.8e-05
[fit] 0120m/F40k_seed17033/fresh p1 step=35250/40000 loss=0.19932 lr=4.4e-05
[fit] 0120m/F40k_seed17033/fresh p1 step=35500/40000 loss=0.204949 lr=4.1e-05
[fit] 0120m/F40k_seed17033/fresh p1 step=35750/40000 loss=0.196207 lr=3.7e-05
[fit] 0120m/F40k_seed17033/fresh p1 step=36000/40000 loss=0.199151 lr=3.4e-05
[fit] 0120m/F40k_seed17033/fresh p1 step=36250/40000 loss=0.203559 lr=3.1e-05
[fit] 0120m/F40k_seed17033/fresh p1 step=36500/40000 loss=0.200317 lr=2.9e-05
[fit] 0120m/F40k_seed17033/fresh p1 step=36750/40000 loss=0.202497 lr=2.6e-05
[fit] 0120m/F40k_seed17033/fresh p1 step=37000/40000 loss=0.192649 lr=2.4e-05
[fit] 0120m/F40k_seed17033/fresh p1 step=37250/40000 loss=0.19794 lr=2.2e-05
[fit] 0120m/F40k_seed17033/fresh p1 step=37500/40000 loss=0.19715 lr=2e-05
[fit] 0120m/F40k_seed17033/fresh p1 step=37750/40000 loss=0.20435 lr=1.8e-05
[fit] 0120m/F40k_seed17033/fresh p1 step=38000/40000 loss=0.199848 lr=1.6e-05
[fit] 0120m/F40k_seed17033/fresh p1 step=38250/40000 loss=0.197701 lr=1.5e-05
[fit] 0120m/F40k_seed17033/fresh p1 step=38500/40000 loss=0.197717 lr=1.3e-05
[fit] 0120m/F40k_seed17033/fresh p1 step=38750/40000 loss=0.196451 lr=1.2e-05
[fit] 0120m/F40k_seed17033/fresh p1 step=39000/40000 loss=0.200433 lr=1.2e-05
[fit] 0120m/F40k_seed17033/fresh p1 step=39250/40000 loss=0.19793 lr=1.1e-05
[fit] 0120m/F40k_seed17033/fresh p1 step=39500/40000 loss=0.196495 lr=1e-05
[fit] 0120m/F40k_seed17033/fresh p1 step=39750/40000 loss=0.201758 lr=1e-05
[fit] 0120m/F40k_seed17033/fresh p1 step=40000/40000 loss=0.201871 lr=1e-05
[fit] 0120m/F40k_seed17033/fresh p2 step=250/40000 loss=0.309086 lr=0.001
[fit] 0120m/F40k_seed17033/fresh p2 step=500/40000 loss=0.264006 lr=0.001
[fit] 0120m/F40k_seed17033/fresh p2 step=750/40000 loss=0.250956 lr=0.001
[fit] 0120m/F40k_seed17033/fresh p2 step=1000/40000 loss=0.237312 lr=0.001
[fit] 0120m/F40k_seed17033/fresh p2 step=1250/40000 loss=0.239122 lr=0.001
[fit] 0120m/F40k_seed17033/fresh p2 step=1500/40000 loss=0.230132 lr=0.001
[fit] 0120m/F40k_seed17033/fresh p2 step=1750/40000 loss=0.229885 lr=0.001
[fit] 0120m/F40k_seed17033/fresh p2 step=2000/40000 loss=0.221193 lr=0.00099
[fit] 0120m/F40k_seed17033/fresh p2 step=2250/40000 loss=0.21989 lr=0.00099
[fit] 0120m/F40k_seed17033/fresh p2 step=2500/40000 loss=0.223278 lr=0.00099
[fit] 0120m/F40k_seed17033/fresh p2 step=2750/40000 loss=0.214356 lr=0.00099
[fit] 0120m/F40k_seed17033/fresh p2 step=3000/40000 loss=0.216208 lr=0.00099
[fit] 0120m/F40k_seed17033/fresh p2 step=3250/40000 loss=0.213248 lr=0.00098
[fit] 0120m/F40k_seed17033/fresh p2 step=3500/40000 loss=0.207139 lr=0.00098
[fit] 0120m/F40k_seed17033/fresh p2 step=3750/40000 loss=0.216107 lr=0.00098
[fit] 0120m/F40k_seed17033/fresh p2 step=4000/40000 loss=0.214399 lr=0.00098
[fit] 0120m/F40k_seed17033/fresh p2 step=4250/40000 loss=0.211621 lr=0.00097
[fit] 0120m/F40k_seed17033/fresh p2 step=4500/40000 loss=0.21733 lr=0.00097
[fit] 0120m/F40k_seed17033/fresh p2 step=4750/40000 loss=0.212567 lr=0.00097
[fit] 0120m/F40k_seed17033/fresh p2 step=5000/40000 loss=0.218985 lr=0.00096
[fit] 0120m/F40k_seed17033/fresh p2 step=5250/40000 loss=0.220756 lr=0.00096
[fit] 0120m/F40k_seed17033/fresh p2 step=5500/40000 loss=0.208659 lr=0.00095
[fit] 0120m/F40k_seed17033/fresh p2 step=5750/40000 loss=0.211582 lr=0.00095
[fit] 0120m/F40k_seed17033/fresh p2 step=6000/40000 loss=0.21041 lr=0.00095
[fit] 0120m/F40k_seed17033/fresh p2 step=6250/40000 loss=0.209911 lr=0.00094
[fit] 0120m/F40k_seed17033/fresh p2 step=6500/40000 loss=0.215142 lr=0.00094
[fit] 0120m/F40k_seed17033/fresh p2 step=6750/40000 loss=0.217517 lr=0.00093
[fit] 0120m/F40k_seed17033/fresh p2 step=7000/40000 loss=0.214503 lr=0.00093
[fit] 0120m/F40k_seed17033/fresh p2 step=7250/40000 loss=0.20767 lr=0.00092
[fit] 0120m/F40k_seed17033/fresh p2 step=7500/40000 loss=0.21032 lr=0.00092
[fit] 0120m/F40k_seed17033/fresh p2 step=7750/40000 loss=0.208445 lr=0.00091
[fit] 0120m/F40k_seed17033/fresh p2 step=8000/40000 loss=0.214358 lr=0.00091
[fit] 0120m/F40k_seed17033/fresh p2 step=8250/40000 loss=0.210443 lr=0.0009
[fit] 0120m/F40k_seed17033/fresh p2 step=8500/40000 loss=0.209427 lr=0.00089
[fit] 0120m/F40k_seed17033/fresh p2 step=8750/40000 loss=0.210917 lr=0.00089
[fit] 0120m/F40k_seed17033/fresh p2 step=9000/40000 loss=0.210911 lr=0.00088
[fit] 0120m/F40k_seed17033/fresh p2 step=9250/40000 loss=0.211706 lr=0.00088
[fit] 0120m/F40k_seed17033/fresh p2 step=9500/40000 loss=0.212892 lr=0.00087
[fit] 0120m/F40k_seed17033/fresh p2 step=9750/40000 loss=0.211924 lr=0.00086
[fit] 0120m/F40k_seed17033/fresh p2 step=10000/40000 loss=0.209648 lr=0.00086
[fit] 0120m/F40k_seed17033/fresh p2 step=10250/40000 loss=0.219161 lr=0.00085
[fit] 0120m/F40k_seed17033/fresh p2 step=10500/40000 loss=0.204301 lr=0.00084
[fit] 0120m/F40k_seed17033/fresh p2 step=10750/40000 loss=0.202533 lr=0.00083
[fit] 0120m/F40k_seed17033/fresh p2 step=11000/40000 loss=0.207016 lr=0.00083
[fit] 0120m/F40k_seed17033/fresh p2 step=11250/40000 loss=0.209986 lr=0.00082
[fit] 0120m/F40k_seed17033/fresh p2 step=11500/40000 loss=0.217678 lr=0.00081
[fit] 0120m/F40k_seed17033/fresh p2 step=11750/40000 loss=0.205921 lr=0.0008
[fit] 0120m/F40k_seed17033/fresh p2 step=12000/40000 loss=0.208031 lr=0.0008
[fit] 0120m/F40k_seed17033/fresh p2 step=12250/40000 loss=0.21039 lr=0.00079
[fit] 0120m/F40k_seed17033/fresh p2 step=12500/40000 loss=0.208029 lr=0.00078
[fit] 0120m/F40k_seed17033/fresh p2 step=12750/40000 loss=0.205849 lr=0.00077
[fit] 0120m/F40k_seed17033/fresh p2 step=13000/40000 loss=0.213617 lr=0.00076
[fit] 0120m/F40k_seed17033/fresh p2 step=13250/40000 loss=0.207415 lr=0.00076
[fit] 0120m/F40k_seed17033/fresh p2 step=13500/40000 loss=0.208971 lr=0.00075
[fit] 0120m/F40k_seed17033/fresh p2 step=13750/40000 loss=0.211498 lr=0.00074
[fit] 0120m/F40k_seed17033/fresh p2 step=14000/40000 loss=0.208004 lr=0.00073
[fit] 0120m/F40k_seed17033/fresh p2 step=14250/40000 loss=0.215582 lr=0.00072
[fit] 0120m/F40k_seed17033/fresh p2 step=14500/40000 loss=0.211922 lr=0.00071
[fit] 0120m/F40k_seed17033/fresh p2 step=14750/40000 loss=0.210109 lr=0.0007
[fit] 0120m/F40k_seed17033/fresh p2 step=15000/40000 loss=0.210368 lr=0.00069
[fit] 0120m/F40k_seed17033/fresh p2 step=15250/40000 loss=0.210589 lr=0.00069
[fit] 0120m/F40k_seed17033/fresh p2 step=15500/40000 loss=0.211453 lr=0.00068
[fit] 0120m/F40k_seed17033/fresh p2 step=15750/40000 loss=0.209818 lr=0.00067
[fit] 0120m/F40k_seed17033/fresh p2 step=16000/40000 loss=0.213005 lr=0.00066
[fit] 0120m/F40k_seed17033/fresh p2 step=16250/40000 loss=0.204558 lr=0.00065
[fit] 0120m/F40k_seed17033/fresh p2 step=16500/40000 loss=0.206209 lr=0.00064
[fit] 0120m/F40k_seed17033/fresh p2 step=16750/40000 loss=0.212321 lr=0.00063
[fit] 0120m/F40k_seed17033/fresh p2 step=17000/40000 loss=0.206422 lr=0.00062
[fit] 0120m/F40k_seed17033/fresh p2 step=17250/40000 loss=0.214006 lr=0.00061
[fit] 0120m/F40k_seed17033/fresh p2 step=17500/40000 loss=0.219652 lr=0.0006
[fit] 0120m/F40k_seed17033/fresh p2 step=17750/40000 loss=0.210489 lr=0.00059
[fit] 0120m/F40k_seed17033/fresh p2 step=18000/40000 loss=0.207245 lr=0.00058
[fit] 0120m/F40k_seed17033/fresh p2 step=18250/40000 loss=0.208011 lr=0.00057
[fit] 0120m/F40k_seed17033/fresh p2 step=18500/40000 loss=0.212257 lr=0.00056
[fit] 0120m/F40k_seed17033/fresh p2 step=18750/40000 loss=0.207728 lr=0.00055
[fit] 0120m/F40k_seed17033/fresh p2 step=19000/40000 loss=0.20565 lr=0.00054
[fit] 0120m/F40k_seed17033/fresh p2 step=19250/40000 loss=0.212449 lr=0.00053
[fit] 0120m/F40k_seed17033/fresh p2 step=19500/40000 loss=0.212585 lr=0.00052
[fit] 0120m/F40k_seed17033/fresh p2 step=19750/40000 loss=0.20076 lr=0.00051
[fit] 0120m/F40k_seed17033/fresh p2 step=20000/40000 loss=0.212019 lr=0.00051
[fit] 0120m/F40k_seed17033/fresh p2 step=20250/40000 loss=0.209093 lr=0.0005
[fit] 0120m/F40k_seed17033/fresh p2 step=20500/40000 loss=0.209709 lr=0.00049
[fit] 0120m/F40k_seed17033/fresh p2 step=20750/40000 loss=0.207306 lr=0.00048
[fit] 0120m/F40k_seed17033/fresh p2 step=21000/40000 loss=0.211084 lr=0.00047
[fit] 0120m/F40k_seed17033/fresh p2 step=21250/40000 loss=0.216917 lr=0.00046
[fit] 0120m/F40k_seed17033/fresh p2 step=21500/40000 loss=0.218519 lr=0.00045
[fit] 0120m/F40k_seed17033/fresh p2 step=21750/40000 loss=0.208862 lr=0.00044
[fit] 0120m/F40k_seed17033/fresh p2 step=22000/40000 loss=0.211553 lr=0.00043
[fit] 0120m/F40k_seed17033/fresh p2 step=22250/40000 loss=0.208181 lr=0.00042
[fit] 0120m/F40k_seed17033/fresh p2 step=22500/40000 loss=0.212431 lr=0.00041
[fit] 0120m/F40k_seed17033/fresh p2 step=22750/40000 loss=0.21056 lr=0.0004
[fit] 0120m/F40k_seed17033/fresh p2 step=23000/40000 loss=0.211144 lr=0.00039
[fit] 0120m/F40k_seed17033/fresh p2 step=23250/40000 loss=0.20669 lr=0.00038
[fit] 0120m/F40k_seed17033/fresh p2 step=23500/40000 loss=0.205807 lr=0.00037
[fit] 0120m/F40k_seed17033/fresh p2 step=23750/40000 loss=0.203705 lr=0.00036
[fit] 0120m/F40k_seed17033/fresh p2 step=24000/40000 loss=0.217371 lr=0.00035
[fit] 0120m/F40k_seed17033/fresh p2 step=24250/40000 loss=0.208376 lr=0.00034
[fit] 0120m/F40k_seed17033/fresh p2 step=24500/40000 loss=0.212184 lr=0.00033
[fit] 0120m/F40k_seed17033/fresh p2 step=24750/40000 loss=0.207797 lr=0.00032
[fit] 0120m/F40k_seed17033/fresh p2 step=25000/40000 loss=0.206777 lr=0.00032
[fit] 0120m/F40k_seed17033/fresh p2 step=25250/40000 loss=0.211102 lr=0.00031
[fit] 0120m/F40k_seed17033/fresh p2 step=25500/40000 loss=0.211832 lr=0.0003
[fit] 0120m/F40k_seed17033/fresh p2 step=25750/40000 loss=0.209049 lr=0.00029
[fit] 0120m/F40k_seed17033/fresh p2 step=26000/40000 loss=0.206846 lr=0.00028
[fit] 0120m/F40k_seed17033/fresh p2 step=26250/40000 loss=0.20812 lr=0.00027
[fit] 0120m/F40k_seed17033/fresh p2 step=26500/40000 loss=0.204822 lr=0.00026
[fit] 0120m/F40k_seed17033/fresh p2 step=26750/40000 loss=0.204712 lr=0.00025
[fit] 0120m/F40k_seed17033/fresh p2 step=27000/40000 loss=0.20516 lr=0.00025
[fit] 0120m/F40k_seed17033/fresh p2 step=27250/40000 loss=0.215419 lr=0.00024
[fit] 0120m/F40k_seed17033/fresh p2 step=27500/40000 loss=0.211409 lr=0.00023
[fit] 0120m/F40k_seed17033/fresh p2 step=27750/40000 loss=0.208735 lr=0.00022
[fit] 0120m/F40k_seed17033/fresh p2 step=28000/40000 loss=0.209882 lr=0.00021
[fit] 0120m/F40k_seed17033/fresh p2 step=28250/40000 loss=0.208506 lr=0.00021
[fit] 0120m/F40k_seed17033/fresh p2 step=28500/40000 loss=0.217505 lr=0.0002
[fit] 0120m/F40k_seed17033/fresh p2 step=28750/40000 loss=0.202387 lr=0.00019
[fit] 0120m/F40k_seed17033/fresh p2 step=29000/40000 loss=0.206074 lr=0.00018
[fit] 0120m/F40k_seed17033/fresh p2 step=29250/40000 loss=0.210335 lr=0.00018
[fit] 0120m/F40k_seed17033/fresh p2 step=29500/40000 loss=0.211774 lr=0.00017
[fit] 0120m/F40k_seed17033/fresh p2 step=29750/40000 loss=0.210965 lr=0.00016
[fit] 0120m/F40k_seed17033/fresh p2 step=30000/40000 loss=0.206049 lr=0.00015
[fit] 0120m/F40k_seed17033/fresh p2 step=30250/40000 loss=0.207054 lr=0.00015
[fit] 0120m/F40k_seed17033/fresh p2 step=30500/40000 loss=0.208282 lr=0.00014
[fit] 0120m/F40k_seed17033/fresh p2 step=30750/40000 loss=0.211504 lr=0.00013
[fit] 0120m/F40k_seed17033/fresh p2 step=31000/40000 loss=0.214708 lr=0.00013
[fit] 0120m/F40k_seed17033/fresh p2 step=31250/40000 loss=0.213051 lr=0.00012
[fit] 0120m/F40k_seed17033/fresh p2 step=31500/40000 loss=0.205496 lr=0.00012
[fit] 0120m/F40k_seed17033/fresh p2 step=31750/40000 loss=0.216362 lr=0.00011
[fit] 0120m/F40k_seed17033/fresh p2 step=32000/40000 loss=0.217887 lr=0.0001
[fit] 0120m/F40k_seed17033/fresh p2 step=32250/40000 loss=0.20762 lr=9.9e-05
[fit] 0120m/F40k_seed17033/fresh p2 step=32500/40000 loss=0.206053 lr=9.3e-05
[fit] 0120m/F40k_seed17033/fresh p2 step=32750/40000 loss=0.206509 lr=8.8e-05
[fit] 0120m/F40k_seed17033/fresh p2 step=33000/40000 loss=0.209216 lr=8.3e-05
[fit] 0120m/F40k_seed17033/fresh p2 step=33250/40000 loss=0.205188 lr=7.8e-05
[fit] 0120m/F40k_seed17033/fresh p2 step=33500/40000 loss=0.211631 lr=7.3e-05
[fit] 0120m/F40k_seed17033/fresh p2 step=33750/40000 loss=0.216376 lr=6.8e-05
[fit] 0120m/F40k_seed17033/fresh p2 step=34000/40000 loss=0.207399 lr=6.4e-05
[fit] 0120m/F40k_seed17033/fresh p2 step=34250/40000 loss=0.202886 lr=6e-05
[fit] 0120m/F40k_seed17033/fresh p2 step=34500/40000 loss=0.208111 lr=5.5e-05
[fit] 0120m/F40k_seed17033/fresh p2 step=34750/40000 loss=0.205431 lr=5.1e-05
[fit] 0120m/F40k_seed17033/fresh p2 step=35000/40000 loss=0.216839 lr=4.8e-05
[fit] 0120m/F40k_seed17033/fresh p2 step=35250/40000 loss=0.216535 lr=4.4e-05
[fit] 0120m/F40k_seed17033/fresh p2 step=35500/40000 loss=0.212481 lr=4.1e-05
[fit] 0120m/F40k_seed17033/fresh p2 step=35750/40000 loss=0.207526 lr=3.7e-05
[fit] 0120m/F40k_seed17033/fresh p2 step=36000/40000 loss=0.215127 lr=3.4e-05
[fit] 0120m/F40k_seed17033/fresh p2 step=36250/40000 loss=0.209001 lr=3.1e-05
[fit] 0120m/F40k_seed17033/fresh p2 step=36500/40000 loss=0.212125 lr=2.9e-05
[fit] 0120m/F40k_seed17033/fresh p2 step=36750/40000 loss=0.211151 lr=2.6e-05
[fit] 0120m/F40k_seed17033/fresh p2 step=37000/40000 loss=0.21602 lr=2.4e-05
[fit] 0120m/F40k_seed17033/fresh p2 step=37250/40000 loss=0.209715 lr=2.2e-05
[fit] 0120m/F40k_seed17033/fresh p2 step=37500/40000 loss=0.209262 lr=2e-05
[fit] 0120m/F40k_seed17033/fresh p2 step=37750/40000 loss=0.208063 lr=1.8e-05
[fit] 0120m/F40k_seed17033/fresh p2 step=38000/40000 loss=0.212414 lr=1.6e-05
[fit] 0120m/F40k_seed17033/fresh p2 step=38250/40000 loss=0.208163 lr=1.5e-05
[fit] 0120m/F40k_seed17033/fresh p2 step=38500/40000 loss=0.211688 lr=1.3e-05
[fit] 0120m/F40k_seed17033/fresh p2 step=38750/40000 loss=0.213256 lr=1.2e-05
[fit] 0120m/F40k_seed17033/fresh p2 step=39000/40000 loss=0.210001 lr=1.2e-05
[fit] 0120m/F40k_seed17033/fresh p2 step=39250/40000 loss=0.211836 lr=1.1e-05
[fit] 0120m/F40k_seed17033/fresh p2 step=39500/40000 loss=0.208314 lr=1e-05
[fit] 0120m/F40k_seed17033/fresh p2 step=39750/40000 loss=0.209501 lr=1e-05
[fit] 0120m/F40k_seed17033/fresh p2 step=40000/40000 loss=0.212885 lr=1e-05
[eval] 0120m/F40k_seed17033/fresh/40000 exploitability=0.00357653 eval_s=19.0
